garde#CODE;ENGLISH;FRENCH;GERMAN;;SPANISH;;;;;;;;;x
k_title;Title;Title;Title;;Title;;;;;;;;;x
k_title_adj;Title;Title;Title;;Title;;;;;;;;;x
british;Pryton;;;;;;;;;x
wallachian;Muntean;;;;;;;;;;;;;x
arvanitika;Arvanitika;;;;;;;;;;;;;x
transylvanian;Ardelean;;;;;;;;;;;;;x
transnistrian;Eastern Romance;;;;;;;;;x;;;;
transnistrian_opinion;Eastern Romance Opinion;;;;;;;;;x;;;;
adessite;Ucranean;;;;;;;;;x;;;;
romanian;Romana;Romanian;Romanian;;Romanian;;;;;;;;;x
lichtensteiner;Liechtensteiner;Liechtensteiner;Liechtensteiner;;Liechtensteiner;;;;;;;;;x
sevillian;Sevillian;;;;;;;;;x
romani;Roma;;;;;;;;;x
brittannic;Brittannic;Brittannic;Brittannic;;Brittannic;;;;;;;;;x
austrian;Osterreichisch;Austrian;Austrian;;Austrian;;;;;;;;;x
armenian_group;Armenianophone;;;;;;;;;x
pomoran;Pomorskiy;;;;;;;;;x
amriqi;Amriqi;;;;;;;;;x
hadramauti;Hadhrami;x
malay_group;Malayic;x
iban_dayakic;Iban-Dayakic;x
aslian;Aslian;x
borneonic;Borneonic;x
bali_sumbawa;Bali-Sumbawa;x
bandanic;Bandanic;x
mbojo;Mbojo;x
humba;Humba;x
samawa;Samawa;x
sumatric;Sumatric;x
segai;Segai;x
singapura;Singapura;x
malay;Malay;x
cina;Cina;x
nias;Nias;x
simoloe;Simoloe;x
mantawai;Mantawai;x
semelai;Semelai;x
temiar;Temiar;x
xinan;Xinan;;;;;;;;;;;;x
qiangic;Qiangic;;;;;;;;;;;;x
rrmea;Rrmea;;;;;;;;;;;;x
jiang_huai;Jiang-Huai;;;;;;;;;;;;x
zhongyang;Zhongyuan;;;;;;;;;;;;x
lan_yin;Lan-Yin;;;;;;;;;;;;x
dongbei;Dongbei;;;;;;;;;;;;x
beijing;Beijingren;;;;;;;;;;;;x
taiwanese;Taiwanren;;;;;;;;;;;;x
jiao_liao;Jiao-Liao;;;;;;;;;;;;x
ji_lu;Ji-Lu;;;;;;;;;;;;x
jin;Jin;;;;;;;;;;;;x
manchurian;Manzhou;;;;;;;;;;;;x
keninjal;Keninjal;x
seberuang;Seberuang;x
kutainese;Kutainese;x
lawangan;Lawangan;x
goidelic;Goidelic;;;;;;;;;;x
brythonic;Brythonic;;;;;;;;;;x
aceh;Aceh;x
batak;Batak;x
minangkabau;Minangkabau;x
duano;Duano;x
jambi_malay;Jambi Malay;x
musi;Musi;x
bangka;Bangka;x
java;Java;x
bali;Bali;x
madura;Madura;x
kadazan;Kadazan;x
brunei;Brunei;x
iban;Iban;x
punan;Punan;x
kendayan;Kendayan;x
hokkien;Hokkien;x
dayak;Dayak;x
banjar;Banjar;x
ot_danum;Ot Danum;x
ngaju;Ngaju;x
kenyah;Kenyah;x
penan;Penan;x
murut;Murut;x
morisco;Morisco;;;;;;;;;x
gallo;Galo;;;;;;;;;x
senufo;Senufo;;;;;;;;;x
arbereshe;Arbëreshë;;;;;;;;;x
altaic_hellene;Altaic Hellene;;;;;;;;;x
grekter;Grekter;;;;;;;;;x
dagur;Dagur;;;;;;;;;x
oroqen;Oroqen;;;;;;;;;x
udege;Udege;;;;;;;;;x
baggara;Baggara;;;;;;;;;x
macedonian;Makedonsk;;;;;;;;;x
aromanian;Rramanji;;;;;;;;;;;;;x
skanian;Skansk;;;;;;;;;x
belgian;Belgesh;;;;;;;;;x
blorgian;Blorgian;;;;;;;;;x
blorger;Blorger;;;;;;;;;x
nisu;Nisu;;;;;;;;;x
nuosu;Nuosu;;;;;;;;;x
naxi;Naxi;;;;;;;;;x
mongrzzirhof;Mongrzzirhof;;;;;;;;;x
tanjia;Tanjia;;;;;;;;;x
lue;Lue;;;;;;;;;x
bouyei;Bouyei;;;;;;;;;x
gaoshan;Gaoshan;;;;;;;;;x
palaung;Palaung;;;;;;;;;x
choni;Choni;;;;;;;;;x
luxembourgish;Lexembuergesh;;;;;;;;;;x
chungyangren;Chungyangren;;;;;;;;;;x
gutnish;Gutnsk;;;;;;;;;;x
jamtlandish;Jaamtsk;;;;;;;;;;x
andalusian_arabic;Andilsii;;;;;;;;;;x
far_west_indo_aryan_group;Far Western Indo-Aryan;;;;;;;;x
zaza;Zazaki;;;;;;;;;;x
pondicherien;Pondicherien;;;;;;;;;;x
altaic_caucasian;Altaic Caucasian;;;;;;;;;;x
armyan;Armyan;;;;;;;;;;x
maronite;Marunii;;;;;;;;;;x
mandaeans;Nasurai;;;;;;;;;;x
aramaic;Turoya;;;;;;;;;;x
mazanish;Mazani;;;;;;;;;;x
lurish;Luri;;;;;;;;;;x
dardic;Dardic;;;;;;;;;;x
bagheli;Bagheli;;;;;;;;;;x
chhattisgarhi;Chhattisgarhi;;;;;;;;;;x
bhili;Bhili;;;;;;;;;;x
northern_dravidian_group;Northern Dravidian;;;;;;;;;;x
eastern_dravidian_group;Eastern Dravidian;;;;;;;;;;x
southern_dravidian_group;Southern Dravidian;;;;;;;;;;x
kashmiri;Kashmiri;;;;;;;;;;x
kurukh;Kurukh;;;;;;;;;;x
gondi;Gondi;;;;;;;;;;x
bihari;Bihari;;;;;;;;;;x
andamani;Andamani;;;;;;;;;;x
egyptian;Egyptian;;;;;;;;;;x
bambara;Bamana;;;;;;;;;x
dinka;Jieng;;;;;;;;;x
nuer;Naath;;;;;;;;;x
beja;Oobja;;;;;;;;;x
tedaga;Teda;;;;;;;;;x
zaghawa;Beri;;;;;;;;;x
nilotic;Nilotic;;;;;;;;;x
mande;Mande;;;;;;;;;x
yue;Yue;;;;;;;;;x
xiang;Xiang;;;;;;;;;x
hakka;Hakka;;;;;;;;;x
min_nan;Min-Nan;;;;;;;;;x
min_zhong;Min-Zhong;;;;;;;;;x
min_dong;Min-Dong;;;;;;;;;x
min_bei;Min-Bei;;;;;;;;;x
gan;Gan;;;;;;;;;x
huizhou;Huizhou;;;;;;;;;x
wu;Wu;;;;;;;;;x
south_chinese_group;Southern Chinese;;;;;;;;;x
south_chinese_group_opinion;Southern Chinese Opinion;;;;;;;;;x
chinese_group_opinion;Northern Chinese Opinion;;;;;;;;;x
saharan;Saharan;;;;;;;;;x
east_african;Ethiopic;;;;;;;;;x;;;;
cushitic;Cushitic;;;;;;;;;x;;;;
afari;Afari;;;;;;;;;x
oromos;Oromos;;;;;;;;;x
tigray;Tigray;;;;;;;;;x
eastern_sudanic;Eastern Sudanic;;;;;;;;;x
abbala_arabic;Abbala Arabic;;;;;;;;;x
senegambian;Senegambian;;;;;;;;;x
mossi;Mooaga;;;;;;;;;x
xibe;Xibe;;;;;;;;;x
soussou;Susu;;;;;;;;;x
gourma;Bigourmantcheba;;;;;;;;;x
muscovite;Moskovskiy;;;;;;;;;x
yuzhane;Smolenskiy;;;;;;;;;x
rus_cossack;Kazak;;;;;;;;;x
kosak;Kosak;;;;;;;;;x
pietrovan;Piterskiy;;;;;;;;;x
swiss;Swisch;;;;;;;;;x
socotri;Soqotri;;;;;;;;;x
picard;Picard;;;;;;;;;x
afghan;Pashtun;;;;;;;;;x
traveller;Lucht Siúil;;;;;;;;;x
scots;Scots;;;;;;;;;x
new_english;English;;;;;;;;;x
romaniote;Romaniote;;;;;;;;;x
russim;Russi;;;;;;;;;x
parsim;Yehudi Parsi;;;;;;;;;x
bukharim;Bukhari;;;;;;;;;x
italkim;Italki;;;;;;;;;x
menashe;Hodi;;;;;;;;;x
originaires;Originaires;;;;;;;;;x
kipchak;Kipchak Turkic;;;;;;;;;x
karluk;Karluk Turkic;;;;;;;;;x
arghu;Tungusic;;;;;;;;;x
oghuz;Oghuz Turkic;;;;;;;;;x
oghur;Oghur Turkic;;;;;;;;;x
scouse;Scwusysh;;;;;;;;;x
gorale;Góralski;;;;;;;;;x
southener;Swuthyryg;;;;;;;;;x
wolof;Wolof;;;;;;;;;x
serer;Serer;;;;;;;;;x
toucouleur;Futa Tooro;;;;;;;;;x
mandinka;Mandinka;;;;;;;;;x
provencal;Provençal;;;;;;;;;x
rusyn;Rusynskiy;;;;;;;;;x
altaic_germanic;Altaic Germanic;;;;;;;;;x
far_east_slavic;Far East Slavic;;;;;;;;;x
bavarian;Bayerisch;Bavarian;Bavarian;;Bavarian;;;;;;;;;x
rheinlander;Rheinisch;;;;;;;;;x
brandenburger;Brandenburgisch;;;;;;;;;;x
swabian;Schwabisch;Swabian;Swabian;;Swabian;;;;;;;;;x
prussian;Pommersch;;;;;;;;;x
berliner;Berliner;Berliner;Berliner;;Berliner;;;;;;;;;x
danzigian;Danzigian;Danzigian;Danzigian;;Danzigian;;;;;;;;;x
lietuvininkai;Lietuvininkai;;;;;;;;;x
schleswigvolk;Schleswigvolk;Schleswigvolk;Schleswigvolk;;Schleswigvolk;;;;;;;;;x
germanic;Central Germanic;;;;;;;;;x
germanic_opinion;Central Germanic Opinion;;;;;;;;;x
hessian_opinion;[hessian.GetName] Opinion;;;;;;;;;x
solar_opinion;[solar.GetName] Opinion;;;;;;;;;x
kemetic_opinion;[kemetic.GetName] Opinion;;;;;;;;;x
amunite_opinion;[amunite.GetName] Opinion;;;;;;;;;x
farlander;Farlander;Farlander;Farlander;;Farlander;;;;;;;;;x
french;Métropolitain;;;;;;;;;;;;;x
occitan;Asciton;;;;;;;;;;;;;x
marocain;Beur;;;;;;;;;;;;;x
gascon;Gascon;;;;;;;;;;;;;x
jugoslavi;Jugoslavenski;;;;;;;;;x
corsu;Corsu;Corsu;Corsu;;Corsu;;;;;;;;;x
francophone;Francophone;;;;;;;;;;x
apeninian;Italophone;;;;;;;;;x
sard;Sard;Sard;Sard;;Sard;;;;;;;;;x
sicilian;Sicilano;Sicilian;Sicilian;;Sicilian;;;;;;;;;x
low_german;Plattdüütsch;;;;;;;;;x
saxon;Sassisch;;;;;;;;;;;;;x
castilian;Castellano;Castilian;Castilian;;Castilian;;;;;;;;;x
galician;Galego;Galician;Galician;;Galician;;;;;;;;;x
argonese;Argones;Argonese;Argonese;;Argonese;;;;;;;;;x
andalusian;Andalu;Andalusian;Andalusian;;Andalusian;;;;;;;;;x
asturian;Asturianu;Asturian;Asturian;;Asturian;;;;;;;;;x
extrameduran;Estremeño;Extrameduran;Extrameduran;;Extrameduran;;;;;;;;;x
nord;North Germanic;;;;;;;;;x
islander;Islander;Islander;Islander;;Islander;;;;;;;;;x
slovenian;Slovenski;;;;;;;;;x
west_german;Weser-Rhine Germanic;;;;;;;;;;x
lorraine;Lourene;;;;;;;;;;x
west_german_opinion;Weser-Rhine Germanic Opinion;;;;;;;;;;x
czech;Cesky;Czech;Czech;;Czech;;;;;;;;;x
ukrainer;Ukraïnskiy;;;;;;;;;x
cossack;Kozak;;;;;;;;;x
aragonese;Aragones;Aragonese;Aragonese;;Aragonese;;;;;;;;;x
sanmarinese;San Marinese;San Marinese;San Marinese;;San Marinese;;;;;;;;;x
israeli;Ivri;Ivri;Ivri;;Ivri;;;;;;;;;x
yemeni;Yamani;;;;;;;;;x
omani;'Umani;;;;;;;;;x
iraqi;'Iraqi;;;;;;;;;x
hazar;Hazari;;;;;;;;;x
persian;Farsi;;;;;;;;;x
kazakh;Batistiq;;;;;;;;;x
alagol;Shigistiq;;;;;;;;;x
ontustani;Ontustani;;;;;;;;;x
anatolian_group;Anatolian;;;;;;;;;x
aral_group;Aral;;;;;;;;;x
old_welsh;Cymraeg;;;;;;;;;x
shilluk;Shilluk;;;;;;;;;x
masalit;Masalit;;;;;;;;;x
nuba;Nuba;;;;;;;;;x
nobii;Nobii;;;;;;;;;x
westlander;Weslander;;;;;;;;;x
eastlander;Easlander;;;;;;;;;x
northlander;Norflander;;;;;;;;;x
bielaruskaja;Bielaruski;;;;;;;;;x
cypriote;Kyprioi;;;;;;;;;x
khorasani;Hrasany;;;;;;;;;x
azerbaijani;Azerbaycan;;;;;;;;;x
kumyk;Qumuq;;;;;;;;;x
balkar;Malqar;;;;;;;;;x
caucasian;Caucasian;;;;;;;;;x
icelander;Islendingur;;;;;;;;;x
greenlander;Greenlander;;;;;;;;;x
saran;Kanuri;;;;;;;;;x
moldavian;Moldoveneasca;;;;;;;;;x
nigeren;Ayneha;;;;;;;;;x
fulani;Massina;;;;;;;;;x
tuareg;Tamasheq;;;;;;;;;x
tacelhit;Tacelhit;;;;;;;;;x
tamaziyt;Atlasith;;;;;;;;;x
tumzabt;Tumzabt;;;;;;;;;x
twillult;Twillult;;;;;;;;;x
haqbaylit;Tacenwit;;;;;;;;;x
tmazight;Tarifit;;;;;;;;;x
tacawit;Tacawit;;;;;;;;;x
taqvaylit;Taqvaylit;;;;;;;;;x
tunddungiyya;Tunddungiyya;;;;;;;;;x
malian;Malien;;;;;;;;;x
chechen;Noxciy;;;;;;;;;x
kalmyk;Xal'mgud;;;;;;;;;x
turkmen;Türkmen;;;;;;;;;x
sibiran;Zapadno-Sibirskiy;;;;;;;;;x
volgar;Permskiy;;;;;;;;;x
hassaniya;Hassani;;;;;;;;;x
hui;Hui;;;;;;;;;x
sinoshan;Xigaoshan;;;;;;;;;x
maltese;Malti;;;;;;;;;x
tashadian;Tashadi;;;;;;;;;x
zabbalin;Zabbalin;;;;;;;;;x
oromo;Oromo;;;;;;;;;x
sudanese;Sudani;;;;;;;;;x
misri;Masri;;;;;;;;;x
saidi;Sa'idi;;;;;;;;;x
moroccan;Maghribi;;;;;;;;;x
libyan;Libi;;;;;;;;;x
tunisian;Tunsi;;;;;;;;;x
algerian;Jaza'iri;;;;;;;;;x
konjara;Fóórá;;;;;;;;;x
tajik;Tojik;;;;;;;;;x
uzbek;O'zbek;;;;;;;;;x
karakalpak;Qaraqalpaq;;;;;;;;;x
yaghnobit;Yaghnobit;;;;;;;;;x
kirghiz;Kirgiz;;;;;;;;;x
english;Old English;;;;;;;;;x
slovak;Slovensky;;;;;;;;;x
lativian;Latvietis;;;;;;;;;x
silesian;Slunska;;;;;;;;;x
east_sibiran;Vostochno-Sibirskiy;;;;;;;;;x
toubu;Dazaga;;;;;;;;;x
doggerlander;Doggersker;;;;;;;;;x
barbariyya;Tanfusit;;;;;;;;;x
ulsterite;Norner;;;;;;;;;x
piemontese;Piemontese;;;;;;;;;x
munda;Munda;;;;;;;;;x
khasic;Khasi;;;;;;;;;x
brahui;Brahui;;;;;;;;;x
qashqai;Qashqui;;;;;;;;;x
tuscanian;Tuscano;;;;;;;;;x
emilian;Emiliano;;;;;;;;;x
lombard;Lombardo;;;;;;;;;x
venetian;Veneziano;;;;;;;;;x
lazian;Laziale;;;;;;;;;x
neapolitan;Napoletano;;;;;;;;;x
pugliese;Pugliese;;;;;;;;;x
thai;Southern Tai;;;;;;;;;x
viet;Vietic;;;;;;;;;x
mundic;Mundic;;;;;;;;;x
mon_group;Monic;;;;;;;;;x
mokenic;Mokenic;;;;;;;;;x
moken;Moken;;;;;;;;;x
bru;Bru;;;;;;;;;x
mnong;Mnong;;;;;;;;;x
koho;Koho;;;;;;;;;x
khmer_group;Khmeric;;;;;;;;;x
khmer;Khmer;;;;;;;;;x
duke_bali;Raja;;;;;;;;;;;;;x
duke_female_bali;Rani;;;;;;;;;;;;;x
king_bali;Maharaja;;;;;;;;;;;;;x
king_female_bali;Maharani;;;;;;;;;;;;;x
emperor_bali;Rajadhiraja;;;;;;;;;;;;;x
emperor_female_bali;Rajadhirajani;;;;;;;;;;;;;x
duchy_bali;Rajyam;;;;;;;;;;;;;x
kingdom_bali;Maharajyam;;;;;;;;;;;;;x
empire_bali;Samrajyam;;;;;;;;;;;;;x
khasi_palaung_khmuic;Khasi-Palaung-Khmuic;;;;;;;;;x
karenic;Karenic;;;;;;;;;x
bahnaric;Bahnaric;;;;;;;;;x
siamese;Thai;;;;;;;;;x
pontian;Póntioi;;;;;;;;;x
rumeli;Rûmeli;;;;;;;;;x
rumca;Rûmi;;;;;;;;;x
scythian;Scythian;;;;;;;;;;x
count_scythian;Bakhshdar;Bakhshdar;Bakhshdar;;Bakhshdar;;;;;;;;;x
count_female_scythian;Bakhshdar;Bakhshdar;Bakhshdar;;Bakhshdar;;;;;;;;;x
county_of_scythian;Bakhsh of;Bakhsh de;Bakhsh von;;Bakhsh de;;;;;;;;;x
duke_scythian;Farmandar;Farmandar;Farmandar;;Farmandar;;;;;;;;;x
duke_female_scythian;Farmandar;Farmandar;Farmandar;;Farmandar;;;;;;;;;x
duchy_of_scythian;Ostan of;Ostan de;Ostan von;;Ostan de;;;;;;;;;x
county_scythian;Bakhsh;Bakhsh;Bakhsh;;Bakhsh;;;;;;;;;x
duchy_scythian;Ostan;Ostan;Ostan;;Ostan;;;;;;;;;x
kingdom_scythian;Shahdom;Royaume;Shahtum;;Shahdom;;;;;;;;;x
kingdom_of_scythian;Shahdom of;Royaume de;Schahtum von;;Shahdom de;;;;;;;;;x
king_scythian;Shah;Royaume;Shahtum;;Shahdom;;;;;;;;;x
king_female_scythian;Shahbanu;Royaume;Shahtum;;Shahdom;;;;;;;;;x
empire_of_scythian;Shahanshahiye;Shahanshahiye;Shahanshahiye;Shahanshahiye;;;;;;;x;;;
emperor_scythian;Shahanshah;Royaume;Shahtum;;Shahdom;;;;;;;;;x
emperor_female_scythian;Shahbanu;Royaume;Shahtum;;Shahdom;;;;;;;;;x
kuhjungs;Kuhjung;;;;;;;;;x
anglo_frisian;Anglo-Frisian;;;;;;;;;x
old_norman;Channeler;;;;;;;;;x
angrezi;Angrezine;;;;;;;;;x
aeslabh;Firslabh;;;;;;;;;x
andorran;Andorrà;;;;;;;;;x
kham;Kham;;;;;;;;;x
amdo;Amdo;;;;;;;;;x
u_tsang;Ü-Tsang;;;;;;;;;x
bhutanese;Drukpa;;;;;;;;;x
griko;Griko;;;;;;;;;x
north_atlantic;North Atlantic;;;;;;;;;x
near_eastern;Near Eastern;;;;;;;;;x
niger_congolese;Niger-Congolese;;;;;;;;;x
chadic;Chadic;;;;;;;;;x
bole;Bole;;;;;;;;;x
kotoko;Kotoko;;;;;;;;;x
yoruba;Yoruba;;;;;;;;;x
hausa;Hausa;;;;;;;;;x
igbo;Igbo;;;;;;;;;x
congolese;Congolese;;;;;;;;;x
ket;Ket;;;;;;;;;x
samoyedic;Samoyedic;;;;;;;;;x
yakut;Saha;;;;;;;;;x
yenisean;Yenisean;;;;;;;;;x
selkup;Šöl'qup;;;;;;;;;x
nganasan;Nganasane;;;;;;;;;x
soitoskan;Soitoskane;;;;;;;;;x
wolgadeutsche;Kasachdeutsch;;;;;;;;;x
volgagerman;Wolgadeutsch;;;;;;;;;x
tutejszy;Tutejszy;;;;;;;;;x
tatarian;Tatar;;;;;;;;;x
bashkir;Bashqort;;;;;;;;;x
west_turkic;West Turkic;;;;;;;;;x
east_turkic;East Turkic;;;;;;;;;x
mongolic;Mongolic;;;;;;;;;x
west_indo_aryan_group;Western Indo-Aryan;;;;;;;;;x
southern_indo_aryan_group;Southern Indo-Aryan;;;;;;;;;x
northern_indo_aryan_group;Northern Indo-Aryan;;;;;;;;;x
north_west_indo_aryan_group;North Western Indo-Aryan;;;;;;;;;x
eastern_indo_aryan_group;Eastern Indo-Aryan;;;;;;;;;x
central_indo_aryan_group;Central Indo-Aryan;;;;;;;;;x
pahari;Pahari;;;;;;;;;x
domari;Dumi;;;;;;;;;x
domba;Doma;;;;;;;;;x
buryat;Buryaad;;;;;;;;;x
manx;Manninee;;;;;;;;;x
evenk;Evenki;;;;;;;;;x
novorusskiy;Nowii Russkii;;;;;;;;;x
montenegrin;Crnogorski;;;;;;;;;x
faroyingar;Faroyingar;;;;;;;;;x
low_bhutanese;Low Drukpa;;;;;;;;;x
aigionoi;Aigionoi;;;;;;;;;x
sazzac;Sazzac;;;;;;;;;x
koryo_saram;Koryo-Saram;;;;;;;;;x
korean_group;Koreanic;;;;;;;;;x
jeolla;Jeollain;;;;;;;;;x
gyeongsang;Gyeongsangin;;;;;;;;;x
gyeonggi;Gyeonggin;;;;;;;;;x
ainu;Ainu;;;;;;;;;x
yanbian;Yanbianin;;;;;;;;;x
yukchin;Yukchin;;;;;;;;;x
hamgyong;Hamgyongin;;;;;;;;;x
pyongyan;Pyongyanin;;;;;;;;;x
gyoenggi;Gyoenggin;;;;;;;;;x
jeju;Jejuin;;;;;;;;;x
ryukyuan;Ruuchuu Minzuku;;;;;;;;;x
kyushu;Kyushujin;;;;;;;;;x
shikoku;Shikokujin;;;;;;;;;x
chugoku;Chugokujin;;;;;;;;;x
kansai;Kansaijin;;;;;;;;;x
kanto;Kantojin;;;;;;;;;x
tohoku;Tohokujin;;;;;;;;;x
chubu;Chubujin;;;;;;;;;x
hokkaido;Hokkaidojin;;;;;;;;;x
gothic;Geatsk;;;;;;;;;;x
kyolish;Kjolsk;;;;;;;;;;x
klynian;Klynska;;;;;;;;;;;;;x
frencig;Ffrencyg;;;;;;;;;;;;;x
bengali;Bangla;;;;;;;;;;;;;x
assamese;Asamiya;;;;;;;;;;;;;x
panjabi;Panjabi;;;;;;;;;;;;;x
assyrian;Suraya;;;;;;;;;;;;;x
siryon;Siryon;;;;;;;;;;;;;x
kurdish;Kurmanci;;;;;;;;;;;;;x
ezidi;Ezidi;;;;;;;;;;;;;x
sorani;Sorani;;;;;;;;;;;;;x
xwarin;Xwarin;;;;;;;;;;;;;x
lytsvin;Lytsvinskaja;;;;;;;;;;;;;x
somali;Soomaal;;;;;;;;;;;;;x
polish;Malopolski;;;;;;;;;;;;;x
mazovian;Mazowiecki;;;;;;;;;;;;;x
polish_opinion;[polish.GetName] Opinion;;;;;;;;;;;;;;x
greater_polish_opinion;[greater_polish.GetName] Opinion;;;;;;;;;;;;;x
mazovian_opinion;[mazovian.GetName] Opinion;;;;;;;;;;;;;x
gorale_opinion;[gorale.GetName] Opinion;;;;;;;;;;;;;x
kashubian_opinion;[kashubian.GetName] Opinion;;;;;;;;;;;;;x
silesian_opinion;[silesian.GetName] Opinion;;;;;;;;;;;;;x
yakut_opinion;[yakut.GetName] Opinion;;;;;;;;;;;;;x
greater_polish;Wielkopolski;;;;;;;;;;;;;x
croatian;Hrvatski;;;;;;;;;;x
serbian;Srpski;;;;;;;;;;x
bunjevci;Bunjevski;;;;;;;;;;x
bulgarian;Bulgarski;;;;;;;;;;;x
hungarian;Magyar;;;;;;;;;;;;x
tot;Tót;;;;;;;;;;;;x
ruten;Rutén;;;;;;;;;;;;x
lithuanian;Lietuvis;;;;;;;;;;x
ethiopian;Amharas;;;;;;;;;;;;x
bedouin_arabic;Badawi;;;;;;;;;;;;x
panonica;Panonica;;;;;;;;;;x
nemet;Német;;;;;;;;;;x
ostprussian;Ostpreussisch;;;;;;;;;;x
hejazi;Hijazi;;;;;;;;;;x
levantine_arabic;Shami;;;;;;;;;;x
greek;Peloponnisios;;;;;;;;;;x
makedonas;Pindonoi;;;;;;;;;;x
makedonas_opinion;[makedonas.GetName] Opinion;;;;;;;;;;x
tsakonian;Tsakona;;;;;;;;;;x
tsakonian_opinion;[tsakonian.GetName] Opinion;;;;;;;;;;x
alan;Iraettae;;;;;;;;;;x
alan_opinion;[alan.GetName] Opinion;;;;;;;;;;x
scythian_opinion;[scythian.GetName] Opinion;;;;;;;;;;x
avar;Maarulal;;;;;;;;;x;;;;
abkhazian;Apswaa;;;;;;;;;x;;;;
chuvash;Cavašla;;;;;;;;;x;;;;
mari;Mariy;;;;;;;;;x;;;;
georgian;Kartuli;;;;;;;;;;x
irish;Éireannach Bhocht;;;;;;;;;;x
brebharnach;Brébharnach;;;;;;;;;;x
high_irish;Chonnachtannach;;;;;;;;;;x
munsterian;Mumhannach;;;;;;;;;;x
ulsterian;Úlaidhannach;;;;;;;;;;x
yola;Yola;;;;;;;;;;x
baron_yola;Barone;;;;;;;;;;x
baron_female_yola;Baronesse;;;;;;;;;;x
count_yola;Erle;;;;;;;;;;x
count_female_yola;Erlesse;;;;;;;;;;x
duke_yola;Lourde;;;;;;;;;x
duke_female_yola;Laddy;;;;;;;;;x
king_yola;Kinge;;;;;;;;;;x
king_female_yola;Queene;;;;;;;;;;x
emperor_yola;Emperour;;;;;;;;;;x
emperor_female_yola;Emperesse;;;;;;;;;;x
barony_of_yola;Baronie o';;;;;;;;;;x
county_of_yola;Erledome o';;;;;;;;;;x
duchy_of_yola;Lourdship o';;;;;;;;;;x
kingdom_of_yola;Kingdome o';;;;;;;;;;x
empire_of_yola;Empyre o';;;;;;;;;;x
scottish;Albannach;;;;;;;;;;x
welsh;Welsh;;;;;;;;;;x
breton;Breton;;;;;;;;;;x
basque;Euskara;;;;;;;;;;x
castillan;Castilian;;;;;;;;;;x
catalan;Català;;;;;;;;;;x
algueresos;Algueresos;;;;;;;;x
king_algueresos;Rei;;;;;;;;;;;;;x
king_female_algueresos;Reina;;;;;;;;;;;;;x
kingdom_of_algueresos;Regne de;;;;;;;;;;;;;x
duke_algueresos;Duc;;;;;;;;;;;;;x
duke_female_algueresos;Duquessa;;;;;;;;;;;;;x
duchy_of_algueresos;Ducat de;;;;;;;;;;;;;x
count_algueresos;Comte;;;;;;;;;;;;;x
count_female_algueresos;Comtessa;;;;;;;;;;;;;x
county_of_algueresos;Comtat de;;;;;;;;;;;;;x
emperor_algueresos;Emperador;;;;;;;;;;;;;x
emperor_female_algueresos;Emperadriu;;;;;;;;;;;;;x
empire_of_algueresos;Imperi de;;;;;;;;;;;;;x
khaliji;Khaleeji;;;;;;;;x
portuguese;Portugues;;;;;;;;;;x
armenian;Hay;;;;;;;;;;x
dutch;Nederlander;;;;;;;;;;x
swedish;Svealanning;;;;;;;;;;x
norwegian;Norsk;;;;;;;;;;x
danish;Dansk;;;;;;;;;;x
german;Deutsche;;;;;;;;;;x
turkish;Trakyali;;;;;;;;;;x
elbistanli;Cukurovali;;;;;;;;;;x
egeli;Egeli;;;;;;;;;;x
kapadokyali;Kapadokyali;;;;;;;;;;x
karadenizci;Karadenizli;;;;;;;;;;x
asian_anglophone;Asian-Anglophone;;;;;;;;;;x
taglish;Taglish;;;;;;;;;;x
tagalog;Tagalog;;;;;;;;;;x
amerikano;Balikatenyo;;;;;;;;;;x
austronesian;Philippinic;;;;;;;;;;x
batangenyo;Batangenyo;;;;;;;;;;x
ilocano;Ilocano;;;;;;;;;;x
kapampangan;Kapampangan;;;;;;;;;;x
hiligaynon;Hiligaynon;;;;;;;;;;x
cebuano;Cebuano;;;;;;;;;;x
yakan;Yakan;;;;;;;;;;x
bicol;Bicol;;;;;;;;;;x
cuyanyo;Cuyanyo;;;;;;;;;;x
tausug;Tausug;;;;;;;;;;x
aeta_group;Aeta;;;;;;;;;;x
luzontribals;Ivatan;;;;;;;;;;x
ifugao;Ifugao;;;;;;;;;;x
hispano_austronesian;Hispano-Philippinic;;;;;;;;;;x
chavacano;Chavacano;;;;;;;;;;x
;;;;;;;;;;;;;;;;;
gagauz;Gagauz;;;;;;;;;;x
job_chancellor_gagauz;Grand Vizier;;;;;;;;;x
baron_gagauz;Timariot;Timariote;Timariot;;Timariots;;;;;;;;;x
barony_of_gagauz;Timar of;Timar de;Timar von;;Timariot de;;;;;;;;;x
count_gagauz;Bey;Bey;Bey;;Gobernador turco;;;;;;;;;x
count_female_gagauz;Begum;Begum;Begum;;Gobernador turco;;;;;;;;;x
county_of_gagauz;Ilçe of;Beylicat de;Beylik von;;Beylicato de;;;;;;;;;x
duke_gagauz;Vali;Vali;Vali;;Gobernador de gobernadores;;;;;;;;;x
duchy_of_gagauz;Il of;Beylerbeylicat de;Beylerbeyli von;;Beylicato de Beylicatos de;;;;;;;;;x
king_gagauz;Sultan;Sultan;Sultan;;Sultán;;;;;;;;;x
kingdom_of_gagauz;Sultanate of;Sultanat de;Sultanat von;;Sultanato de;;;;;;;;;x
emperor_gagauz;Padishah;Padishah;Padishah;;Emperador Padishah;;;;;;;;;x
emperor_female_gagauz;Sultana;Sultana;Sultana;;Sultana;;;;;;;;;x
empire_of_gagauz;Imparatorlugu of;Imparatorlugu of;Imparatorlugu of;;Imparatorlugu of;;;;;;;;;x
;;;;;;;;;;;;;;;;
baron_turkish;Timariot;Timariote;Timariot;;Timariots;;;;;;;;;x
barony_of_turkish;Timar of;Timar de;Timar von;;Timariot de;;;;;;;;;x
count_turkish;Bey;Bey;Bey;;Gobernador turco;;;;;;;;;x
count_female_turkish;Begum;Begum;Begum;;Gobernador turco;;;;;;;;;x
county_of_turkish;Ilçe of;Beylicat de;Beylik von;;Beylicato de;;;;;;;;;x
duke_turkish;Vali;Vali;Vali;;Gobernador de gobernadores;;;;;;;;;x
duchy_of_turkish;Il of;Beylerbeylicat de;Beylerbeyli von;;Beylicato de Beylicatos de;;;;;;;;;x
king_turkish;Sultan;Sultan;Sultan;;Sultán;;;;;;;;;x
kingdom_of_turkish;Sultanate of;Sultanat de;Sultanat von;;Sultanato de;;;;;;;;;x
emperor_turkish;Padishah;Padishah;Padishah;;Emperador Padishah;;;;;;;;;x
emperor_female_turkish;Sultana;Sultana;Sultana;;Sultana;;;;;;;;;x
empire_of_turkish;Imparatorlugu of;Imparatorlugu of;Imparatorlugu of;;Imparatorlugu of;;;;;;;;;x
;;;;;;;;;;;;;;;;
laz;Laz;;;;;;;;;x
baron_laz;Timariot;Timariote;Timariot;;Timariots;;;;;;;;;x
barony_of_laz;Timar of;Timar de;Timar von;;Timariot de;;;;;;;;;x
count_laz;Bey;Bey;Bey;;Gobernador turco;;;;;;;;;x
count_female_laz;Begum;Begum;Begum;;Gobernador turco;;;;;;;;;x
county_of_laz;Ilçe of;Beylicat de;Beylik von;;Beylicato de;;;;;;;;;x
duke_laz;Vali;Vali;Vali;;Gobernador de gobernadores;;;;;;;;;x
duchy_of_laz;Il of;Beylerbeylicat de;Beylerbeyli von;;Beylicato de Beylicatos de;;;;;;;;;x
king_laz;Sultan;Sultan;Sultan;;Sultán;;;;;;;;;x
kingdom_of_laz;Sultanate of;Sultanat de;Sultanat von;;Sultanato de;;;;;;;;;x
emperor_laz;Padishah;Padishah;Padishah;;Emperador Padishah;;;;;;;;;x
emperor_female_laz;Sultana;Sultana;Sultana;;Sultana;;;;;;;;;x
empire_of_laz;Imparatorlugu of;Imparatorlugu of;Imparatorlugu of;;Imparatorlugu of;;;;;;;;;x
;;;;;;;;;;;;;;;;
baron_rumeli;Timariot;Timariote;Timariot;;Timariots;;;;;;;;;x
barony_of_rumeli;Timar of;Timar de;Timar von;;Timariot de;;;;;;;;;x
count_rumeli;Bey;Bey;Bey;;Gobernador turco;;;;;;;;;x
count_female_rumeli;Begum;Begum;Begum;;Gobernador turco;;;;;;;;;x
county_of_rumeli;Ilçe of;Beylicat de;Beylik von;;Beylicato de;;;;;;;;;x
duke_rumeli;Vali;Vali;Vali;;Gobernador de gobernadores;;;;;;;;;x
duchy_of_rumeli;Il of;Beylerbeylicat de;Beylerbeyli von;;Beylicato de Beylicatos de;;;;;;;;;x
king_rumeli;Sultan;Sultan;Sultan;;Sultán;;;;;;;;;x
kingdom_of_rumeli;Sultanate of;Sultanat de;Sultanat von;;Sultanato de;;;;;;;;;x
emperor_rumeli;Padishah;Padishah;Padishah;;Emperador Padishah;;;;;;;;;x
emperor_female_rumeli;Sultana;Sultana;Sultana;;Sultana;;;;;;;;;x
empire_of_rumeli;Imparatorlugu of;Imparatorlugu of;Imparatorlugu of;;Imparatorlugu of;;;;;;;;;x
;;;;;;;;;;;;;;;;
baron_elbistanli;Timariot;Timariote;Timariot;;Timariots;;;;;;;;;x
barony_of_elbistanli;Timar of;Timar de;Timar von;;Timariot de;;;;;;;;;x
count_elbistanli;Bey;Bey;Bey;;Gobernador turco;;;;;;;;;x
count_female_elbistanli;Begum;Begum;Begum;;Gobernador turco;;;;;;;;;x
county_of_elbistanli;Ilçe of;Beylicat de;Beylik von;;Beylicato de;;;;;;;;;x
duke_elbistanli;Vali;Vali;Vali;;Gobernador de gobernadores;;;;;;;;;x
duchy_of_elbistanli;Il of;Beylerbeylicat de;Beylerbeyli von;;Beylicato de Beylicatos de;;;;;;;;;x
king_elbistanli;Sultan;Sultan;Sultan;;Sultán;;;;;;;;;x
kingdom_of_elbistanli;Sultanate of;Sultanat de;Sultanat von;;Sultanato de;;;;;;;;;x
emperor_elbistanli;Padishah;Padishah;Padishah;;Emperador Padishah;;;;;;;;;x
emperor_female_elbistanli;Sultana;Sultana;Sultana;;Sultana;;;;;;;;;x
empire_of_elbistanli;Imparatorlugu of;Imparatorlugu of;Imparatorlugu of;;Imparatorlugu of;;;;;;;;;x
;;;;;;;;;;;;;;;;
baron_egeli;Timariot;Timariote;Timariot;;Timariots;;;;;;;;;x
barony_of_egeli;Timar of;Timar de;Timar von;;Timariot de;;;;;;;;;x
count_egeli;Bey;Bey;Bey;;Gobernador turco;;;;;;;;;x
count_female_egeli;Begum;Begum;Begum;;Gobernador turco;;;;;;;;;x
county_of_egeli;Ilçe of;Beylicat de;Beylik von;;Beylicato de;;;;;;;;;x
duke_egeli;Vali;Vali;Vali;;Gobernador de gobernadores;;;;;;;;;x
duchy_of_egeli;Il of;Beylerbeylicat de;Beylerbeyli von;;Beylicato de Beylicatos de;;;;;;;;;x
king_egeli;Sultan;Sultan;Sultan;;Sultán;;;;;;;;;x
kingdom_of_egeli;Sultanate of;Sultanat de;Sultanat von;;Sultanato de;;;;;;;;;x
emperor_egeli;Padishah;Padishah;Padishah;;Emperador Padishah;;;;;;;;;x
emperor_female_egeli;Sultana;Sultana;Sultana;;Sultana;;;;;;;;;x
empire_of_egeli;Imparatorlugu of;Imparatorlugu of;Imparatorlugu of;;Imparatorlugu of;;;;;;;;;x
;;;;;;;;;;;;;;;;
baron_kapadokyali;Timariot;Timariote;Timariot;;Timariots;;;;;;;;;x
barony_of_kapadokyali;Timar of;Timar de;Timar von;;Timariot de;;;;;;;;;x
count_kapadokyali;Bey;Bey;Bey;;Gobernador turco;;;;;;;;;x
count_female_kapadokyali;Begum;Begum;Begum;;Gobernador turco;;;;;;;;;x
county_of_kapadokyali;Ilçe of;Beylicat de;Beylik von;;Beylicato de;;;;;;;;;x
duke_kapadokyali;Vali;Vali;Vali;;Gobernador de gobernadores;;;;;;;;;x
duchy_of_kapadokyali;Il of;Beylerbeylicat de;Beylerbeyli von;;Beylicato de Beylicatos de;;;;;;;;;x
king_kapadokyali;Sultan;Sultan;Sultan;;Sultán;;;;;;;;;x
kingdom_of_kapadokyali;Sultanate of;Sultanat de;Sultanat von;;Sultanato de;;;;;;;;;x
emperor_kapadokyali;Padishah;Padishah;Padishah;;Emperador Padishah;;;;;;;;;x
emperor_female_kapadokyali;Sultana;Sultana;Sultana;;Sultana;;;;;;;;;x
empire_of_kapadokyali;Imparatorlugu of;Imparatorlugu of;Imparatorlugu of;;Imparatorlugu of;;;;;;;;;x
;;;;;;;;;;;;;;;;
baron_karadenizci;Timariot;Timariote;Timariot;;Timariots;;;;;;;;;x
barony_of_karadenizci;Timar of;Timar de;Timar von;;Timariot de;;;;;;;;;x
count_karadenizci;Bey;Bey;Bey;;Gobernador turco;;;;;;;;;x
count_female_karadenizci;Begum;Begum;Begum;;Gobernador turco;;;;;;;;;x
county_of_karadenizci;Ilçe of;Beylicat de;Beylik von;;Beylicato de;;;;;;;;;x
duke_karadenizci;Vali;Vali;Vali;;Gobernador de gobernadores;;;;;;;;;x
duchy_of_karadenizci;Il of;Beylerbeylicat de;Beylerbeyli von;;Beylicato de Beylicatos de;;;;;;;;;x
king_karadenizci;Sultan;Sultan;Sultan;;Sultán;;;;;;;;;x
kingdom_of_karadenizci;Sultanate of;Sultanat de;Sultanat von;;Sultanato de;;;;;;;;;x
emperor_karadenizci;Padishah;Padishah;Padishah;;Emperador Padishah;;;;;;;;;x
emperor_female_karadenizci;Sultana;Sultana;Sultana;;Sultana;;;;;;;;;x
empire_of_karadenizci;Imparatorlugu of;Imparatorlugu of;Imparatorlugu of;;Imparatorlugu of;;;;;;;;;x
;;;;;;;;;;;;;;;;
job_chancellor_turkish;Grand Vizier;Grand vizir;Großwesir;;Gran Visir;;;;;;;;;x
job_chancellor_karadenizci;Grand Vizier;Grand vizir;Großwesir;;Gran Visir;;;;;;;;;x
job_chancellor_kapadokyali;Grand Vizier;Grand vizir;Großwesir;;Gran Visir;;;;;;;;;x
job_chancellor_egeli;Grand Vizier;Grand vizir;Großwesir;;Gran Visir;;;;;;;;;x
job_chancellor_elbistanli;Grand Vizier;Grand vizir;Großwesir;;Gran Visir;;;;;;;;;x
job_chancellor_rumeli;Grand Vizier;Grand vizir;Großwesir;;Gran Visir;;;;;;;;;x
coptic;Remnkhemi;;;;;;;;;x
bosnian;Bosanski;;;;;;;;;x
farlander;Farlander;;;;;;;;;x
finnish;Suomalainen;;;;;;;;;;x
ugricbaltic;Eestlane;;;;;;;;;;x
liberian;Liberian;;;;;;;;;;x
cornish;Kernowyon;;;;;;;;;;x
frisian;Friisk;;;;;;;;;;x
llanito;Llanito;;;;;;;;;;x
newfie;Newfie;;;;;;;;;;x
beta_israeli;Betah Yisraeli;;;;;;;;;;x
wendish;Serbski;;;;;;;;;;x
atlantian;Atlántioi;;;;;;;;;;x
central_slavic;Ruthenian;;;;;;;;;;x
guinean;Guinean;;;;;;;;;;x
oglallan;Clydbraek;;;;;;;;;;x
romansch;Romansch;;;;;;;;;;x
ladin;Ladin;;;;;;;;;;x
furlan;Furlan;;;;;;;;;;x
alpinian;Miscellophone;;;;;;;;;;x
burgundian;Bourguignons;;;;;;;;;;x
poitevin;Poitvannais;;;;;;;;;;x
norman;Normaund;;;;;;;;;;x
gottonsk;Gottonske;;;;;;;;;;x
amriqi;Amriqi;;;;;;;;;;x
anglish;Anglische;;;;;;;;;;x
kaliningrader;Kaliningradski;;;;;;;;;;x
szekely;Székely;;;;;;;;;;x
csangok;Csángó;;;;;;;;;;x
latigalian;Latgalisi;;;;;;;;;;x
samogitian;Zemaite;;;;;;;;;;x
serer;Serer;;;;;;;;;;x
toucouleur;Toucouleur;;;;;;;;;;x
francacfrique;Françafrique;;;;;;;;;;x
;;;;;;;;;;;;;;
colonial_government_baron_siamese;Kamnan;;;;;;;;;;;;;x
colonial_government_baron_female_siamese;Kamnan;;;;;;;;;;;;;x
colonial_government_count_siamese;Wagan;;;;;;;;;;;;;x
colonial_government_count_female_siamese;Wagan;;;;;;;;;;;;;x
colonial_government_duke_siamese;Khaluang;;;;;;;;;;;;;x
colonial_government_duke_female_siamese;Khaluang;;;;;;;;;;;;;x
colonial_government_king_siamese;Nayok;;;;;;;;;;;;;x
colonial_government_king_female_siamese;Nayok;;;;;;;;;;;;;x
colonial_government_emperor_siamese;Maha-Ammat;;;;;;;;;;x
colonial_government_emperor_female_siamese;Maha-Ammatri;;;;;;;;;;x
colonial_government_duchy_of_siamese;Khet;;;;;;;;;;;;;x
colonial_government_kingdom_of_siamese;Rath;;;;;;;;;;;;;x
colonial_government_empire_of_siamese;Anar-Nikhom;;;;;;;;;;;;;x
c_aachen;Aachen;;;;;;;;;x
c_aachen_adj;Aachen;;;;;;;;;x
quebecois;Quebecois;;;;;;;;;;;;;x
acadien;Acadian;;;;;;;;;;;;;x
nahuatl;Nahuatl;;;;;;;;;;;;;x
beltway;Beltway;;;;;;;;;;;;;x
gothamite;Gothamite;;;;;;;;;;;;;x
hudsonian;Hudsonian;;;;;;;;;;;;;x
delawarean;Delawarean;;;;;;;;;;;;;x
yankee;Yankee;;;;;;;;;;;;;x
maritimer;Martimer;;;;;;;;;;;;;x
southron;Southron;;;;;;;;;;;;;x
dixie;Dixie;;;;;;;;;;;;;x
appalachian;Appalachian;;;;;;;;;;;;;x
ontarian;Ontarian;;;;;;;;;;;;;x
laurentian;Laurentine;;;;;;;;;;;;;x
lacustrine;Lucastrine;;;;;;;;;;;;;x
crimean;Krimskiy;;;;;;;;;;;;;x
hessian;Hessisch;;;;;;;;;;;;;x
kashubian;Kaszëbsczi;;;;;;;;;;;;x;
high_american;High American;;;;;;;;;;;;x;
american;American;;;;;;;;;;;;x;
federalist;Federalist;;;;;;;;;;;;x;
laurentian;Laurentian;;;;;;;;;;;;x;
lakelanders;Lakelander;;;;;;;;;;;;x;
mississippians;Mississippian;;;;;;;;;;;;x;
cajun;Cajun;;;;;;;;;;;;x;
southron;Southron;;;;;;;;;;;;x;
low_american;Low American;;;;;;;;;;;;x;
newfindler;Rocker;;;;;;;;;;;;x;
cadian;'Cadian;;;;;;;;;;;;x;
appalachn;Appalach'n;;;;;;;;;;;;x;
diksah;Diksah;;;;;;;;;;;;x;
gullah;Gullah;;;;;;;;;;;;x;
floridano;Floridano;;;;;;;;;;;;x;
laikmahn;Laikmahn;;;;;;;;;;;;x;
alaskhan;Ulaskun;;;;;;;;;;;;x
ontaryo;Ontaryan;;;;;;;;;;;;x;
uppstatir;Uppstatir;;;;;;;;;;;;x;
quebecois;Quebecois;;;;;;;;;;;;x;
scotian;Scotian;;;;;;;;;;;;x;
cajun;Cajun;;;;;;;;;;;;x;
arhavi;Arhavi;;;;;;;;;;;;x;
yiddish;Yiddish;;;;;;;;;;;;x;
;;;;;;;;;;;;;;
gallomerican;Gallomerican;;;;;;;;;;;;;x
south_anglo;South Anglo;;;;;;;;;;;;;x
north_atlantic;North Atlantic;;;;;;;;;;;;;x
brazilian;Brasileiro;;;;;;;;;;;;;x
baiano;Baiano;;;;;;;;;;;;;x
azorean;Açoriano;;;;;;;;;;;;;x
verdean;Cabo Verdiano;;;;;;;;;;;;;x
lusophone;Euro-Lusophone;;;;;;;;;;;;;x
amero_lusophone;Amero-Lusophone;;;;;;;;;;;;;x
hispanophone;Euro-Hispanophone;;;;;;;;;;;;;x
amero_hispanophone;Amero-Hispanophone;;;;;;;;;x
argento;Ashjentó;;;;;;;;;x
INDIAN_MUSLIM_KINGDOM;[new_ruler.PrimaryTitle.GetAdjective] [Prev.GetName];;;;;;;;;x
DESTINY_KINGDOM;[new_ruler.PrimaryTitle.GetAdjective] [Prev.GetName];;;;;;;;;x
;;;;;;;;;;;;;;
FERO_GOV_TITLE;Gowyrnor;;;;;;;;;x
FERO_GOV_FEMALE;Gowyrness;;;;;;;;;x
FERO_GOV_prefix;Gowyrnorate of;;;;;;;;;x
baron_argento;Dón;;;;;;;;;x
baron_female_argento;Doñá;;;;;;;;;x
barony_of_argento;Finka dí;;;;;;;;;x
count_argento;Jaushó;;;;;;;;;x
count_female_argento;Jaushá;;;;;;;;;x
county_of_argento;Kampo dí;;;;;;;;;x
duke_argento;Jarká;;;;;;;;;x
duke_female_argento;Jarká;;;;;;;;;x
duchy_of_argento;Jarkiá dí;;;;;;;;;x
king_argento;Sheí;;;;;;;;;x
king_female_argento;Sheiná;;;;;;;;;x
kingdom_of_argento;Sheinó dí;;;;;;;;;x
emperor_argento;Kaudishó;;;;;;;;;x
emperor_female_argento;Kaudishá;;;;;;;;;x
empire_of_argento;Lijá dí;;;;;;;;;x
duke_british;Dduky;Dduky;Dduky;;Dduky;;;;;;;;;x
duke_female_british;Dduchyss;Dduchyss;Dduchyss;;Dduchyss;;;;;;;;;x
duchy_of_british;Dduchy wff;Dduchy wff;Dduchy wff;;Dduchy wff;;;;;;;;;x
duke_eastlander;Duke;Duke;Duke;;Duke;;;;;;;;;x
duke_female_eastlander;Duchess;Duchess;Duchess;;Duchess;;;;;;;;;x
duchy_of_eastlander;Duchy of;Duchy of;Duchy of;;Duchy of;;;;;;;;;x
duke_southener;Dduky;Dduky;Dduky;;Dduky;;;;;;;;;x
duke_female_southener;Dduchyss;Dduchyss;Dduchyss;;Dduchyss;;;;;;;;;x
duchy_of_southener;Dduchy wff;Dduchy wff;Dduchy wff;;Dduchy wff;;;;;;;;;x
duke_scouse;Dduky;Dduky;Dduky;;Dduky;;;;;;;;;x
duke_female_scouse;Dduchyss;Dduchyss;Dduchyss;;Dduchyss;;;;;;;;;x
duchy_of_scouse;Dduchy wff;Dduchy wff;Dduchy wff;;Dduchy wff;;;;;;;;;x
duke_westlander;Duke;Duke;Duke;;Duke;;;;;;;;;x
duke_female_westlander;Duchess;Duchess;Duchess;;Duchess;;;;;;;;;x
duchy_of_westlander;Duchy of;Duchy of;Duchy of;;Duchy of;;;;;;;;;x
duke_norflander;Duke;Duke;Duke;;Duke;;;;;;;;;x
duke_female_norflander;Duchess;Duchess;Duchess;;Duchess;;;;;;;;;x
duchy_of_norflander;Duchy of;Duchy of;Duchy of;;Duchy of;;;;;;;;;x
duke_ulsterite;Duke;Duke;Duke;;Duke;;;;;;;;;x
duke_female_ulsterite;Duchess;Duchess;Duchess;;Duchess;;;;;;;;;x
duchy_of_ulsterite;Duchy of;Duchy of;Duchy of;;Duchy of;;;;;;;;;x
count_british;Yarhl;Yarhl;Yarhl;;Yarhl;;;;;;;;;x
count_female_british;Cwuntyss;Cwuntyss;Cwuntyss;;Cwuntyss;;;;;;;;;x
count_of_british;Yarhlddwm wff;Yarhlddwm wff;Yarhlddwm wff;;Yarhlddwm wff;;;;;;;;;
count_southener;Yarl;Yarl;Yarl;;Yarl;;;;;;;;;x
count_female_southener;Kwuntyss;Kwuntyss;Kwuntyss;;Kwuntyss;;;;;;;;;x
county_of_southener;Yarlddwm wff;Yarlddwm wff;Yarlddwm wff;;Yarlddwm wff;;;;;;;;;
count_scouse;Yarll;Yarll;Yarll;;Yarll;;;;;;;;;x
count_female_scouse;Cwuntyss;Cwuntyss;Cwuntyss;;Cwuntyss;;;;;;;;;x
county_of_scouse;Yarllddwm wff;Yarllddwm wff;Yarllddwm wff;;Yarllddwm wff;;;;;;;;;
count_eastlander;Earl;Earl;Earl;;Earl;;;;;;;;;x
count_female_eastlander;Countess;Countess;Countess;;Countess;;;;;;;;;x
county_of_eastlander;Earldom of;Earldom of;Earldom of;;Earldom of;;;;;;;;;
count_westlander;Earl;Earl;Earl;;Earl;;;;;;;;;x
count_female_westlander;Countess;Countess;Countess;;Countess;;;;;;;;;x
county_of_westlander;Earldom of;Earldom of;Earldom of;;Earldom of;;;;;;;;;
count_norflander;Earl;Earl;Earl;;Earl;;;;;;;;;x
count_female_norflander;Countess;Countess;Countess;;Countess;;;;;;;;;x
county_of_norflander;Earldom of;Earldom of;Earldom of;;Earldom of;;;;;;;;;
count_ulsterite;Earl;Earl;Earl;;Earl;;;;;;;;;x
count_female_ulsterite;Countess;Countess;Countess;;Countess;;;;;;;;;x
county_of_ulsterite;Earldom of;Earldom of;Earldom of;;Earldom of;;;;;;;;;
king_british;Gwwyyrhnwr;Gwwyyrhnwr;Gwwyyrhnwr;;Gwwyyrhnwr;;;;;;;;;x
king_female_british;Gwwyyrhnyss;Gwwyyrhnyss;Gwwyyrhnyss;;Gwwyyrhnyss;;;;;;;;;x
kingdom_of_british;Gwwyyrhnwraty wff;Gwwyyrhnwraty wff;Gwwyyrhnwraty wff;;Gwwyyrhnwraty wff;;;;;;;;;x
emperor_british;Ympyrhwr;Ympyrhwr;Ympyrhwr;;Ympyrhwr;;;;;;;;;x
emperor_female_british;Ymprhyss;Ymprhyss;Ymprhyss;;Ymprhyss;;;;;;;;;x
empire_of_british;Ympyrhy wff;Ympyrhy wff;Ympyrhy wff;;Ympyrhy wff;;;;;;;;;x
king_southener;Gwwyyrnwr;Gwwyyrnwr;Gwwyyrnwr;;Gwwyyrnwr;;;;;;;;;x
king_female_southener;Gwwyyrnyss;Gwwyyrnyss;Gwwyyrnyss;;Gwwyyrnyss;;;;;;;;;x
kingdom_of_southener;Gwwyyrnwraty wff;Gwwyyrnwraty wff;Gwwyyrnwraty wff;;Gwwyyrnwraty wff;;;;;;;;;x
emperor_southener;Ympyrwr;Ympyrwr;Ympyrwr;;Ympyrwr;;;;;;;;;x
emperor_female_southener;Ympryss;Ymprhyss;Ymprhyss;;Ymprhyss;;;;;;;;;x
empire_of_southener;Ympyry wff;Ympyry wff;Ympyry wff;;Ympyry wff;;;;;;;;;x
king_scouse;Gwwyyrnwr;Gwwyyrnwr;Gwwyyrnwr;;Gwwyyrnwr;;;;;;;;;x
king_female_scouse;Gwwyyrnwr;Gwwyyrnwr;Gwwyyrnwr;;Gwwyyrnwr;;;;;;;;;x
kingdom_of_scouse;Gwwyyrnwraty wff;Gwwyyrnwraty wff;Gwwyyrnwraty wff;;Gwwyyrnwraty wff;;;;;;;;;x
emperor_scouse;Ympyrwr;Ympyrwr;Ympyrwr;;Ympyrwr;;;;;;;;;x
emperor_female_scouse;Ympryss;Ympryss;Ympryss;;Ympryss;;;;;;;;;x
empire_of_scouse;Ympyry wff;Ympyry wff;Ympyry wff;;Ympyry wff;;;;;;;;;x
king_eastlander;Governor;Governor;Governor;;Governor;;;;;;;;;x
king_female_eastlander;Governess;Governess;Governess;;Governess;;;;;;;;;x
kingdom_of_eastlander;Governorate of;Governorate of;Governorate of;;Governorate of;;;;;;;;;x
emperor_eastlander;Emperor;Emperor;Emperor;;Emperor;;;;;;;;;x
emperor_female_eastlander;Empress;Empress;Empress;;Empress;;;;;;;;;x
empire_of_eastlander;Empire of;Empire of;Empire of;;Empire of;;;;;;;;;x
king_westlander;Governor;Governor;Governor;;Governor;;;;;;;;;x
king_female_westlander;Governess;Governess;Governess;;Governess;;;;;;;;;x
kingdom_of_westlander;Governorate of;Governorate of;Governorate of;;Governorate of;;;;;;;;;x
emperor_westlander;Emperor;Emperor;Emperor;;Emperor;;;;;;;;;x
emperor_female_westlander;Empress;Empress;Empress;;Empress;;;;;;;;;x
empire_of_westlander;Empire of;Empire of;Empire of;;Empire of;;;;;;;;;x
king_norflander;Governor;Governor;Governor;;Governor;;;;;;;;;x
king_female_norflander;Governess;Governess;Governess;;Governess;;;;;;;;;x
kingdom_of_norflander;Governorate of;Governorate of;Governorate of;;Governorate of;;;;;;;;;x
emperor_norflander;Emperor;Emperor;Emperor;;Emperor;;;;;;;;;x
emperor_female_norflander;Empress;Empress;Empress;;Empress;;;;;;;;;x
empire_of_norflander;Empire of;Empire of;Empire of;;Empire of;;;;;;;;;x
king_ulsterite;Governor;Governor;Governor;;Governor;;;;;;;;;x
king_female_ulsterite;Governess;Governess;Governess;;Governess;;;;;;;;;x
kingdom_of_ulsterite;Governorate of;Governorate of;Governorate of;;Governorate of;;;;;;;;;x
emperor_ulsterite;Emperor;Emperor;Emperor;;Emperor;;;;;;;;;x
emperor_female_ulsterite;Empress;Empress;Empress;;Empress;;;;;;;;;x
empire_of_ulsterite;Empire of;Empire of;Empire of;;Empire of;;;;;;;;;x
count_old_welsh;Iarll;Iarll;Iarll;;Iarll;;;;;;;;;x
count_female_old_welsh;Iarlles;Iarlles;Iarlles;;Iarlles;;;;;;;;;x
county_of_old_welsh;Iarllaeth o;Iarllaeth o;Iarllaeth o;;Iarllaeth o;;;;;;;;;x
duke_old_welsh;Dug;Dug;Dug;;Dug;;;;;;;;;x
duke_female_old_welsh;Duges;Duges;Duges;;Duges;;;;;;;;;x
duchy_of_old_welsh;Dugiaeth o;Dugiaeth o;Dugiaeth o;;Dugiaeth o;;;;;;;;;x
king_old_welsh;Brenin;Brenin;Brenin;;Brenin;;;;;;;;;x
king_female_old_welsh;Brenhines;Brenhines;Brenhines;;Brenhines;;;;;;;;;x
kingdom_of_old_welsh;Teyrnas o;Teyrnas o;Teyrnas o;;Teyrnas o;;;;;;;;;x
emperor_old_welsh;Ymerawdwr;Ymerawdwr;Ymerawdwr;;Ymerawdwr;;;;;;;;;x
emperor_female_old_welsh;Ymerodres;Ymerodres;Ymerodres;;Ymerodres;;;;;;;;;x
empire_of_old_welsh;Ymerodraeth o;Ymerodraeth o;Ymerodraeth o;;Ymerodraeth o;;;;;;;;;x
amero_east_romance;Amero-Eastern-Romance;;;;;;;;;x
pennsilvana;Pennsilvana;;;;;;;;;x
count_pennsilvana;Conte;Conte;Conte;;Conte;;;;;;;;;x
count_female_pennsilvana;Contesa;Contesa;Contesa;;Contesa;;;;;;;;;x
duke_pennsilvana;Duce;Duce;Duce;;Duce;;;;;;;;;x
duke_female_pennsilvana;Ducesa;Ducesa;Ducesa;;Ducesa;;;;;;;;;x
king_pennsilvana;Rege;Rege;Rege;;Rege;;;;;;;;;x
king_female_pennsilvana;Regina;Regina;Regina;;Regina;;;;;;;;;x
emperor_pennsilvana;Împarat;Împarat;Împarat;;Împarat;;;;;;;;;x
emperor_female_pennsilvana;Împarateasa;Împarateasa;Împarateasa;;Împarateasa;;;;;;;;;x
county_of_pennsilvana;Comitat of;;;;;;;;;;x
duchy_of_pennsilvana;Ducat of;;;;;;;;;;x
kingdom_of_pennsilvana;Regat of;;;;;;;;;;x
empire_of_pennsilvana;Împaratie of;;;;;;;;;;x
job_chancellor_british;Prime Minister;;;;;;;;;x
job_marshal_british;Chief of the General Staff;;;;;;;;;x
job_treasurer_british;Chief Treasurer;;;;;;;;;x
job_spymaster_british;Director General;;;;;;;;;x
job_spiritual_esoteric;Court Mage;;;;;;;;;x
emperor_thelemic_reformed;Lord Protector;Lord Protector;Lord Protector;;Lord Protector;;;;;;;;;x
emperor_female_thelemic_reformed;Lady Protector;Lady Protector;Lady Protector;;Lady Protector;;;;;;;;;x
king_thelemic_reformed;Governor;Lord Protector;Lord Protector;;Lord Protector;;;;;;;;;x
king_female_thelemic_reformed;Governess;Lady Protector;Lady Protector;;Lady Protector;;;;;;;;;x
kingdom_of_thelemic_reformed;Governorate of;Lady Protector;Lady Protector;;Lady Protector;;;;;;;;;x
count_doggerlander;Iarl;;;;;;;;;;;;;x
count_female_doggerlander;Iarlide;;;;;;;;;;;;;x
county_of_doggerlander;Iarldom of;;;;;;;;;;;;;x
county_doggerlander;Iarldom;;;;;;;;;;;;;x
duke_doggerlander;Duk;;;;;;;;;;;;;x
duke_female_doggerlander;Dukide;;;;;;;;;;;;;x
duchy_of_doggerlander;Dukdomme of;;;;;;;;;;;;;x
duchy_doggerlander;Dukdomme;;;;;;;;;;;;;x
king_doggerlander;Kinge;;;;;;;;;;;;;x
king_female_doggerlander;Quening;;;;;;;;;;;;;x
kingdom_of_doggerlander;Kingerige of;;;;;;;;;;;;;x
kingdom_doggerlander;Kingerige;;;;;;;;;;;;;x
emperor_doggerlander;Kejsor;;;;;;;;;;;;;x
emperor_female_doggerlander;Kejseronde;;;;;;;;;;;;;x
empire_of_doggerlander;Empire of;;;;;;;;;;;;;x
empire_doggerlander;Empire;;;;;;;;;;;;;x
pennsilvanskiy;Pennsilvanskiy;;;;;;;;;;;;;x
baron_pennsilvanskiy;Pan;;;;;;;;;;;;;x
baron_female_pennsilvanskiy;Panna;;;;;;;;;;;;;x
count_pennsilvanskiy;Shliahtych;;;;;;;;;;;;;x
count_female_pennsilvanskiy;Shliahtynia;;;;;;;;;;;;;x
duke_pennsilvanskiy;Kniaz;;;;;;;;;;;;;x
duke_female_pennsilvanskiy;Kniagynia;;;;;;;;;;;;;x
king_pennsilvanskiy;Korol;;;;;;;;;;;;;x
king_female_pennsilvanskiy;Koroleva;;;;;;;;;;;;;x
emperor_pennsilvanskiy;Tsisar;;;;;;;;;;;;;x
emperor_female_pennsilvanskiy;Tsisareva;;;;;;;;;;;;;x
imperial_duke_pennsilvanskiy;Maghnat;;;;;;;;;;;;;x
imperial_duke_female_pennsilvanskiy;Maghnat;;;;;;;;;;;;;x
imperial_king_pennsilvanskiy;Hetman;;;;;;;;;;;;;x
imperial_king_female_pennsilvanskiy;Hetman;;;;;;;;;;;;;x
imperial_emperor_pennsilvanskiy;Tsisar;;;;;;;;;;;;;x
imperial_emperor_female_pennsilvanskiy;Tsisareva;;;;;;;;;;;;;x
;;;;;;;;;;;;;;
job_chancellor_constitutional;Secretary of State;;;;;;;;;;;;;x
job_treasurer_constitutional;Secretary of the Treasury;;;;;;;;;;;;;x
job_marshal_constitutional;Secretary of Defense;;;;;;;;;;;;;x
job_spymaster_constitutional;National Security Advisor;;;;;;;;;;;;;x
job_spiritual_constitutional;Attorney General;;;;;;;;;;;;;x
job_first_magistrate_constitutional;Inspector General;;;;;;;;;;;;;x
job_second_magistrate_constitutional;Inspector General;;;;;;;;;;;;;x
job_third_magistrate_constitutional;Inspector General;;;;;;;;;;;;;x
temple_barony_of_constitutional;Court of;;;;;;;;;;;;;x
temple_baron_constitutional;Judge;;;;;;;;;;;;;x
temple_baron_female_constitutional;Judge;;;;;;;;;;;;;x
temple_baron_constitutionals;Judges;;;;;;;;;;;;;x
temple_county_of_constitutional;County Court of;;;;;;;;;;;;;x
temple_count_constitutional;County Judge;;;;;;;;;;;;;x
temple_count_female_constitutional;County Judge;;;;;;;;;;;;;x
temple_duchy_of_constitutional;District Court of;;;;;;;;;;;;;x
temple_duke_constitutional;District Judge;;;;;;;;;;;;;x
temple_duke_female_constitutional;District Judge;;;;;;;;;;;;;x
temple_kingdom_of_constitutional;Circuit Court of;;;;;;;;;;;;;x
temple_king_constitutional;Circuit Judge;;;;;;;;;;;;;x
temple_king_female_constitutional;Circuit Judge;;;;;;;;;;;;;x
temple_empire_of_constitutional;Supreme Court of;;;;;;;;;;;;;x
temple_emperor_constitutional;Supreme Judge;;;;;;;;;;;;;x
temple_emperor_female_constitutional;Supreme Judge;;;;;;;;;;;;;x
;;;;;;;;;;;;;;
city_count_constitutional;Representative;;;;;;;;;;;;;x
city_count_female_constitutional;Representative;;;;;;;;;;;;;x
city_duke_constitutional;Speaker;;;;;;;;;;;;;x
city_duke_female_constitutional;Speaker;;;;;;;;;;;;;x
city_king_constitutional;Senator;;;;;;;;;;;;;x
city_king_female_constitutional;Senator;;;;;;;;;;;;;x
city_emperor_constitutional;Senate President;;;;;;;;;;;;;x
city_emperor_female_constitutional;Senate President;;;;;;;;;;;;;
;;;;;;;;;;;;;;
baron_constitutional;Commander;;;;;;;;;;;;;x
baron_female_constitutional;Commander;;;;;;;;;;;;;x
barony_of_constitutional;Fort of;;;;;;;;;;;;;x
barony_constitutional;Fort;;;;;;;;;;;;;x
count_constitutional;Captain;;;;;;;;;;;;;x
count_female_constitutional;Captain;;;;;;;;;;;;;x
county_of_constitutional;Captaincy of;;;;;;;;;;;;;x
county_constitutional;Captaincy;;;;;;;;;;;;;x
duke_constitutional;General;;;;;;;;;;;;;x
duke_female_constitutional;General;;;;;;;;;;;;;x
duchy_of_constitutional;Generalty of;;;;;;;;;;;;;x
duchy_constitutional;Generalty;;;;;;;;;;;;;x
king_constitutional;Governor;;;;;;;;;;;;;x
king_female_constitutional;Governor;;;;;;;;;;;;;x
kingdom_of_constitutional;Governate of;;;;;;;;;;;;;x
kingdom_constitutional;Governate;;;;;;;;;;;;;x
emperor_constitutional;Lord President;;;;;;;;;;;;;x
emperor_female_constitutional;Lady Presidentess;;;;;;;;;;;;;x
emperor_title_ruler_consort_constitutional;First Lord;;;;;;;;;;;;;x
emperor_title_ruler_consort_female_constitutional;First Lady;;;;;;;;;;;;;x
empire_of_constitutional;Republican Empire of;;;;;;;;;;;;;x
empire_constitutional;Republican Empire;;;;;;;;;;;;;x
;;;;;;;;;;;;;;

# Loyalist Loc
temple_barony_of_loyalist;Monument of;;;;;;;;;;;;;x
temple_baron_loyalist;Guard;;;;;;;;;;;;;x
temple_baron_female_loyalist;Guard;;;;;;;;;;;;;x
temple_county_of_loyalist;Grand Monument of;;;;;;;;;;;;;x
temple_count_loyalist;Honored Guard;;;;;;;;;;;;;x
temple_count_female_loyalist;Honoured Guard;;;;;;;;;;;;;x
temple_duchy_of_loyalist;Memorial of;;;;;;;;;;;;;x
temple_duke_loyalist;Supervisor;;;;;;;;;;;;;x
temple_duke_female_loyalist;Supervisor;;;;;;;;;;;;;x
temple_kingdom_of_loyalist;National Memorial of;;;;;;;;;;;;;x
temple_king_loyalist;Governor;;;;;;;;;;;;;x
temple_king_female_loyalist;Governor;;;;;;;;;;;;;x
;;;;;;;;;;;;;;
baron_blorger;Amicable;;;;;;;;;;;;;x
baron_female_blorger;Amicable;;;;;;;;;;;;;x
count_blorger;Tranquil;Tranquil;Tranquil;;Tranquil;;;;;;;;;x
count_female_blorger;Tranquil;Tranquil;Tranquil;;Tranquil;;;;;;;;;x
duke_blorger;Serene;Serene;Serene;;Serene;;;;;;;;;x
duke_female_blorger;Serene;Serene;Serene;;Serene;;;;;;;;;x
king_blorger;Pacific;Pacific;Pacific;;Pacific;;;;;;;;;x
king_female_blorger;Pacific;Pacific;Pacific;;Pacific;;;;;;;;;x
emperor_blorger;Benevolent;Benevolent;Benevolent;;Benevolent;;;;;;;;;x
emperor_female_blorger;Benevolent;Benevolent;Benevolent;;Benevolent;;;;;;;;;x
barony_of_blorger;Amicable Plot of;;;;;;;;;;;;;x
county_of_blorger;Tranquil County of;;;;;;;;;;x
duchy_of_blorger;Serene District of;;;;;;;;;;x
kingdom_of_blorger;Pacific State of;;;;;;;;;;x
empire_of_blorger;Benevolent Realm of;;;;;;;;;;x
;;;;;;;;;;;;;;
baron_blorgist;Amicable;;;;;;;;;;;;;x
baron_female_blorgist;Amicable;;;;;;;;;;;;;x
count_blorgist;Tranquil;Tranquil;Tranquil;;Tranquil;;;;;;;;;x
count_female_blorgist;Tranquil;Tranquil;Tranquil;;Tranquil;;;;;;;;;x
duke_blorgist;Serene;Serene;Serene;;Serene;;;;;;;;;x
duke_female_blorgist;Serene;Serene;Serene;;Serene;;;;;;;;;x
king_blorgist;Pacific;Pacific;Pacific;;Pacific;;;;;;;;;x
king_female_blorgist;Pacific;Pacific;Pacific;;Pacific;;;;;;;;;x
emperor_blorgist;Benevolent;Benevolent;Benevolent;;Benevolent;;;;;;;;;x
emperor_female_blorgist;Benevolent;Benevolent;Benevolent;;Benevolent;;;;;;;;;x
barony_of_blorgist;Amicable Plot of;;;;;;;;;;;;;x
county_of_blorgist;Tranquil County of;;;;;;;;;;x
duchy_of_blorgist;Serene District of;;;;;;;;;;x
kingdom_of_blorgist;Pacific State of;;;;;;;;;;x
empire_of_blorgist;Benevolent Realm of;;;;;;;;;;x

baron_quebecois;Chevalier;;;;;;;;;;;;;x
baron_female_quebecois;Chevalière;;;;;;;;;;;;;x
count_quebecois;Seigneur;Seigneur;Seigneur;;Seigneur;;;;;;;;;x
count_female_quebecois;Seigneuresse;Seigneuresse;Seigneuresse;;Seigneuresse;;;;;;;;;x
duke_quebecois;Duc;Duc;Duc;;Duc;;;;;;;;;x
duke_female_quebecois;Duchesse;Duchesse;Duchesse;;Duchesse;;;;;;;;;x
king_quebecois;Premier;Premier;Premier;;Premier;;;;;;;;;x
king_female_quebecois;Reine;Reine;Reine;;Reine;;;;;;;;;x
emperor_quebecois;Roi;Roi;Roi;;Roi;;;;;;;;;x
emperor_female_quebecois;Première;Première;Première;;Première;;;;;;;;;x
barony_of_quebecois;Château of;;;;;;;;;;;;;x
county_of_quebecois;Seigneurie of;;;;;;;;;;x
duchy_of_quebecois;Arrondissement of;;;;;;;;;;x
kingdom_of_quebecois;Province of;;;;;;;;;;x
empire_of_quebecois;Royaume of;;;;;;;;;;x

baron_franco_canadian;Chevalier;;;;;;;;;;;;;x
baron_female_franco_canadian;Chevalière;;;;;;;;;;;;;x
count_franco_canadian;Seigneur;Seigneur;Seigneur;;Seigneur;;;;;;;;;x
count_female_franco_canadian;Seigneuresse;Seigneuresse;Seigneuresse;;Seigneuresse;;;;;;;;;x
duke_franco_canadian;Duc;Duc;Duc;;Duc;;;;;;;;;x
duke_female_franco_canadian;Duchesse;Duchesse;Duchesse;;Duchesse;;;;;;;;;x
king_franco_canadian;Premier;Premier;Premier;;Premier;;;;;;;;;x
king_female_franco_canadian;Reine;Reine;Reine;;Reine;;;;;;;;;x
emperor_franco_canadian;Roi;Roi;Roi;;Roi;;;;;;;;;x
emperor_female_franco_canadian;Première;Première;Première;;Première;;;;;;;;;x
barony_of_franco_canadian;Château of;;;;;;;;;;;;;x
county_of_franco_canadian;Seigneurie of;;;;;;;;;;x
duchy_of_franco_canadian;Arrondissement of;;;;;;;;;;x
kingdom_of_franco_canadian;Province of;;;;;;;;;;x
empire_of_franco_canadian;Royaume of;;;;;;;;;;x

;;;;;;;;;;;;;;
baron_cajun;Chevalier;;;;;;;;;;;;;x
baron_female_cajun;Chevalière;;;;;;;;;;;;;x
count_cajun;Seigneur;Seigneur;Seigneur;;Seigneur;;;;;;;;;x
count_female_cajun;Seigneuresse;Seigneuresse;Seigneuresse;;Seigneuresse;;;;;;;;;x
duke_cajun;Prince;;;;;;;;;x
duke_female_cajun;Princesse;;;;;;;;;x
king_cajun;Grand Prince;;;;;;;;;x
king_female_cajun;Grand Princesse;;;;;;;;;x
emperor_cajun;Empereur;;;;;;;;;x
emperor_female_cajun;Impératrice;;;;;;;;;x
barony_of_cajun;Château of;;;;;;;;;;;;;x
county_of_cajun;Seigneurie of;;;;;;;;;;x
duchy_of_cajun;Principauté of;;;;;;;;;;x
kingdom_of_cajun;Grande Principauté of;;;;;;;;;;x
empire_of_cajun;Empire of;;;;;;;;;;x

baron_brethren;Lieutenant;;;;;;;;;;;;;x
baron_female_brethren;Lieutenant;;;;;;;;;;;;;x
barony_of_brethren;Lieutenancy of;;;;;;;;;;;;;x
temple_barony_of_brethren;Cove of;;;;;;;;;;;;;x
temple_baron_brethren;Corsair;;;;;;;;;;;;;x
temple_baron_female_brethren;Corsair;;;;;;;;;;;;;x
temple_count_brethren;Privateer;;;;;;;;;;;;;x
temple_count_female_brethren;Privateer;;;;;;;;;;;;;x
temple_county_of_brethren;Great Cove of;;;;;;;;;;;;;x
temple_duke_brethren;Quartermaster;;;;;;;;;;;;;x
temple_duke_female_brethren;Quartermaster;;;;;;;;;;;;;x
temple_duchy_of_brethren;Grand Cove of;;;;;;;;;;;;;x
count_brethren;Captain;;;;;;;;;;;;;x
count_female_brethren;Captain;;;;;;;;;;;;;x
county_of_brethren;Captaincy of;;;;;;;;;;;;;x
duke_brethren;Commodore;;;;;;;;;;;;;x
duke_female_brethren;Commodore;;;;;;;;;;;;;x
duchy_of_brethren;Flotilla of;;;;;;;;;;;;;x
king_brethren;Admiral;;;;;;;;;;;;;x
king_female_brethren;Admiral;;;;;;;;;;;;;x
kingdom_of_brethren;Admiralty of;;;;;;;;;;;;;x
emperor_brethren;Grand Admiral;;;;;;;;;;;;;x
emperor_female_brethren;Grand Admiral;;;;;;;;;;;;;x
empire_of_brethren;Grand Admiralty of;;;;;;;;;;;;;x
;;;;;;;;;;;;;;
city_baron_brethren;Landsman;;;;;;;;;;;;;x
city_baron_female_brethren;Landswoman;;;;;;;;;;;;;x
city_barony_of_brethren;Anchorage of;;;;;;;;;;;;;x
city_count_brethren;Harbormaster;;;;;;;;;;;;;x
city_count_female_brethren;Harbormistress;;;;;;;;;;;;;x
city_county_of_brethren;Harbor of;;;;;;;;;;;;;x
city_duke_brethren;Portmaster;;;;;;;;;;;;;x
city_duke_female_brethren;Portmistress;;;;;;;;;;;;;x
city_duchy_of_brethren;Port of;;;;;;;;;;;;;x
droid;Droid;;;;;;;;;x
android;Android;;;;;;;;;x
;;;;;;;;;;;;;;
d_defender_faith;Defender of the Faith;;;;;;;;;x
d_defender_faith_adj;Faithful;;;;;;;;;x
DEFENDER_FAITH;Defender of the Faith;;;;;;;;;x
DEFENDER_FAITH_FOA;Your Highness;;;;;;;;;x
WAR_NAME_RELIGIOUS_defender_faith;Defender of the Faith's war to free Catholics;;;;;;;;;x
CB_NAME_RELIGIOUS_defender_faith;War to free Catholics;;;;;;;;;x
;;;;;;;;;;;;;;
baron_android;Bytent;;;;;;;;;;;;;x
baron_female_android;Bytent;;;;;;;;;;;;;x
barony_of_android;Byte of;;;;;;;;;;;;;x
count_android;Kiloant;;;;;;;;;;;;;x
count_female_android;Kiloant;;;;;;;;;;;;;x
county_of_android;Kilobyte of;;;;;;;;;;;;;x
duke_android;Megant;;;;;;;;;;;;;x
duke_female_android;Megant;;;;;;;;;;;;;x
duchy_of_android;Megabyte of;;;;;;;;;;;;;x
king_android;Gigant;;;;;;;;;;;;;x
king_female_android;Gigant;;;;;;;;;;;;;x
kingdom_of_android;Gigabyte of;;;;;;;;;;;;;x
emperor_android;Terant;;;;;;;;;;;;;x
emperor_female_android;Terant;;;;;;;;;;;;;x
empire_of_android;Terabyte of;;;;;;;;;;;;;x
title_chouri_duke;Chouri;;;;;;;;;;;;;x
title_chouri_duke_desc;This title represents a member of a liege's Choura Council.;;;;;;;;;x,,,,,,,,;;;;
title_chouri_king;Chouri;;;;;;;;;;;;;x
title_chouri_king_desc;This title represents a member of a liege's Choura Council.;;;;;;;;;x,,,,,,,,;;;;
title_chouri_emperor;Chouri;;;;;;;;;;;;;x
title_chouri_emperor_desc;This title represents a member of a liege's Choura Council.;;;;;;;;;x,,,,,,,,;;;;
succ_muslim_elective;Islamic Elective;;;;;;;;;x,,,,,,,,;;;;
succ_muslim_elective_desc;The ruler and each lower rank vassal (i.e. the dukes if the ruler is a king) can nominate a successor from among themselves and legitimate children and siblings of the ruler. Dukes are valid electors in both kingdoms and empires. Elective Succession is very popular with the vassals, but they will not approve if their liege personally holds too many elector titles. Women can never inherit.;;;;;;;;;x,,,,,,,,;;;;
succ_phonocratic_elective;Phonocratic Elective;;;;;;;;;x,,,,,,,,;;;;
succ_phonocratic_elective_desc;The ruler and pious realm vassal (including vassals of vassals) can nominate a successor from among themselves and legitimate children and siblings of the ruler. Elective Succession is very popular with the vassals, but they will not approve if their liege personally holds too many elector titles. Value is based on the amount of people sacrificed.;;;;;;;;;x,,,,,,,,;;;;
succ_salafi_elective;Islamic Commander Elective;;;;;;;;;x,,,,,,,,;;;;
succ_salafi_elective_desc;The Commanders of the ghazwa can influence the selection of the new ruler. Unlike a regular elective monarchy, ghazwa electors choose a successor based on physical strength and military skill. Commanders can only elect a new ruler from among their peers. Women can never inherit.;;;;;;;;;x,,,,,,,,;;;;
phonocratic_government;Phonocratic;;;;;;;;;x,,,,,,,,;;;;
phonocratic_government_desc;Phonocracy is a type of government practised by faiths that put great value in human sacrifice. Inspired by the legendary reigns of terror where lives were regularly given to their gods, in a phonocracy the main merit of an individual is how much blood they have spilled in the name of a deity. Urban population is taxed more for their lives than for their money, and the rulers of phonocratic realms are elected based on their devotion rather than any sort of skill.;;;;;;;;;x,,,,,,,,;;;;
ghazwa_government;Ghazwa;;;;;;;;;x,,,,,,,,;;;;
ghazwa_government_desc;The Ghazwa system resembles more of an army with a state than its vice versa. Still dependent on the oath between liege and vassal, the liege in a ghazwa is a commander elected among his peers for his leadership skills. The elected ruler has a divine obligation to spread the one true word far and wide under any means necessary. Unruly vassals are not tolerated, and places of worship are equally a source of manpower as they are faith.;;;;;;;;;x,,,,,,,,;;;;
;;;;;;;;;;;;;;
temple_baron_female_thelemic_reformed;Witch;Witch;Witch;;Witch;;;;;;;;;x
temple_count_thelemic_reformed;Archmage;Archmage;Archmage;;Archmage;;;;;;;;;x
temple_count_female_thelemic_reformed;Archwitch;Archwitch;Archwitch;;Archwitch;;;;;;;;;x
temple_barony_of_thelemic_reformed;Lodge of;Lodge of;Lodge of;;Lodge of;;;;;;;;;x
temple_county_of_thelemic_reformed;Great Lodge of;Great Lodge of;Great Lodge of;;Great Lodge of;;;;;;;;;x
temple_duchy_of_thelemic_reformed;Grand Lodge of;Grand Lodge of;Grand Lodge of;Grand Lodge of;;;;;;;;;x
temple_kingdom_of_thelemic_reformed;Conventicle of;Conventicle of;Conventicle of;Conventicle of;;;;;;;;;x
temple_duke_thelemic_reformed;Grand Mage;Grand Mage;Grand Mage;;Grand Mage;;;;;;;;;x
temple_duke_female_thelemic_reformed;Grand Witch;Grand Witch;Grand Witch;;Grand Witch;;;;;;;;;x
temple_king_thelemic_reformed;Mage King;Mage King;Mage King;;Mage King;;;;;;;;;x
temple_king_female_thelemic_reformed;Witch Queen;Witch Queen;Witch Queen;;Witch Queen;;;;;;;;;x
;;;;;;;;;;;;;;
temple_baron_female_thelemic;Witch;Witch;Witch;;Witch;;;;;;;;;x
temple_count_thelemic;Archmage;Archmage;Archmage;;Archmage;;;;;;;;;x
temple_count_female_thelemic;Archwitch;Archwitch;Archwitch;;Archwitch;;;;;;;;;x
temple_barony_of_thelemic;Lodge of;Lodge of;Lodge of;;Lodge of;;;;;;;;;x
temple_county_of_thelemic;Great Lodge of;Great Lodge of;Great Lodge of;;Great Lodge of;;;;;;;;;x
temple_duchy_of_thelemic;Grand Lodge of;Grand Lodge of;Grand Lodge of;Grand Lodge of;;;;;;;;;x
temple_kingdom_of_thelemic;Conventicle of;Conventicle of;Conventicle of;Conventicle of;;;;;;;;;x
temple_duke_thelemic;Grand Mage;Grand Mage;Grand Mage;;Grand Mage;;;;;;;;;x
temple_duke_female_thelemic;Grand Witch;Grand Witch;Grand Witch;;Grand Witch;;;;;;;;;x
temple_king_thelemic;Mage King;Mage King;Mage King;;Mage King;;;;;;;;;x
temple_king_female_thelemic;Witch Queen;Witch Queen;Witch Queen;;Witch Queen;;;;;;;;;x
;;;;;;;;;;;;;;
temple_baron_buddhist_group;Bhikkhu;Bhikkhu;Bhikkhu;;Bhikkhu;;;;;;;;;x
temple_baron_female_buddhist_group;Bhikkhuni;Bhikkhuni;Bhikkhuni;;Bhikkhuni;;;;;;;;;x
temple_barony_of_buddhist_group;Temple of;Temple of;Temple of;;Temple of;;;;;;;;;x

temple_baron_ironist;Smith;;;;;;;;;x
temple_baron_female_ironist;Smith;;;;;;;;;x
temple_count_ironist;Arch-Smith;;;;;;;;;x
temple_count_female_ironist;Arch-Smith;;;;;;;;;x
temple_duke_ironist;Grand Smith;;;;;;;;;x
temple_duke_female_ironist;Grand Smith;;;;;;;;;x
temple_barony_of_ironist;Smithery of;Smithery of;Smithery of;;Smithery of;;;;;;;;;x
temple_county_of_ironist;Arch-Smithery of;;;;;;;;;;x
temple_duchy_of_ironist;Factory of;;;;;;;;;;x
;;;;;;;;;;;;;;
count_igbo;Onyeisi;;;;;;;;;;x
duke_igbo;Ukwu Onyeisi;;;;;;;;;;x
duke_female_igbo;Ukwu Onyeisia;;;;;;;;;;x
king_igbo;Eze;;;;;;;;;;x
king_female_igbo;Ezea;;;;;;;;;;x
county_of_igbo;County of;;;;;;;;;;x
emperor_igbo;Sisa;;;;;;;;;;x
duchy_of_igbo;Duki of;;;;;;;;;;x
kingdom_of_igbo;Alaeze of;;;;;;;;;;x
;;;;;;;;;;;;;;
emperor_thelemic;Lord Protector;Lord Protector;Lord Protector;;Lord Protector;;;;;;;;;x
emperor_female_thelemic;Lady Protector;Lady Protector;Lady Protector;;Lady Protector;;;;;;;;;x
emperor_salihi;Sultan;;;;;;;;;;;;;x
emperor_female_salihi;Sultana;;;;;;;;;;;;;x
empire_of_salihi;Sultanate of;;;;;;;;;;;;;x
king_salihi;Malik;;;;;;;;;;;;;x
king_female_salihi;Malika;;;;;;;;;;;;;x
kingdom_of_salihi;Malikate of;;;;;;;;;;;;;x
duke_salihi;Emir;;;;;;;;;;;;;x
duke_female_salihi;Emira;;;;;;;;;;;;;x
duchy_of_salihi;Emirate of;;;;;;;;;;;;;x
count_salihi;Sheikh;;;;;;;;;;;;;x
count_female_salihi;Sheikha;;;;;;;;;;;;;x
county_of_salihi;Sheikhdom of;;;;;;;;;;;;;x
baron_salihi;Wali;;;;;;;;;;;;;x
baron_female_salihi;Waliya;;;;;;;;;;;;;x
temple_barony_of_salihi;Mosque of;;;;;;;;;;;;;x
temple_baron_salihi;Imam;;;;;;;;;;;;;x
temple_county_of_salihi;Grand Mosque of;;;;;;;;;;;;;x
temple_count_salihi;Mufti;;;;;;;;;;;;;x
temple_duchy_of_salihi;Imamate of;;;;;;;;;;;;;x
temple_duke_salihi;Grand Imam;;;;;;;;;;;;;x
temple_kingdom_of_salihi;Muftiate of;;;;;;;;;;;;;x
temple_king_salihi;Grand Mufti;;;;;;;;;;;;;x
;;;;;;;;;;;;;;

emperor_sufi;Sultan;;;;;;;;;;;;;x
emperor_female_sufi;Sultana;;;;;;;;;;;;;x
empire_of_sufi;Sultanate of;;;;;;;;;;;;;x
king_sufi;Malik;;;;;;;;;;;;;x
king_female_sufi;Malika;;;;;;;;;;;;;x
kingdom_of_sufi;Malikate of;;;;;;;;;;;;;x
duke_sufi;Emir;;;;;;;;;;;;;x
duke_female_sufi;Emira;;;;;;;;;;;;;x
duchy_of_sufi;Emirate of;;;;;;;;;;;;;x
count_sufi;Sheikh;;;;;;;;;;;;;x
count_female_sufi;Sheikha;;;;;;;;;;;;;x
county_of_sufi;Sheikhdom of;;;;;;;;;;;;;x
baron_sufi;Wali;;;;;;;;;;;;;x
baron_female_sufi;Waliya;;;;;;;;;;;;;x
temple_barony_of_sufi;Mosque of;;;;;;;;;;;;;x
temple_baron_sufi;Imam;;;;;;;;;;;;;x
temple_county_of_sufi;Grand Mosque of;;;;;;;;;;;;;x
temple_count_sufi;Mufti;;;;;;;;;;;;;x
temple_duchy_of_sufi;Imamate of;;;;;;;;;;;;;x
temple_duke_sufi;Grand Imam;;;;;;;;;;;;;x
temple_kingdom_of_sufi;Muftiate of;;;;;;;;;;;;;x
temple_king_sufi;Grand Mufti;;;;;;;;;;;;;x
;;;;;;;;;;;;;;

temple_barony_of_juggalo;Temple of;;;;;;;;;;;;;x
temple_baron_juggalo;Priest;;;;;;;;;;;;;x
temple_baron_female_juggalo;Priestess;;;;;;;;;;;;;x
temple_county_of_juggalo;Congregation of;;;;;;;;;;;;;x
temple_count_juggalo;Grand Priest;;;;;;;;;;;;;x
temple_count_female_juggalo;Grand Priestess;;;;;;;;;;;;;x
temple_duchy_of_juggalo;Carnival Princedom of;;;;;;;;;;;;;x
temple_duke_juggalo;Princely Priest;;;;;;;;;;;;;x
temple_duke_female_juggalo;Princely Priestess;;;;;;;;;;;;;x
temple_kingdom_of_juggalo;Carnival Kingdom of;;;;;;;;;;;;;x
temple_king_juggalo;King Priest;;;;;;;;;;;;;x
temple_king_female_juggalo;Queen Priestess;;;;;;;;;;;;;x
;;;;;;;;;;;;;;

temple_barony_of_gator_pagan;Temple of;;;;;;;;;;;;;x
temple_baron_gator_pagan;Handler;;;;;;;;;;;;;x
temple_baron_female_gator_pagan;Handler;;;;;;;;;;;;;x
temple_county_of_gator_pagan;Grand Temple of;;;;;;;;;;;;;x
temple_count_gator_pagan;Gator Priest;;;;;;;;;;;;;x
temple_count_female_gator_pagan;Gator Priestess;;;;;;;;;;;;;x
temple_duchy_of_gator_pagan;Garden State of;;;;;;;;;;;;;x
temple_duke_gator_pagan;Master Priest;;;;;;;;;;;;;x
temple_duke_female_gator_pagan;Master Priestess;;;;;;;;;;;;;x
temple_kingdom_of_gator_pagan;Garden Kingdom of;;;;;;;;;;;;;x
temple_king_gator_pagan;King Priest;;;;;;;;;;;;;x
temple_king_female_gator_pagan;Queen Priestess;;;;;;;;;;;;;x
;;;;;;;;;;;;;;

temple_barony_of_gator_pagan_reformed;Temple of;;;;;;;;;;;;;x
temple_baron_gator_pagan_reformed;Handler;;;;;;;;;;;;;x
temple_baron_female_gator_pagan_reformed;Handler;;;;;;;;;;;;;x
temple_county_of_gator_pagan_reformed;Grand Temple of;;;;;;;;;;;;;x
temple_count_gator_pagan_reformed;Gator Priest;;;;;;;;;;;;;x
temple_count_female_gator_pagan_reformed;Gator Priestess;;;;;;;;;;;;;x
temple_duchy_of_gator_pagan_reformed;Gator State of;;;;;;;;;;;;;x
temple_duke_gator_pagan_reformed;Master Priest;;;;;;;;;;;;;x
temple_duke_female_gator_pagan_reformed;Master Priestess;;;;;;;;;;;;;x
temple_kingdom_of_gator_pagan_reformed;Gator Kingdom of;;;;;;;;;;;;;x
temple_king_gator_pagan_reformed;King Priest;;;;;;;;;;;;;x
temple_king_female_gator_pagan_reformed;Queen Priestess;;;;;;;;;;;;;x
;;;;;;;;;;;;;;

temple_barony_of_edenite;Garden Temple of;;;;;;;;;;;;;x
temple_baron_edenite;Priest;;;;;;;;;;;;;x
temple_baron_female_edenite;Priestess;;;;;;;;;;;;;x
temple_county_of_edenite;Grand Temple of;;;;;;;;;;;;;x
temple_count_edenite;Grand Priest;;;;;;;;;;;;;x
temple_count_female_edenite;Grand Priestess;;;;;;;;;;;;;x
temple_duchy_of_edenite;Garden Princedom of;;;;;;;;;;;;;x
temple_duke_edenite;Archbishop;;;;;;;;;;;;;x
temple_duke_female_edenite;Archbishop;;;;;;;;;;;;;x
temple_kingdom_of_edenite;Garden Kingdom of;;;;;;;;;;;;;x
temple_king_edenite;King Bishop;;;;;;;;;;;;;x
temple_king_female_edenite;Queen Bishop;;;;;;;;;;;;;x
;;;;;;;;;;;;;;

temple_barony_of_triumphant;Temple of;;;;;;;;;;;;;x
temple_baron_triumphant;Priest;;;;;;;;;;;;;x
temple_baron_female_triumphant;Priestess;;;;;;;;;;;;;x
temple_county_of_triumphant;Grand Temple of;;;;;;;;;;;;;x
temple_count_triumphant;Grand Priest;;;;;;;;;;;;;x
temple_count_female_triumphant;Grand Priestess;;;;;;;;;;;;;x
temple_duchy_of_triumphant;Triumphant Princedom of;;;;;;;;;;;;;x
temple_duke_triumphant;Exalted Priest;;;;;;;;;;;;;x
temple_duke_female_triumphant;Exalted Priestess;;;;;;;;;;;;;x
temple_kingdom_of_triumphant;Triumphant Kingdom of;;;;;;;;;;;;;x
temple_king_triumphant;Archpriest;;;;;;;;;;;;;x
temple_king_female_triumphant;Archpriestess;;;;;;;;;;;;;x
;;;;;;;;;;;;;;

temple_barony_of_emmaean;Congregation of;;;;;;;;;;;;;x
temple_baron_emmaean;Deacon;;;;;;;;;;;;;x
temple_baron_female_emmaean;Deaconess;;;;;;;;;;;;;x
temple_county_of_emmaean;Grand Congregation of;;;;;;;;;;;;;x
temple_count_emmaean;Grand Deacon;;;;;;;;;;;;;x
temple_count_female_emmaean;Grand Deaconess;;;;;;;;;;;;;x
temple_duchy_of_emmaean;Holy Convention of;;;;;;;;;;;;;x
temple_duke_emmaean;Holy Deacon;;;;;;;;;;;;;x
temple_duke_female_emmaean;Holy Deaconess;;;;;;;;;;;;;x
temple_kingdom_of_emmaean;Angelic Kingdom of;;;;;;;;;;;;;x
temple_king_emmaean;Angelic Deacon;;;;;;;;;;;;;x
temple_king_female_emmaean;Angelic Deaconess;;;;;;;;;;;;;x
;;;;;;;;;;;;;;

temple_barony_of_emmaean_reformed;Congregation of;;;;;;;;;;;;;x
temple_baron_emmaean_reformed;Deacon;;;;;;;;;;;;;x
temple_baron_female_emmaean_reformed;Deaconess;;;;;;;;;;;;;x
temple_county_of_emmaean_reformed;Grand Congregation of;;;;;;;;;;;;;x
temple_count_emmaean_reformed;Grand Deacon;;;;;;;;;;;;;x
temple_count_female_emmaean_reformed;Grand Deaconess;;;;;;;;;;;;;x
temple_duchy_of_emmaean_reformed;Holy Convention of;;;;;;;;;;;;;x
temple_duke_emmaean_reformed;Holy Deacon;;;;;;;;;;;;;x
temple_duke_female_emmaean_reformed;Holy Deaconess;;;;;;;;;;;;;x
temple_kingdom_of_emmaean_reformed;Angelic Kingdom of;;;;;;;;;;;;;x
temple_king_emmaean_reformed;Angelic Deacon;;;;;;;;;;;;;x
temple_king_female_emmaean_reformed;Angelic Deaconess;;;;;;;;;;;;;x
;;;;;;;;;;;;;;

temple_barony_of_mormonic;Branch of;;;;;;;;;;;;;x
temple_baron_mormonic;Elder;;;;;;;;;;;;;x
temple_county_of_mormonic;Ward of;;;;;;;;;;;;;x
temple_count_mormonic;Bishop;;;;;;;;;;;;;x
temple_duchy_of_mormonic;Stake of;;;;;;;;;;;;;x
temple_duke_mormonic;Stake President;;;;;;;;;;;;;x
temple_kingdom_of_mormonic;Area of;;;;;;;;;;;;;x
temple_king_mormonic;Seventy;;;;;;;;;;;;;x
;;;;;;;;;;;;;;

temple_barony_of_peyotist;Temple of;;;;;;;;;;;;;x
temple_baron_peyotist;Medicine Man;;;;;;;;;;;;;x
temple_baron_female_peyotist;Medicine Woman;;;;;;;;;;;;;x
temple_county_of_peyotist;Grand Temple of;;;;;;;;;;;;;x
temple_count_peyotist;Minister;;;;;;;;;;;;;x
temple_count_female_peyotist;Minister;;;;;;;;;;;;;x
temple_duchy_of_peyotist;Enlightened State of;;;;;;;;;;;;;x
temple_duke_peyotist;Enlightened Minister;;;;;;;;;;;;;x
temple_duke_female_peyotist;Enlightened Minister;;;;;;;;;;;;;x
temple_kingdom_of_peyotist;Exalted Kingdom of;;;;;;;;;;;;;x
temple_king_peyotist;Exalted Minister;;;;;;;;;;;;;x
temple_king_female_peyotist;Exalted Minister;;;;;;;;;;;;;x
;;;;;;;;;;;;;;

temple_barony_of_macabrist;Temple of;;;;;;;;;;;;;x
temple_baron_macabrist;Priest;;;;;;;;;;;;;x
temple_baron_female_macabrist;Priestess;;;;;;;;;;;;;x
temple_county_of_macabrist;Grand Temple of;;;;;;;;;;;;;x
temple_count_macabrist;Grand Priest;;;;;;;;;;;;;x
temple_count_female_macabrist;Grand Priestess;;;;;;;;;;;;;x
temple_duchy_of_macabrist;Macabrist State of;;;;;;;;;;;;;x
temple_duke_macabrist;Archbishop;;;;;;;;;;;;;x
temple_duke_female_macabrist;Archbishop;;;;;;;;;;;;;x
temple_kingdom_of_macabrist;Macabrist Kingdom of;;;;;;;;;;;;;x
temple_king_macabrist;King Archbishop;;;;;;;;;;;;;x
temple_king_female_macabrist;Queen Archbishop;;;;;;;;;;;;;x
;;;;;;;;;;;;;;

temple_barony_of_scholastic;Library of;;;;;;;;;;;;;x
temple_baron_scholastic;Librarian;;;;;;;;;;;;;x
temple_baron_female_scholastic;Librarian;;;;;;;;;;;;;x
temple_county_of_scholastic;Grand Library of;;;;;;;;;;;;;x
temple_count_scholastic;Head Librarian;;;;;;;;;;;;;x
temple_count_female_scholastic;Head Librarian;;;;;;;;;;;;;x
temple_duchy_of_scholastic;Scholastic Department of;;;;;;;;;;;;;x
temple_duke_scholastic;Professor;;;;;;;;;;;;;x
temple_duke_female_scholastic;Professor;;;;;;;;;;;;;x
temple_kingdom_of_scholastic;Scholastic Kingdom of;;;;;;;;;;;;;x
temple_king_scholastic;Dean;;;;;;;;;;;;;x
temple_king_female_scholastic;Dean;;;;;;;;;;;;;x
;;;;;;;;;;;;;;

temple_barony_of_highmount;Lodge of;;;;;;;;;;;;;x
temple_baron_highmount;Officer;;;;;;;;;;;;;x
temple_baron_female_highmount;Offier;;;;;;;;;;;;;x
temple_county_of_highmount;Grand Lodge of;;;;;;;;;;;;;x
temple_count_highmount;Mason;;;;;;;;;;;;;x
temple_count_female_highmount;Mason;;;;;;;;;;;;;x
temple_duchy_of_highmount;Provincial Grand Lodge of;;;;;;;;;;;;;x
temple_duke_highmount;Master;;;;;;;;;;;;;x
temple_duke_female_highmount;Master;;;;;;;;;;;;;x
temple_kingdom_of_highmount;United Grand Lodge of;;;;;;;;;;;;;x
temple_king_highmount;Grand Master;;;;;;;;;;;;;x
temple_king_female_highmount;Grand Master;;;;;;;;;;;;;x
;;;;;;;;;;;;;;

temple_barony_of_lakefolk_pagan;Temple of;;;;;;;;;;;;;x
temple_baron_lakefolk_pagan;Priest;;;;;;;;;;;;;x
temple_baron_female_lakefolk_pagan;Priestess;;;;;;;;;;;;;x
temple_county_of_lakefolk_pagan;Grand Temple of;;;;;;;;;;;;;x
temple_count_lakefolk_pagan;Grand Priest;;;;;;;;;;;;;x
temple_count_female_lakefolk_pagan;Grand Priestess;;;;;;;;;;;;;x
temple_duchy_of_lakefolk_pagan;Cosmic Princedom of;;;;;;;;;;;;;x
temple_duke_lakefolk_pagan;Guardian;;;;;;;;;;;;;x
temple_duke_female_lakefolk_pagan;Guardian;;;;;;;;;;;;;x
temple_kingdom_of_lakefolk_pagan;Cosmic Kingdom of;;;;;;;;;;;;;x
temple_king_lakefolk_pagan;Holy Guardian;;;;;;;;;;;;;x
temple_king_female_lakefolk_pagan;Holy Guardian;;;;;;;;;;;;;x
;;;;;;;;;;;;;;

temple_barony_of_lakefolk_pagan_reformed;Temple of;;;;;;;;;;;;;x
temple_baron_lakefolk_pagan_reformed;Priest;;;;;;;;;;;;;x
temple_baron_female_lakefolk_pagan_reformed;Priestess;;;;;;;;;;;;;x
temple_county_of_lakefolk_pagan_reformed;Grand Temple of;;;;;;;;;;;;;x
temple_count_lakefolk_pagan_reformed;Grand Priest;;;;;;;;;;;;;x
temple_count_female_lakefolk_pagan_reformed;Grand Priestess;;;;;;;;;;;;;x
temple_duchy_of_lakefolk_pagan_reformed;Cosmic Princedom of;;;;;;;;;;;;;x
temple_duke_lakefolk_pagan_reformed;Guardian;;;;;;;;;;;;;x
temple_duke_female_lakefolk_pagan_reformed;Guardian;;;;;;;;;;;;;x
temple_kingdom_of_lakefolk_pagan_reformed;Cosmic Kingdom of;;;;;;;;;;;;;x
temple_king_lakefolk_pagan_reformed;Holy Guardian;;;;;;;;;;;;;x
temple_king_female_lakefolk_pagan_reformed;Holy Guardian;;;;;;;;;;;;;x
;;;;;;;;;;;;;;

temple_barony_of_gaian;Temple of;;;;;;;;;;;;;x
temple_baron_gaian;Priest;;;;;;;;;;;;;x
temple_baron_female_gaian;Priestess;;;;;;;;;;;;;x
temple_county_of_gaian;Grand Temple of;;;;;;;;;;;;;x
temple_count_gaian;Grand Priest;;;;;;;;;;;;;x
temple_count_female_gaian;Grand Priestess;;;;;;;;;;;;;x
temple_duchy_of_gaian;Forested Princedom of;;;;;;;;;;;;;x
temple_duke_gaian;Forest Guardian;;;;;;;;;;;;;x
temple_duke_female_gaian;Forest Guardian;;;;;;;;;;;;;x
temple_kingdom_of_gaian;Forested Kingdom of;;;;;;;;;;;;;x
temple_king_gaian;King Guardian;;;;;;;;;;;;;x
temple_king_female_gaian;Queen Guardian;;;;;;;;;;;;;x
;;;;;;;;;;;;;;

temple_barony_of_luddite;Temple of;;;;;;;;;;;;;x
temple_baron_luddite;Priest;;;;;;;;;;;;;x
temple_baron_female_luddite;Priestess;;;;;;;;;;;;;x
temple_county_of_luddite;Grand Temple of;;;;;;;;;;;;;x
temple_count_luddite;Grand Priest;;;;;;;;;;;;;x
temple_count_female_luddite;Grand Priestess;;;;;;;;;;;;;x
temple_duchy_of_luddite;Forested Princedom of;;;;;;;;;;;;;x
temple_duke_luddite;Forest Guardian;;;;;;;;;;;;;x
temple_duke_female_luddite;Forest Guardian;;;;;;;;;;;;;x
temple_kingdom_of_luddite;Forested Kingdom of;;;;;;;;;;;;;x
temple_king_luddite;King Guardian;;;;;;;;;;;;;x
temple_king_female_luddite;Queen Guardian;;;;;;;;;;;;;x
;;;;;;;;;;;;;;

temple_barony_of_delver;Lodge of;;;;;;;;;;;;;x
temple_baron_delver;Wizard;;;;;;;;;;;;;x
temple_baron_female_delver;Witch;;;;;;;;;;;;;x
temple_county_of_delver;Grand Lodge of;;;;;;;;;;;;;x
temple_count_delver;Sorcerer;;;;;;;;;;;;;x
temple_count_female_delver;Sorcereress;;;;;;;;;;;;;x
temple_duchy_of_delver;Provincial Lodge of;;;;;;;;;;;;;x
temple_duke_delver;Grand Sorcerer;;;;;;;;;;;;;x
temple_duke_female_delver;Grand Sorcereress;;;;;;;;;;;;;x
temple_kingdom_of_delver;Magick Kingdom of;;;;;;;;;;;;;x
temple_king_delver;Exalted Sorcerer;;;;;;;;;;;;;x
temple_king_female_delver;Exalted Sorcereress;;;;;;;;;;;;;x
;;;;;;;;;;;;;;

temple_barony_of_delver_reformed;Lodge of;;;;;;;;;;;;;x
temple_baron_delver_reformed;Wizard;;;;;;;;;;;;;x
temple_baron_female_delver_reformed;Witch;;;;;;;;;;;;;x
temple_county_of_delver_reformed;Grand Lodge of;;;;;;;;;;;;;x
temple_count_delver_reformed;Sorcerer;;;;;;;;;;;;;x
temple_count_female_delver_reformed;Sorcereress;;;;;;;;;;;;;x
temple_duchy_of_delver_reformed;Provincial Lodge of;;;;;;;;;;;;;x
temple_duke_delver_reformed;Grand Sorcerer;;;;;;;;;;;;;x
temple_duke_female_delver_reformed;Grand Sorcereress;;;;;;;;;;;;;x
temple_kingdom_of_delver_reformed;Magick Kingdom of;;;;;;;;;;;;;x
temple_king_delver_reformed;Exalted Sorcerer;;;;;;;;;;;;;x
temple_king_female_delver_reformed;Exalted Sorcereress;;;;;;;;;;;;;x
;;;;;;;;;;;;;;

temple_barony_of_antiquarianist;Workshop of;;;;;;;;;;;;;x
temple_baron_antiquarianist;Builder;;;;;;;;;;;;;x
temple_baron_female_antiquarianist;Builder;;;;;;;;;;;;;x
temple_county_of_antiquarianist;Factory of;;;;;;;;;;;;;x
temple_count_antiquarianist;Assembler;;;;;;;;;;;;;x
temple_count_female_antiquarianist;Assembler;;;;;;;;;;;;;x
temple_duchy_of_antiquarianist;Regional Warehouse of;;;;;;;;;;;;;x
temple_duke_antiquarianist;Collector;;;;;;;;;;;;;x
temple_duke_female_antiquarianist;Collector;;;;;;;;;;;;;x
temple_kingdom_of_antiquarianist;Factory Domain of;;;;;;;;;;;;;x
temple_king_antiquarianist;Master Assembler;;;;;;;;;;;;;x
temple_king_female_antiquarianist;Master Assembler;;;;;;;;;;;;;x
;;;;;;;;;;;;;;

temple_barony_of_antiquarianist_reformed;Workshop of;;;;;;;;;;;;;x
temple_baron_antiquarianist_reformed;Builder;;;;;;;;;;;;;x
temple_baron_female_antiquarianist_reformed;Builder;;;;;;;;;;;;;x
temple_county_of_antiquarianist_reformed;Factory of;;;;;;;;;;;;;x
temple_count_antiquarianist_reformed;Assembler;;;;;;;;;;;;;x
temple_count_female_antiquarianist_reformed;Assembler;;;;;;;;;;;;;x
temple_duchy_of_antiquarianist_reformed;Regional Warehouse of;;;;;;;;;;;;;x
temple_duke_antiquarianist_reformed;Collector;;;;;;;;;;;;;x
temple_duke_female_antiquarianist_reformed;Collector;;;;;;;;;;;;;x
temple_kingdom_of_antiquarianist_reformed;Factory Domain of;;;;;;;;;;;;;x
temple_king_antiquarianist_reformed;Master Assembler;;;;;;;;;;;;;x
temple_king_female_antiquarianist_reformed;Master Assembler;;;;;;;;;;;;;x
;;;;;;;;;;;;;;

temple_barony_of_gibborim;Temple of;;;;;;;;;;;;;x
temple_baron_gibborim;Priest;;;;;;;;;;;;;x
temple_baron_female_gibborim;Priestess;;;;;;;;;;;;;x
temple_county_of_gibborim;Grand Temple of;;;;;;;;;;;;;x
temple_count_gibborim;Grand Priest;;;;;;;;;;;;;x
temple_count_female_gibborim;Grand Priestess;;;;;;;;;;;;;x
temple_duchy_of_gibborim;Divine Princedom of;;;;;;;;;;;;;x
temple_duke_gibborim;Harvester;;;;;;;;;;;;;x
temple_duke_female_gibborim;Harvester;;;;;;;;;;;;;x
temple_kingdom_of_gibborim;Divinely Harvested Kingdom of;;;;;;;;;;;;;x
temple_king_gibborim;King of the Harvest;;;;;;;;;;;;;x
temple_king_female_gibborim;Queen of the Harvest;;;;;;;;;;;;;x
;;;;;;;;;;;;;;

temple_barony_of_marked;Temple of;;;;;;;;;;;;;x
temple_baron_marked;Priest;;;;;;;;;;;;;x
temple_baron_female_marked;Priestess;;;;;;;;;;;;;x
temple_county_of_marked;Repentant Temple of;;;;;;;;;;;;;x
temple_count_marked;Repentant Priest;;;;;;;;;;;;;x
temple_count_female_marked;Repentant Priestess;;;;;;;;;;;;;x
temple_duchy_of_marked;Repentant Princedom of;;;;;;;;;;;;;x
temple_duke_marked;Repentant Archpriest;;;;;;;;;;;;;x
temple_duke_female_marked;Repentant Archpriestess;;;;;;;;;;;;;x
temple_kingdom_of_marked;Marked Kingdom of;;;;;;;;;;;;;x
temple_king_marked;King Archpriest;;;;;;;;;;;;;x
temple_king_female_marked;Queen Archpriest;;;;;;;;;;;;;x
;;;;;;;;;;;;;;

baron_libertalian;Lieutenant;;;;;;;;;;;;;x
baron_female_libertalian;Lieutenant;;;;;;;;;;;;;x
barony_of_libertalian;Lieutenancy of;;;;;;;;;;;;;x
temple_barony_of_libertalian;Cove of;;;;;;;;;;;;;x
temple_baron_libertalian;Marauder;;;;;;;;;;;;;x
temple_baron_female_libertalian;Marauder;;;;;;;;;;;;;x
temple_count_libertalian;Privateer;;;;;;;;;;;;;x
temple_count_female_libertalian;Privateer;;;;;;;;;;;;;x
temple_county_of_libertalian;Great Cove of;;;;;;;;;;;;;x
temple_duke_libertalian;Quartermaster;;;;;;;;;;;;;x
temple_duke_female_libertalian;Quartermaster;;;;;;;;;;;;;x
temple_duchy_of_libertalian;Grand Cove of;;;;;;;;;;;;;x

temple_barony_of_haiti_voodoo;Congregation of;;;;;;;;;;;;;x
temple_baron_haiti_voodoo;Elder;;;;;;;;;;;;;x
temple_baron_female_haiti_voodoo;Elder;;;;;;;;;;;;;x
temple_county_of_haiti_voodoo;Temple of;;;;;;;;;;;;;x
temple_count_haiti_voodoo;High Elder;;;;;;;;;;;;;x
temple_count_female_haiti_voodoo;High Elder;;;;;;;;;;;;;x
temple_duchy_of_haiti_voodoo;Grand Temple of;;;;;;;;;;;;;x
temple_duke_haiti_voodoo;Grand Elder;;;;;;;;;;;;;x
temple_duke_female_haiti_voodoo;Grand Elder;;;;;;;;;;;;;x
temple_kingdom_of_haiti_voodoo;Blessed Kingdom of;;;;;;;;;;;;;x
temple_king_haiti_voodoo;King Elder;;;;;;;;;;;;;x
temple_king_female_haiti_voodoo;Queen Elder;;;;;;;;;;;;;x
;;;;;;;;;;;;;;

temple_barony_of_hoodoo;Congregation of;;;;;;;;;;;;;x
temple_baron_hoodoo;Elder;;;;;;;;;;;;;x
temple_baron_female_hoodoo;Elder;;;;;;;;;;;;;x
temple_county_of_hoodoo;Temple of;;;;;;;;;;;;;x
temple_count_hoodoo;High Elder;;;;;;;;;;;;;x
temple_count_female_hoodoo;High Elder;;;;;;;;;;;;;x
temple_duchy_of_hoodoo;Grand Temple of;;;;;;;;;;;;;x
temple_duke_hoodoo;Grand Elder;;;;;;;;;;;;;x
temple_duke_female_hoodoo;Grand Elder;;;;;;;;;;;;;x
temple_kingdom_of_hoodoo;Blessed Kingdom of;;;;;;;;;;;;;x
temple_king_hoodoo;King Elder;;;;;;;;;;;;;x
temple_king_female_hoodoo;Queen Elder;;;;;;;;;;;;;x
;;;;;;;;;;;;;;

temple_baron_shangava;Pujari;;;;;;;;;x
temple_barony_of_shangava;Temple of;;;;;;;;;;;;;x
temple_county_of_shangava;Grand Temple of;;;;;;;;;;;;;x
temple_count_shangava;Grand Pujari;;;;;;;;;;;;;x
temple_duchy_of_shangava;Exalted Temple of;;;;;;;;;;;;;x
temple_duke_shangava;Exalted Pujari;;;;;;;;;;;;;x
temple_kingdom_of_shangava;Divine Princedom of;;;;;;;;;;;;;x
temple_king_shangava;Pujari Prince;;;;;;;;;;;;;x
;;;;;;;;;;;;;;

temple_barony_of_postdiluvian;Congregation of;;;;;;;;;;;;;x
temple_baron_postdiluvian;Deacon;;;;;;;;;;;;;x
temple_baron_female_postdiluvian;Deaconess;;;;;;;;;;;;;x
temple_county_of_postdiluvian;Church of;;;;;;;;;;;;;x
temple_count_postdiluvian;Pastor;;;;;;;;;;;;;x
temple_count_female_postdiluvian;Pastor;;;;;;;;;;;;;x
temple_duchy_of_postdiluvian;Enlightened State of;;;;;;;;;;;;;x
temple_duke_postdiluvian;Reverend;;;;;;;;;;;;;x
temple_duke_female_postdiluvian;Reverend;;;;;;;;;;;;;x
temple_kingdom_of_postdiluvian;Enlightened Kingdom of;;;;;;;;;;;;;x
temple_king_postdiluvian;Exalted Reverend;;;;;;;;;;;;;x
temple_king_female_postdiluvian;Exalted Reverend;;;;;;;;;;;;;x
;;;;;;;;;;;;;;

temple_barony_of_lone_star;Congregation of;;;;;;;;;;;;;x
temple_baron_lone_star;Deacon;;;;;;;;;;;;;x
temple_baron_female_lone_star;Deaconess;;;;;;;;;;;;;x
temple_county_of_lone_star;Church of;;;;;;;;;;;;;x
temple_count_lone_star;Pastor;;;;;;;;;;;;;x
temple_count_female_lone_star;Pastor;;;;;;;;;;;;;x
temple_duchy_of_lone_star;Enlightened State of;;;;;;;;;;;;;x
temple_duke_lone_star;Reverend;;;;;;;;;;;;;x
temple_duke_female_lone_star;Reverend;;;;;;;;;;;;;x
temple_kingdom_of_lone_star;Enlightened Kingdom of;;;;;;;;;;;;;x
temple_king_lone_star;Exalted Reverend;;;;;;;;;;;;;x
temple_king_female_lone_star;Exalted Reverend;;;;;;;;;;;;;x
;;;;;;;;;;;;;;

temple_barony_of_harmonic;Shrine of;;;;;;;;;;;;;x
temple_baron_harmonic;Vocalist;;;;;;;;;;;;;x
temple_baron_female_harmonic;Vocalist;;;;;;;;;;;;;x
temple_county_of_harmonic;Temple of;;;;;;;;;;;;;x
temple_count_harmonic;Troubadour;;;;;;;;;;;;;x
temple_count_female_harmonic;Troubadour;;;;;;;;;;;;;x
temple_duchy_of_harmonic;Harmonic State of;;;;;;;;;;;;;x
temple_duke_harmonic;Songbird;;;;;;;;;;;;;x
temple_duke_female_harmonic;Songbird;;;;;;;;;;;;;x
temple_kingdom_of_harmonic;Harmonic Kingdom of;;;;;;;;;;;;;x
temple_king_harmonic;Chanter;;;;;;;;;;;;;x
temple_king_female_harmonic;Chanter;;;;;;;;;;;;;x
;;;;;;;;;;;;;;

temple_barony_of_resurrectionist;Temple of;;;;;;;;;;;;;x
temple_baron_resurrectionist;Priest;;;;;;;;;;;;;x
temple_baron_female_resurrectionist;Priestess;;;;;;;;;;;;;x
temple_county_of_resurrectionist;Grand Temple of;;;;;;;;;;;;;x
temple_count_resurrectionist;Grand Priest;;;;;;;;;;;;;x
temple_count_female_resurrectionist;Grand Priestess;;;;;;;;;;;;;x
temple_duchy_of_resurrectionist;Resurrected State of;;;;;;;;;;;;;x
temple_duke_resurrectionist;Exalted Priest;;;;;;;;;;;;;x
temple_duke_female_resurrectionist;Exalted Priestess;;;;;;;;;;;;;x
temple_kingdom_of_resurrectionist;Divine Kingdom of;;;;;;;;;;;;;x
temple_king_resurrectionist;Holy King Priest;;;;;;;;;;;;;x
temple_king_female_resurrectionist;Holy Queen Priestess;;;;;;;;;;;;;x
;;;;;;;;;;;;;;

temple_barony_of_gridiron;Field of;;;;;;;;;;;;;x
temple_baron_gridiron;Linebacker;;;;;;;;;;;;;x
temple_baron_female_gridiron;Linebacker;;;;;;;;;;;;;x
temple_county_of_gridiron;Great Field of;;;;;;;;;;;;;x
temple_count_gridiron;Running Back;;;;;;;;;;;;;x
temple_count_female_gridiron;Running Back;;;;;;;;;;;;;x
temple_duchy_of_gridiron;Sporting State of;;;;;;;;;;;;;x
temple_duke_gridiron;Wide Receiver;;;;;;;;;;;;;x
temple_duke_female_gridiron;Wide Receiver;;;;;;;;;;;;;x
temple_kingdom_of_gridiron;Stadium of;;;;;;;;;;;;;x
temple_king_gridiron;Quarterback;;;;;;;;;;;;;x
temple_king_female_gridiron;Quarterback;;;;;;;;;;;;;x
;;;;;;;;;;;;;;

temple_barony_of_shriner;Temple of;;;;;;;;;;;;;x
temple_baron_shriner;Initiate;;;;;;;;;;;;;x
temple_baron_female_shriner;Initiate;;;;;;;;;;;;;x
temple_county_of_shriner;Grand Temple of;;;;;;;;;;;;;x
temple_count_shriner;High Priest;;;;;;;;;;;;;x
temple_count_female_shriner;High Priestess;;;;;;;;;;;;;x
temple_duchy_of_shriner;Emirate of;;;;;;;;;;;;;x
temple_duke_shriner;Oriental Guide;;;;;;;;;;;;;x
temple_duke_female_shriner;Oriental Guide;;;;;;;;;;;;;x
temple_kingdom_of_shriner;Grand Emirate of;;;;;;;;;;;;;x
temple_king_shriner;Chief Rabban;;;;;;;;;;;;;x
temple_king_female_shriner;Chief Rabban;;;;;;;;;;;;;x
;;;;;;;;;;;;;;

temple_barony_of_citrus_scientology;Temple of;;;;;;;;;;;;;x
temple_baron_citrus_scientology;Priest;;;;;;;;;;;;;x
temple_baron_female_citrus_scientology;Priestess;;;;;;;;;;;;;x
temple_county_of_citrus_scientology;Grand Temple of;;;;;;;;;;;;;x
temple_count_citrus_scientology;Grand Priest;;;;;;;;;;;;;x
temple_count_female_citrus_scientology;Grand Priestess;;;;;;;;;;;;;x
temple_duchy_of_citrus_scientology;Holy Principality of;;;;;;;;;;;;;x
temple_duke_citrus_scientology;Exalted Priest;;;;;;;;;;;;;x
temple_duke_female_citrus_scientology;Exalted Priestess;;;;;;;;;;;;;x
temple_kingdom_of_citrus_scientology;Rapture Kingdom of;;;;;;;;;;;;;x
temple_king_citrus_scientology;Archpriest;;;;;;;;;;;;;x
temple_king_female_citrus_scientology;Archpriestess;;;;;;;;;;;;;x
;;;;;;;;;;;;;;

temple_barony_of_madonnite;Temple of;;;;;;;;;;;;;x
temple_baron_madonnite;Priest;;;;;;;;;;;;;x
temple_baron_female_madonnite;Priestess;;;;;;;;;;;;;x
temple_county_of_madonnite;Grand Temple of;;;;;;;;;;;;;x
temple_count_madonnite;Grand Priest;;;;;;;;;;;;;x
temple_count_female_madonnite;Grand Priestess;;;;;;;;;;;;;x
temple_duchy_of_madonnite;Holy Princedom of;;;;;;;;;;;;;x
temple_duke_madonnite;Archpriest;;;;;;;;;;;;;x
temple_duke_female_madonnite;Archpriestess;;;;;;;;;;;;;x
temple_kingdom_of_madonnite;Madonnite Kingdom of;;;;;;;;;;;;;x
temple_king_madonnite;King Archpriest;;;;;;;;;;;;;x
temple_king_female_madonnite;Queen Archpriestess;;;;;;;;;;;;;x
;;;;;;;;;;;;;;

temple_barony_of_kemetic;Temple of;;;;;;;;;;;;;x
temple_baron_kemetic;Priest;;;;;;;;;;;;;x
temple_baron_female_kemetic;Priestess;;;;;;;;;;;;;x
temple_county_of_kemetic;Grand Temple of;;;;;;;;;;;;;x
temple_count_kemetic;Grand Priest;;;;;;;;;;;;;x
temple_count_female_kemetic;Grand Priestess;;;;;;;;;;;;;x
temple_duchy_of_kemetic;Amun Princedom of;;;;;;;;;;;;;x
temple_duke_kemetic;Archpriest;;;;;;;;;;;;;x
temple_duke_female_kemetic;Archpriestess;;;;;;;;;;;;;x
temple_kingdom_of_kemetic;Amun Kingdom of;;;;;;;;;;;;;x
temple_king_kemetic;Grand Archpriest;;;;;;;;;;;;;x
temple_king_female_kemetic;Grand Archpriestess;;;;;;;;;;;;;x
;;;;;;;;;;;;;;

temple_barony_of_amunite;Temple of;;;;;;;;;;;;;x
temple_baron_amunite;Priest;;;;;;;;;;;;;x
temple_baron_female_amunite;Priestess;;;;;;;;;;;;;x
temple_county_of_amunite;Grand Temple of;;;;;;;;;;;;;x
temple_count_amunite;Grand Priest;;;;;;;;;;;;;x
temple_count_female_amunite;Grand Priestess;;;;;;;;;;;;;x
temple_duchy_of_amunite;Azure Princedom of;;;;;;;;;;;;;x
temple_duke_amunite;Azure Priest;;;;;;;;;;;;;x
temple_duke_female_amunite;Azure Priestess;;;;;;;;;;;;;x
temple_kingdom_of_amunite;Azure Kingdom of;;;;;;;;;;;;;x
temple_king_amunite;Azure Archpriest;;;;;;;;;;;;;x
temple_king_female_amunite;Azure Archpriestess;;;;;;;;;;;;;x
;;;;;;;;;;;;;;

temple_barony_of_solar;Sun Shrine of;;;;;;;;;;;;;x
temple_baron_solar;Sun Priest;;;;;;;;;;;;;x
temple_baron_female_solar;Sun Priestess;;;;;;;;;;;;;x
temple_county_of_solar;Sun Temple of;;;;;;;;;;;;;x
temple_count_solar;Grand Sun Priest;;;;;;;;;;;;;x
temple_count_female_solar;Grand Sun Priestess;;;;;;;;;;;;;x
temple_duchy_of_solar;Solar Princedom of;;;;;;;;;;;;;x
temple_duke_solar;Solar Attendant;;;;;;;;;;;;;x
temple_duke_female_solar;Solar Attendant;;;;;;;;;;;;;x
temple_kingdom_of_solar;Solar State of;;;;;;;;;;;;;x
temple_king_solar;Exalted Solar Attendant;;;;;;;;;;;;;x
temple_king_female_solar;Exalted Solar Attendant;;;;;;;;;;;;;x
;;;;;;;;;;;;;;

temple_barony_of_raelian;Temple of;;;;;;;;;;;;;x
temple_baron_raelian;Priest;;;;;;;;;;;;;x
temple_baron_female_raelian;Priestess;;;;;;;;;;;;;x
temple_county_of_raelian;Grand Temple of;;;;;;;;;;;;;x
temple_count_raelian;Grand Priest;;;;;;;;;;;;;x
temple_count_female_raelian;Grand Priestess;;;;;;;;;;;;;x
temple_duchy_of_raelian;Enlightened Princedom of;;;;;;;;;;;;;x
temple_duke_raelian;Guide;;;;;;;;;;;;;x
temple_duke_female_raelian;Guide;;;;;;;;;;;;;x
temple_kingdom_of_raelian;Enlightened Kingdom of;;;;;;;;;;;;;x
temple_king_raelian;Greater Guide;;;;;;;;;;;;;x
temple_king_female_raelian;Greater Guide;;;;;;;;;;;;;x
;;;;;;;;;;;;;;

temple_barony_of_gaiwiio;Longhouse of;;;;;;;;;;;;;x
temple_baron_gaiwiio;Preacher;;;;;;;;;;;;;x
temple_baron_female_gaiwiio;Preacher;;;;;;;;;;;;;x
temple_county_of_gaiwiio;Grand Longhouse of;;;;;;;;;;;;;x
temple_count_gaiwiio;Messenger;;;;;;;;;;;;;x
temple_count_female_gaiwiio;Messenger;;;;;;;;;;;;;x
temple_duchy_of_gaiwiio;Longhouse State of;;;;;;;;;;;;;x
temple_duke_gaiwiio;Great Messenger;;;;;;;;;;;;;x
temple_duke_female_gaiwiio;Great Messenger;;;;;;;;;;;;;x
temple_kingdom_of_gaiwiio;Longhouse Kingdom of;;;;;;;;;;;;;x
temple_king_gaiwiio;King Preacher;;;;;;;;;;;;;x
temple_king_female_gaiwiio;Queen Preacher;;;;;;;;;;;;;x
;;;;;;;;;;;;;;

#Loc for Neolatins
emperor_canadensium;Imperator;;;;;;;;;;;;;x
emperor_female_canadensium;Imperatrice;;;;;;;;;;;;;x
empire_of_canadensium;Imperio de;;;;;;;;;;;;;x
king_canadensium;Rege;;;;;;;;;;;;;x
king_female_canadensium;Regina;;;;;;;;;;;;;x
kingdom_of_canadensium;Regno de;;;;;;;;;;;;;x
duke_canadensium;Duc;;;;;;;;;;;;;x
duke_female_canadensium;Ducessa;;;;;;;;;;;;;x
duchy_of_canadensium;Ducato de;;;;;;;;;;;;;x
count_canadensium;Conte;;;;;;;;;;;;;x
count_female_canadensium;Contessa;;;;;;;;;;;;;x
county_of_canadensium;Contato de;;;;;;;;;;;;;x
baron_canadensium;Patrono;;;;;;;;;;;;;x
baron_female_canadensium;Patrona;;;;;;;;;;;;;x
barony_of_canadensium;Castello de;;;;;;;;;;;;;x
temple_barony_of_canadensium;Templo de;;;;;;;;;;;;;x
city_barony_of_canadensium;Citate de;;;;;;;;;;;;;x
;;;;;;;;;;;;;;

emperor_montanum;Imperator;;;;;;;;;;;;;x
emperor_female_montanum;Imperatrice;;;;;;;;;;;;;x
empire_of_montanum;Imperio de;;;;;;;;;;;;;x
king_montanum;Rege;;;;;;;;;;;;;x
king_female_montanum;Regina;;;;;;;;;;;;;x
kingdom_of_montanum;Regno de;;;;;;;;;;;;;x
duke_montanum;Duc;;;;;;;;;;;;;x
duke_female_montanum;Ducessa;;;;;;;;;;;;;x
duchy_of_montanum;Ducato de;;;;;;;;;;;;;x
count_montanum;Conte;;;;;;;;;;;;;x
count_female_montanum;Contessa;;;;;;;;;;;;;x
county_of_montanum;Contato de;;;;;;;;;;;;;x
baron_montanum;Patrono;;;;;;;;;;;;;x
baron_female_montanum;Patrona;;;;;;;;;;;;;x
barony_of_montanum;Castello de;;;;;;;;;;;;;x
temple_barony_of_montanum;Templo de;;;;;;;;;;;;;x
city_barony_of_montanum;Citate de;;;;;;;;;;;;;x
;;;;;;;;;;;;;;

#Shinto Loc
temple_barony_of_shintoist_group;Shrine of;;;;;;;;;;;;;x
temple_baron_shintoist_group;Priest;;;;;;;;;;;;;x
temple_baron_female_shintoist_group;Priestess;;;;;;;;;;;;;x
temple_county_of_shintoist_group;Grand Shrine of;;;;;;;;;;;;;x
temple_count_shintoist_group;Grand Priest;;;;;;;;;;;;;x
temple_count_female_shintoist_group;Grand Priestess;;;;;;;;;;;;;x
temple_duchy_of_shintoist_group;Head Shrine of;;;;;;;;;;;;;x
temple_duke_shintoist_group;Exalted Priest;;;;;;;;;;;;;x
temple_duke_female_shintoist_group;Exalted Priestess;;;;;;;;;;;;;x
temple_kingdom_of_shintoist_group;Priestly Kingdom of;;;;;;;;;;;;;x
temple_king_shintoist_group;Priest King;;;;;;;;;;;;;x
temple_king_female_shintoist_group;Priest Queen;;;;;;;;;;;;;x
;;;;;;;;;;;;;;
temple_barony_of_barelvi;Mosque of;;;;;;;;;;;;;x
temple_baron_barelvi;Imam;;;;;;;;;;;;;x
temple_county_of_barelvi;Grand Mosque of;;;;;;;;;;;;;x
temple_count_barelvi;Mufti;;;;;;;;;;;;;x
temple_duchy_of_barelvi;Imamate of;;;;;;;;;;;;;x
temple_duke_barelvi;Grand Imam;;;;;;;;;;;;;x
temple_kingdom_of_barelvi;Muftiate of;;;;;;;;;;;;;x
temple_king_barelvi;Grand Mufti;;;;;;;;;;;;;x
;;;;;;;;;;;;;;
temple_barony_of_deobandi;Mosque of;;;;;;;;;;;;;x
temple_baron_deobandi;Imam;;;;;;;;;;;;;x
temple_county_of_deobandi;Grand Mosque of;;;;;;;;;;;;;x
temple_count_deobandi;Mufti;;;;;;;;;;;;;x
temple_duchy_of_deobandi;Imamate of;;;;;;;;;;;;;x
temple_duke_deobandi;Grand Imam;;;;;;;;;;;;;x
temple_kingdom_of_deobandi;Muftiate of;;;;;;;;;;;;;x
temple_king_deobandi;Grand Mufti;;;;;;;;;;;;;x
;;;;;;;;;;;;;;
temple_barony_of_orleanist;Diocèse de;;;;;;;;;;;;;x
temple_baron_orleanist;Évêque;;;;;;;;;;;;;x
temple_baron_female_orleanist;Évêque;;;;;;;;;;;;;x
temple_county_of_orleanist;Archidiocèse de;;;;;;;;;;;;;x
temple_count_orleanist;Archevêque;;;;;;;;;;;;;x
temple_count_female_orleanist;Archevêque;;;;;;;;;;;;;x
temple_duchy_of_orleanist;Province de;;;;;;;;;;;;;x
temple_duke_orleanist;Grand Évêque;;;;;;;;;;;;;x
temple_duke_female_orleanist;Grand Évêque;;;;;;;;;;;;;x
temple_kingdom_of_orleanist;Saint Royaume de;;;;;;;;;;;;;x
temple_king_orleanist;Roi Évêque;;;;;;;;;;;;;x
temple_king_female_orleanist;Reine Évêque;;;;;;;;;;;;;x
;;;;;;;;;;;;;;
temple_barony_of_dahatatta;Temple of;;;;;;;;;;;;;x
temple_baron_dahatatta;Priest;;;;;;;;;;;;;x
temple_county_of_dahatatta;Grand Temple of;;;;;;;;;;;;;x
temple_count_dahatatta;Grand Priest;;;;;;;;;;;;;x
temple_duchy_of_dahatatta;Revered Princedom of;;;;;;;;;;;;;x
temple_duke_dahatatta;Revered Prince;;;;;;;;;;;;;x
temple_kingdom_of_dahatatta;Exalted Kingdom of;;;;;;;;;;;;;x
temple_king_dahatatta;Exalted Priest King;;;;;;;;;;;;;x
;;;;;;;;;;;;;;
temple_barony_of_ibadi;Mosque of;;;;;;;;;;;;;x
temple_baron_ibadi;Imam;;;;;;;;;;;;;x
temple_county_of_ibadi;Grand Mosque of;;;;;;;;;;;;;x
temple_count_ibadi;Mufti;;;;;;;;;;;;;x
temple_duchy_of_ibadi;Imamate of;;;;;;;;;;;;;x
temple_duke_ibadi;Grand Imam;;;;;;;;;;;;;x
temple_kingdom_of_ibadi;Muftiate of;;;;;;;;;;;;;x
temple_king_ibadi;Grand Mufti;;;;;;;;;;;;;x
;;;;;;;;;;;;;;
temple_barony_of_ismaili;Mosque of;;;;;;;;;;;;;x
temple_baron_ismaili;Imam;;;;;;;;;;;;;x
temple_county_of_ismaili;Grand Mosque of;;;;;;;;;;;;;x
temple_count_ismaili;Mufti;;;;;;;;;;;;;x
temple_duchy_of_ismaili;Imamate of;;;;;;;;;;;;;x
temple_duke_ismaili;Grand Imam;;;;;;;;;;;;;x
temple_kingdom_of_ismaili;Muftiate of;;;;;;;;;;;;;x
temple_king_ismaili;Grand Mufti;;;;;;;;;;;;;x
;;;;;;;;;;;;;;
temple_barony_of_muwahidunna;Temple of;;;;;;;;;;;;;x
temple_baron_muwahidunna;Keeper;;;;;;;;;;;;;x
temple_county_of_muwahidunna;Grand Temple of;;;;;;;;;;;;;x
temple_count_muwahidunna;Imam;;;;;;;;;;;;;x
temple_duchy_of_muwahidunna;Princely Temple of;;;;;;;;;;;;;x
temple_duke_muwahidunna;Prince Imam;;;;;;;;;;;;;x
temple_kingdom_of_muwahidunna;Muftiate of;;;;;;;;;;;;;x
temple_king_muwahidunna;Grand Mufti;;;;;;;;;;;;;x
;;;;;;;;;;;;;;
temple_barony_of_ahmadiyya;Mosque of;;;;;;;;;;;;;x
temple_baron_ahmadiyya;Imam;;;;;;;;;;;;;x
temple_county_of_ahmadiyya;Grand Mosque of;;;;;;;;;;;;;x
temple_count_ahmadiyya;Mufti;;;;;;;;;;;;;x
temple_duchy_of_ahmadiyya;Madrasa of;;;;;;;;;;;;;x
temple_duke_ahmadiyya;Mawlana;;;;;;;;;;;;;x
temple_kingdom_of_ahmadiyya;Council of;;;;;;;;;;;;;x
temple_king_ahmadiyya;Majlis;;;;;;;;;;;;;x
;;;;;;;;;;;;;;
temple_barony_of_koranist;Mosque of;;;;;;;;;;;;;x
temple_baron_koranist;Imam;;;;;;;;;;;;;x
temple_county_of_koranist;Madrasa of;;;;;;;;;;;;;x
temple_count_koranist;Teacher;;;;;;;;;;;;;x
temple_duchy_of_koranist;Jamiah of;;;;;;;;;;;;;x
temple_duke_koranist;Scholar;;;;;;;;;;;;;x
temple_kingdom_of_koranist;Grand Jamiah of;;;;;;;;;;;;;x
temple_king_koranist;Great Scholar;;;;;;;;;;;;;x
;;;;;;;;;;;;;;
#Yugoslav Temples;;;;;;;;;;;;;;
temple_barony_of_jugoslavist;Parish of;;;;;;;;;;;;;x
temple_baron_jugoslavist;Priest;;;;;;;;;;;;;x
temple_county_of_jugoslavist;Diocese of;;;;;;;;;;;;;x
temple_count_jugoslavist;Bishop;;;;;;;;;;;;;x
temple_duchy_of_jugoslavist;Archdiocese of;;;;;;;;;;;;;x
temple_duke_jugoslavist;Archbishop;;;;;;;;;;;;;x
temple_kingdom_of_jugoslavist;Metropolis of;;;;;;;;;;;;;x
temple_king_jugoslavist;Metropolitan;;;;;;;;;;;;;x
;;;;;;;;;;;;;;
#Liberian Protestant temple titles;;;;;;;;;;;;;;
temple_barony_of_bushism;Congregation of;;;;;;;;;;;;;x
temple_baron_bushism;Deacon;;;;;;;;;;;;;x
temple_baron_female_bushism;Deaconess;;;;;;;;;;;;;x
temple_county_of_bushism;Church of;;;;;;;;;;;;;x
temple_count_bushism;Pastor;;;;;;;;;;;;;x
temple_count_female_bushism;Pastor;;;;;;;;;;;;;x
temple_duchy_of_bushism;Grand Church of;;;;;;;;;;;;;x
temple_duke_bushism;Grand Pastor;;;;;;;;;;;;;x
temple_duke_female_bushism;Grand Pastor;;;;;;;;;;;;;x
temple_kingdom_of_bushism;Blessed Kingdom of;;;;;;;;;;;;;x
temple_king_bushism;Prophet;;;;;;;;;;;;;x
temple_king_female_bushism;Prophet;;;;;;;;;;;;;x
;;;;;;;;;;;;;;
#Iiman Walikya/African voodoo temple titles;;;;;;;;;;;;;;
temple_barony_of_voodun;Congregation of;;;;;;;;;;;;;x
temple_baron_voodun;Elder;;;;;;;;;;;;;x
temple_baron_female_voodun;Elder;;;;;;;;;;;;;x
temple_county_of_voodun;Temple of;;;;;;;;;;;;;x
temple_count_voodun;High Elder;;;;;;;;;;;;;x
temple_count_female_voodun;High Elder;;;;;;;;;;;;;x
temple_duchy_of_voodun;Grand Temple of;;;;;;;;;;;;;x
temple_duke_voodun;Grand Elder;;;;;;;;;;;;;x
temple_duke_female_voodun;Grand Elder;;;;;;;;;;;;;x
temple_kingdom_of_voodun;Blessed Kingdom of;;;;;;;;;;;;;x
temple_king_voodun;King Elder;;;;;;;;;;;;;x
temple_king_female_voodun;Queen Elder;;;;;;;;;;;;;x
;;;;;;;;;;;;;;

duke_maghreb_arabic;Emir;;;;;;;;;;x
duchy_of_maghreb_arabic;Emirate of;;;;;;;;;;x
duke_female_maghreb_arabic;Emira;;;;;;;;;;;;;x
count_maghreb_arabic;Sheikh;;;;;;;;;;;;;
count_female_maghreb_arabic;Sheikha;;;;;;;;;;;;;
baron_maghreb_arabic;Wali;;;;;;;;;;;;;
;;;;;;;;;;;;;;

#Mesopotamians;;;;;;;;;;;;;;
temple_barony_of_mesopotamian;Temple of;;;;;;;;;;;;;x
temple_baron_mesopotamian;Imam;;;;;;;;;;;;;x
temple_county_of_mesopotamian;Grand Temple of;;;;;;;;;;;;;x
temple_count_mesopotamian;Mufti;;;;;;;;;;;;;x
temple_duchy_of_mesopotamian;Ziggurat of;;;;;;;;;;;;;x
temple_duke_mesopotamian;Sheikh;;;;;;;;;;;;;x
temple_kingdom_of_mesopotamian;Great Ziggurat of;;;;;;;;;;;;;x
temple_king_mesopotamian;Prince Sheikh;;;;;;;;;;;;;x
job_chancellor_mesopotamian;Rab-shakeh;;;;;;;;;;;;;x
job_treasurer_mesopotamian;Rab-saris;;;;;;;;;;;;;x
job_marshal_mesopotamian;Tartan;;;;;;;;;;;;;x
###############;;;;;;;;;;;;;;
likes_afroatlantics;[afroatlantic.GetGroupName] Cultures;;;;;;;;;;x
likes_albanians;[albanian.GetGroupName] Cultures;;;;;;;;;;x
likes_miscellophones;[alpinian.GetGroupName] Cultures;;;;;;;;;;x
likes_altaic_germanics;[altaic_germanic.GetGroupName] Cultures;;;;;;;;;;x
likes_amero_lusophones;[amero_lusophone.GetGroupName] Cultures;;;;;;;;;;x
likes_anglo_frisians;[anglo_frisian.GetGroupName] Cultures;;;;;;;;;;x
likes_italophones;[apeninian.GetGroupName] Cultures;;;;;;;;;;x
likes_arghu_turks;[arghu.GetGroupName] Cultures;;;;;;;;;;x
likes_balts;[baltic.GetGroupName] Cultures;;;;;;;;;;x
likes_basque;[basque.GetGroupName] Cultures;;;;;;;;;;x
likes_berbers;[berber.GetGroupName] Cultures;;;;;;;;;;x
likes_britans;[brittannic.GetGroupName] Cultures;;;;;;;;;;x
likes_caucasians;[caucasian.GetGroupName] Cultures;;;;;;;;;;x
likes_central_africans;[central_african.GetGroupName] Cultures;;;;;;;;;;x
likes_ruthenians;[central_slavic.GetGroupName] Cultures;;;;;;;;;;x
likes_chinese;[chinese_group.GetGroupName] Cultures;;;;;;;;;;x
likes_northern_dravidians;[northern_dravidian_group.GetGroupName] Cultures;;;;;;;;;;x
likes_eastern_dravidian;[eastern_dravidian_group.GetGroupName] Cultures;;;;;;;;;;x
likes_southern_dravidians;[southern_dravidian_group.GetGroupName] Cultures;;;;;;;;;;x
likes_dardics;[dardic.GetGroupName] Cultures;;;;;;;;;;x
likes_east_africans;[east_african.GetGroupName] Cultures;;;;;;;;;;x
likes_east_asians;[east_asian_group.GetGroupName] Cultures;;;;;;;;;;x
likes_arabs;[arabic.GetGroupName] Cultures;;;;;;;;;;x
likes_celts;Celtic Cultures;;;;;;;;;;x
likes_east_slavs;[east_slavic.GetGroupName] Cultures;;;;;;;;;;x
likes_egyptians;[egyptian.GetGroupName] Cultures;;;;;;;;;;x
likes_far_east_slavs;[far_east_slavic.GetGroupName] Cultures;;;;;;;;;;x
likes_finno_ugrics;[finno_ugric.GetGroupName] Cultures;;;;;;;;;;x
likes_francophones;[francophone.GetGroupName] Cultures;;;;;;;;;;x
likes_germanics;[germanic.GetGroupName] Cultures;;;;;;;;;;x
likes_high_americans;[high_american.GetGroupName] Cultures;;;;;;;;;;x
likes_hispanophones;[hispanophone.GetGroupName] Cultures;;;;;;;;;;x
likes_far_west_indo_aryans;[far_west_indo_aryan_group.GetGroupName] Cultures;;;;;;;;;;x
likes_eastern_indo_aryans;[eastern_indo_aryan_group.GetGroupName] Cultures;;;;;;;;;;x
likes_west_indo_aryans;[west_indo_aryan_group.GetGroupName] Cultures;;;;;;;;;;x
likes_northern_indo_aryans;[northern_indo_aryan_group.GetGroupName] Cultures;;;;;;;;;;x
likes_southern_indo_aryans;[southern_indo_aryan_group.GetGroupName] Cultures;;;;;;;;;;x
likes_north_west_indo_aryans;[north_west_indo_aryan_group.GetGroupName] Cultures;;;;;;;;;;x
likes_central_indo_aryans;[central_indo_aryan_group.GetGroupName] Cultures;;;;;;;;;;x
likes_armenians;[armenian_group.GetGroupName] Cultures;;;;;;;;;;x
likes_iranian;[iranian.GetGroupName] Cultures;;;;;;;;;;x
likes_japanese;[japan_group.GetGroupName] Cultures;;;;;;;;;;x
likes_karluk_turks;[karluk.GetGroupName] Cultures;;;;;;;;;;x
likes_kipchak_turks;[kipchak.GetGroupName] Cultures;;;;;;;;;;x
likes_koreans;[korean_group.GetGroupName] Cultures;;;;;;;;;;x
likes_low_americans;[low_american.GetGroupName] Cultures;;;;;;;;;;x
likes_euro_lusophones;[lusophone.GetGroupName] Cultures;;;;;;;;;;x
likes_maghreb_arabs;[maghreb_arabic.GetGroupName] Cultures;;;;;;;;;;x
likes_magyars;[magyar.GetGroupName] Cultures;;;;;;;;;;x
likes_mongolians;[mongolic.GetGroupName] Cultures;;;;;;;;;;x
likes_near_easterners;[near_eastern.GetGroupName] Cultures;;;;;;;;;;x
likes_niger_congolese;[niger_congolese.GetGroupName] Cultures;;;;;;;;;;x
likes_chadic;[chadic.GetGroupName] Cultures;;;;;;;;;;x
likes_north_germanics;[nord.GetGroupName] Cultures;;;;;;;;;;x
likes_oghuz_turks;[oghuz.GetGroupName] Cultures;;;;;;;;;;x
likes_samoyedes;[samoyedic.GetGroupName] Cultures;;;;;;;;;;x
likes_south_slavs;[south_slavic.GetGroupName] Cultures;;;;;;;;;;x
likes_tibetans;[tibetan_group.GetGroupName] Cultures;;;;;;;;;;x
likes_transnistrians;[transnistrian.GetGroupName] Cultures;;;;;;;;;;x
likes_west_africans;[west_african.GetGroupName] Cultures;;;;;;;;;;x
likes_west_germans;[west_german.GetGroupName] Cultures;;;;;;;;;;x
likes_west_indo_aryans;[west_indo_aryan_group.GetGroupName] Cultures;;;;;;;;;;x
likes_south_indo_aryans;[southern_indo_aryan_group.GetGroupName] Cultures;;;;;;;;;;x
likes_north_indo_aryans;[northern_indo_aryan_group.GetGroupName] Cultures;;;;;;;;;;x
likes_east_indo_aryans;[eastern_indo_aryan_group.GetGroupName] Cultures;;;;;;;;;;x
likes_north_west_indo_aryans;[north_west_indo_aryan_group.GetGroupName] Cultures;;;;;;;;;;x
likes_central_indo_aryans;[central_indo_aryan_group.GetGroupName] Cultures;;;;;;;;;;x
likes_west_slavs;[west_slavic.GetGroupName] Cultures;;;;;;;;;;x
likes_yeniseans;[yenisean.GetGroupName] Cultures;;;;;;;;;;x
likes_blorgians;[blorgian.GetGroupName] Cultures;;;;;;;;;;x
likes_taralonians;[taralonian.GetGroupName] Cultures;;;;;;;;;;x
likes_droid;[droid.GetGroupName] Cultures;;;;;;;;;;x
###############;;;;;;;;;;;;;;
likes_buddhists;[buddhist_group.GetName] Religions;;;;;;;;;;x
likes_christians;[christian.GetName] Religions;;;;;;;;;;x
likes_esoterics;[esoteric.GetName] Religions;;;;;;;;;;x
likes_dharmics;[indian_group.GetName] Religions;;;;;;;;;;x
likes_jews;[jewish_group.GetName] Religions;;;;;;;;;;x
likes_muslims;[muslim.GetName] Religions;;;;;;;;;;x
likes_old_world_cultists;Antediluvianist Religions;;;;;;;;;;x
likes_pagans;[pagan_group.GetName];;;;;;;;;;x
likes_pirates;[pirate.GetName] Religions;;;;;;;;;;x
likes_syncretics;[syncratic_group.GetName] Religions;;;;;;;;;;x
likes_mazdans;[zoroastrian_group.GetName] Religions;;;;;;;;;;x
likes_synth;[synth_group.GetName] Religions;;;;;;;;;;x
###############;;;;;;;;;;;;;;
likes_bon;Bon Religions;;;;;;;;;;x
likes_orthodox;[orthodox.GetName];;;;;;;;;;x
likes_vajrayana;[vajrayana.GetName];;;;;;;;;;x
likes_thaislam;[thaislam.GetName]s;;;;;;;;;;x
likes_combuddhist;[combuddhist.GetName]s;;;;;;;;;;x
likes_theravada;[theravada.GetName]s;;;;;;;;;;x
likes_gelugpa;[gelugpa.GetName]s;;;;;;;;;;x
likes_catholic;[catholic.GetName]s;;;;;;;;;;x
likes_sevillian;[sevillian.GetName]s;;;;;;;;;;x
likes_lutheran;[lutheran.GetName]s;;;;;;;;;;x
likes_baptist;[baptist.GetName]s;;;;;;;;;;x
likes_orthodox;Orthodox;;;;;;;;;;x
likes_oldbeliever;[oldbeliever.GetName]s;;;;;;;;;;x
likes_calvinist;[calvinist.GetName]s;;;;;;;;;;x
likes_chaldean;[chaldean.GetName]s;;;;;;;;;;x
likes_koptic;Copts;;;;;;;;;;x
likes_anglican;[anglican.GetName]s;;;;;;;;;;x
likes_evangelical;[evangelical.GetName]s;;;;;;;;;;x
likes_apostolic;[apostolic.GetName]s;;;;;;;;;;x
likes_thelema;Thelemites;;;;;;;;;;x
likes_mirrazumudrost;Mirrazumudrosters;;;;;;;;;;x
likes_druze;Druze;;;;;;;;;;x
likes_einblicker;Einblickers;;;;;;;;;;x
likes_sikh;Sikhs;;;;;;;;;;x
likes_parabrahmanist;[parabrahmanist.GetName]s;;;;;;;;;;x
likes_shaivasiddhanta;[shaivasiddhanta.GetName]s;;;;;;;;;;x
likes_neovedantic;[neovedantic.GetName]s;;;;;;;;;;x
likes_jain;Jains;;;;;;;;;;x
likes_euro_jewish;European Jews;;;;;;;;;;x
likes_amero_jewish;American Jews;;;;;;;;;;x
likes_sunni;Sunnis;;;;;;;;;;x
likes_jadidist;Jadidists;;;;;;;;;;x
likes_ovlatii;Ovlatii;;;;;;;;;;x
likes_sufi;Sufi;;;;;;;;;;x
likes_ibadi;Ibadi;;;;;;;;;;x
likes_shiite;Shi'ites;;;;;;;;;;x
likes_ahmadiyya;Ahmadi;;;;;;;;;;x
likes_mesopotamian;Mesopotamians;;;;;;;;;;x
likes_ironist;[ironist.GetName]s;;;;;;;;;;x
likes_zarist;[zarist.GetName] Religions;;;;;;;;;;x
likes_stalinist;[stalinist.GetName] Religions;;;;;;;;;;x
likes_jacobinist;[jacobinist.GetName]s;;;;;;;;;;x
likes_khanist;[khanist.GetName]s;;;;;;;;;;x
likes_liehuo;[maoist.GetName]s;;;;;;;;;;x
likes_constitutional;Constitutionalists;;;;;;;;;;x
likes_baltic_pagan;Romuvans;;;;;;;;;;x
likes_celtic_pagan;[celtic_pagan.GetName]s;;;;;;;;;;x
likes_inuit_pagan;[inuit_pagan.GetName]s;;;;;;;;;;x
likes_lakefolk_pagan;[lakefolk_pagan.GetName]s;;;;;;;;;;x
likes_folklorist;[folklorist.GetName]s;;;;;;;;;;x
likes_finnish_pagan;[finnish_pagan.GetName]s;;;;;;;;;;x
likes_hellenic_pagan;[hellenic_pagan.GetName]s;;;;;;;;;;x
likes_arcadian;[arcadian.GetName]s;;;;;;;;;;x
likes_voodun;[voodun.GetName]s;;;;;;;;;;x
likes_islamity;[islamity.GetName]s;;;;;;;;;;x
BABA;Baba;;;;;;;;;;x
k_islamity;The Love of God Mission;;;;;;;;;;x
k_islamity_adj;Krisilamic;;;;;;;;;;x
likes_muwahidunna;[muwahidunna.GetName]s;;;;;;;;;;x
likes_jugoslavist;[jugoslavist.GetName]s;;;;;;;;;;x
likes_bahai;Bahai;;;;;;;;;;x
likes_vagarna;[vagarna.GetName]s;;;;;;;;;;x
likes_bushism;[bushism.GetName]s;;;;;;;;;;x
likes_zoroastrian;[zoroastrian.GetName]s;;;;;;;;;;x
likes_yersenism;Yarsani;;;;;;;;;;x
likes_blorgists;[blorgist.GetName];;;;;;;;;;x
###############;;;;;;;;;;;;;;
;;;;;;;;;;;;;;
emperor_weeb;Enpera;;;;;;;;;;;;;x
emperor_female_weeb;Enpuresu;;;;;;;;;;;;;x
king_weeb;Kingu;;;;;;;;;;;;;x
king_female_weeb;Kuin;;;;;;;;;;;;;x
duke_weeb;Diuku;;;;;;;;;;;;;
duke_female_weeb;Diuchesu;;;;;;;;;;;;;
count_weeb;Kaunto;;;;;;;;;;;;;
count_female_weeb;Kauntessu;;;;;;;;;;;;;
emperor_title_consort_female_weeb;Enpera;;;;;;;;;;;;;
emperor_title_consort_weeb;Enpuresu;;;;;;;;;;;;;
king_title_consort_female_weeb;Kingu;;;;;;;;;;;;;
king_title_consort_weeb;Kuin;;;;;;;;;;;;;
duke_title_consort_female_weeb;Diuku;;;;;;;;;;;;;
duke_title_consort_weeb;Diuchesu;;;;;;;;;;;;;
count_title_consort_female_weeb;Kaunto;;;;;;;;;;;;;
count_title_consort_weeb;Kauntessu;;;;;;;;;;;;;
;;;;;;;;;;;;;;
confederation_elective;Confederation Elective;;;;;;;;;;x;;;
succ_confederation_elective;Confederation Monarchy;;;;;;;;;;x;;;
succ_confederation_elective_desc;The ruler and each lower rank vassal (i.e. the dukes if the ruler is a king) can nominate a successor from among themselves and legitimate children and siblings of the ruler. Dukes are valid electors in both kingdoms and empires. Elective Succession is very popular with the vassals, but they will not approve if their liege personally holds too many elector titles.;;;;;;;;;x;;;;
;;;;;;;;;;;;;;
temple_baron_nousthreskeia;Preacher;;;;;;;;;;;;;x
temple_baron_female_nousthreskeia;Preacher;;;;;;;;;;;;;x
temple_count_nousthreskeia;Great Preacher;;;;;;;;;;;;;x
temple_count_female_nousthreskeia;Great Preacher;;;;;;;;;;;;;x
temple_barony_of_nousthreskeia;Congregation of;;;;;;;;;;;;;x
temple_county_of_nousthreskeia;Conveticle of;;;;;;;;;;;;;x
temple_duchy_of_nousthreskeia;Grand Assembly of;;;;;;;;;;;;;x
temple_kingdom_of_nousthreskeia;Exalted Kingdom of;;;;;;;;;;;;;x
temple_duke_nousthreskeia;Master Preacher;;;;;;;;;;;;;x
temple_duke_female_nousthreskeia;Master Preacher;;;;;;;;;;;;;x
temple_king_nousthreskeia;King Preacher;;;;;;;;;;;;;x
temple_king_female_nousthreskeia;Queen Preacher;;;;;;;;;;;;;x
;;;;;;;;;;;;;;
temple_baron_nousthreskeia_reformed;Preacher;;;;;;;;;;;;;x
temple_baron_female_nousthreskeia_reformed;Preacher;;;;;;;;;;;;;x
temple_count_nousthreskeia_reformed;Great Preacher;;;;;;;;;;;;;x
temple_count_female_nousthreskeia_reformed;Great Preacher;;;;;;;;;;;;;x
temple_barony_of_nousthreskeia_reformed;Congregation of;;;;;;;;;;;;;x
temple_county_of_nousthreskeia_reformed;Conveticle of;;;;;;;;;;;;;x
temple_duchy_of_nousthreskeia_reformed;Grand Assembly of;;;;;;;;;;;;;x
temple_kingdom_of_nousthreskeia_reformed;Exalted Kingdom of;;;;;;;;;;;;;x
temple_duke_nousthreskeia_reformed;Master Preacher;;;;;;;;;;;;;x
temple_duke_female_nousthreskeia_reformed;Master Preacher;;;;;;;;;;;;;x
temple_king_nousthreskeia_reformed;King Preacher;;;;;;;;;;;;;x
temple_king_female_nousthreskeia_reformed;Queen Preacher;;;;;;;;;;;;;x
;;;;;;;;;;;;;;
count_oglallan;Cwunt;;;;;;;;;;;;;x
count_female_oglallan;Cwuntyss;;;;;;;;;;;;;x
duke_oglallan;Dduky;;;;;;;;;;;;;x
duke_female_oglallan;Dduchyss;;;;;;;;;;;;;x
king_oglallan;Kyng;;;;;;;;;;;;;x
king_female_oglallan;Quyyn;;;;;;;;;;;;;x
emperor_oglallan;Ympyrur;;;;;;;;;;;;;x
emperor_female_oglallan;Ympryss;;;;;;;;;;;;;x
county_of_oglallan;Cwunti w;;;;;;;;;;;;;x
duchy_of_oglallan;Dduchi w;;;;;;;;;;;;x
kingdom_of_oglallan;Kynryck w;;;;;;;;;;;;;x
empire_of_oglallan;Ympyrhy w;;;;;;;;;;;;;x
;;;;;;;;;;;;;;
##FEUDAL lytsvin ;;;;;;;;;;;;;;
count_lytsvin;Grafas;;;;;;;;;;;;;x
count_female_lytsvin;Grafiene;;;;;;;;;;;;;x
duke_lytsvin;Herconiazas;;;;;;;;;;;;;x
duke_female_lytsvin;Herconiagiene;;;;;;;;;;;;;x
king_lytsvin;Karolies;;;;;;;;;;;;;x
king_female_lytsvin;Karaleuene;;;;;;;;;;;;;x
emperor_lytsvin;Impierataries;;;;;;;;;;;;;x
emperor_female_lytsvin;Impieratriene;;;;;;;;;;;;;x
;;;;;;;;;;;;;;
;;;;;;;;;;;;;;
#Neovedantic Temple Loc;;;;;;;;;;;;;;
temple_baron_neovedantic;Pujari;;;;;;;;;;;;;x
temple_count_neovedantic;Pandit;;;;;;;;;;;;;x
temple_barony_of_neovedantic;Temple of;;;;;;;;;;;;;x
temple_county_of_neovedantic;Grand Temple of;;;;;;;;;;;;;x
temple_duchy_of_neovedantic;Exalted Temple of;;;;;;;;;;;;;x
temple_kingdom_of_neovedantic;Blessed Kingdom of;;;;;;;;;;;;;x
temple_duke_neovedantic;High Priest;;;;;;;;;;;;;x
temple_king_neovedantic;King Priest;;;;;;;;;;;;;x

#Frencig loc
king_frencig;Cyngroy;;;;;;;;;;;;;x
king_female_frencig;Cyngreyne;;;;;;;;;;;;;x
kingdom_of_frencig;Cyngdom des;;;;;;;;;;;;;x
duke_frencig;Duc;;;;;;;;;;;;;x
duke_female_frencig;Ducesse;;;;;;;;;;;;;x
duchy_of_frencig;Ducy des;;;;;;;;;;;;;x
count_frencig;Coumte;;;;;;;;;;;;;x
count_female_frencig;Coumtess;;;;;;;;;;;;;x
county_of_frencig;Coumtey des;;;;;;;;;;;;;x
emperor_frencig;Empereor;;;;;;;;;;;;;x
emperor_female_frencig;Emperatryce;;;;;;;;;;;;;x
empire_of_frencig;Empyre des;;;;;;;;;;;;;x
;;;;;;;;;;;;;;

#Ethiopiaaaaaa
king_ethiopian;Nigusi;;;;;;;;;;;;;x
king_female_ethiopian;Nigisiti;;;;;;;;;;;;;x
kingdom_of_ethiopian;Menigishiti of;;;;;;;;;;;;;x
duke_ethiopian;Ras;;;;;;;;;;;;;x
duke_female_ethiopian;Woyzero;;;;;;;;;;;;;x
duchy_of_ethiopian;Kilil of;;;;;;;;;;;;;x
count_ethiopian;Geta;;;;;;;;;;;;;x
count_female_ethiopian;Imebeti;;;;;;;;;;;;;x
county_of_ethiopian;Wereda of;;;;;;;;;;;;;x
emperor_ethiopian;Negusa Nagast;;;;;;;;;;;;;x
emperor_female_ethiopian;Negesta Nagastat;;;;;;;;;;;;;x
empire_of_ethiopian;Talak’u Menigishiti of;;;;;;;;;;;;;x

king_oromos;Mootti;;;;;;;;;;;;;x
king_female_oromos;Mootuu;;;;;;;;;;;;;x
kingdom_of_oromos;Mootummaa of;;;;;;;;;;;;;x
duke_oromos;Bulchaa;;;;;;;;;;;;;x
duke_female_oromos;Bulchaa;;;;;;;;;;;;;x
duchy_of_oromos;Naannoo of;;;;;;;;;;;;;x
count_oromos;Ajajaan;;;;;;;;;;;;;x
count_female_oromos;Ajajaan;;;;;;;;;;;;;x
county_of_oromos;Aanaa of;;;;;;;;;;;;;x
emperor_oromos;Negusa Nagast;;;;;;;;;;;;;x
emperor_female_oromos;Negesta Nagastat;;;;;;;;;;;;;x
empire_of_oromos;Impaayera of;;;;;;;;;;;;;x

king_tigray;Nigusi;;;;;;;;;;;;;x
king_female_tigray;Nigisiti;;;;;;;;;;;;;x
kingdom_of_tigray;Menigishiti of;;;;;;;;;;;;;x
duke_tigray;Ras;;;;;;;;;;;;;x
duke_female_tigray;Woyzero;;;;;;;;;;;;;x
duchy_of_tigray;Kilil of;;;;;;;;;;;;;x
count_tigray;Geta;;;;;;;;;;;;;x
count_female_tigray;Imebeti;;;;;;;;;;;;;x
county_of_tigray;Wereda of;;;;;;;;;;;;;x
emperor_tigray;Negusa Nagast;;;;;;;;;;;;;x
emperor_female_tigray;Negesta Nagastat;;;;;;;;;;;;;x
empire_of_tigray;Talak’u Menigishiti of;;;;;;;;;;;;;x

dahlaki;Dahlaki;;;;;;;;;;;;;x
king_dahlaki;Nigusi;;;;;;;;;;;;;x
king_female_dahlaki;Nigisiti;;;;;;;;;;;;;x
kingdom_of_dahlaki;Menigishiti of;;;;;;;;;;;;;x
duke_dahlaki;Ras;;;;;;;;;;;;;x
duke_female_dahlaki;Woyzero;;;;;;;;;;;;;x
duchy_of_dahlaki;Kilil of;;;;;;;;;;;;;x
count_dahlaki;Geta;;;;;;;;;;;;;x
count_female_dahlaki;Imebeti;;;;;;;;;;;;;x
county_of_dahlaki;Wereda of;;;;;;;;;;;;;x
emperor_dahlaki;Negusa Nagast;;;;;;;;;;;;;x
emperor_female_dahlaki;Negesta Nagastat;;;;;;;;;;;;;x
empire_of_dahlaki;Talak’u Menigishiti of;;;;;;;;;;;;;x

king_somali;Boqor;;;;;;;;;;;;;x
king_female_somali;Boqorad;;;;;;;;;;;;;x
kingdom_of_somali;Boqortooyada of;;;;;;;;;;;;;x
duke_somali;Gudoomiye;;;;;;;;;;;;;x
duke_female_somali;Gudoomiye;;;;;;;;;;;;;x
duchy_of_somali;Gobolka of;;;;;;;;;;;;;x
count_somali;Sayid;;;;;;;;;;;;;x
count_female_somali;Marwo;;;;;;;;;;;;;x
county_of_somali;Degmo of;;;;;;;;;;;;;x
emperor_somali;Boqorka Boqorrada;;;;;;;;;;;;;x
emperor_female_somali;Boqorad;;;;;;;;;;;;;x
empire_of_somali;Imbiraadooriyad of;;;;;;;;;;;;;x

king_afari;Boqor;;;;;;;;;;;;;x
king_female_afari;Boqorad;;;;;;;;;;;;;x
kingdom_of_afari;Boqortooyada of;;;;;;;;;;;;;x
duke_afari;Gudoomiye;;;;;;;;;;;;;x
duke_female_afari;Gudoomiye;;;;;;;;;;;;;x
duchy_of_afari;Gobolka of;;;;;;;;;;;;;x
count_afari;Sayid;;;;;;;;;;;;;x
count_female_afari;Marwo;;;;;;;;;;;;;x
county_of_afari;Degmo of;;;;;;;;;;;;;x
emperor_afari;Boqorka Boqorrada;;;;;;;;;;;;;x
emperor_female_afari;Boqorad;;;;;;;;;;;;;x
empire_of_afari;Imbiraadooriyad of;;;;;;;;;;;;;x

king_beja;Boqor;;;;;;;;;;;;;x
king_female_beja;Boqorad;;;;;;;;;;;;;x
kingdom_of_beja;Boqortooyada of;;;;;;;;;;;;;x
duke_beja;Gudoomiye;;;;;;;;;;;;;x
duke_female_beja;Gudoomiye;;;;;;;;;;;;;x
duchy_of_beja;Gobolka of;;;;;;;;;;;;;x
count_beja;Sayid;;;;;;;;;;;;;x
count_female_beja;Marwo;;;;;;;;;;;;;x
county_of_beja;Degmo of;;;;;;;;;;;;;x
emperor_beja;Boqorka Boqorrada;;;;;;;;;;;;;x
emperor_female_beja;Boqorad;;;;;;;;;;;;;x
empire_of_beja;Imbiraadooriyad of;;;;;;;;;;;;;x

king_beta_israeli;Melech;;;;;;;;;;;;;x
king_female_beta_israeli;Malka;;;;;;;;;;;;;x
kingdom_of_beta_israeli;Menigishiti of;;;;;;;;;;;;;x
duke_beta_israeli;Ras;;;;;;;;;;;;;x
duke_female_beta_israeli;Woyzero;;;;;;;;;;;;;x
duchy_of_beta_israeli;Kilil of;;;;;;;;;;;;;x
count_beta_israeli;Geta;;;;;;;;;;;;;x
count_female_beta_israeli;Imebeti;;;;;;;;;;;;;x
county_of_beta_israeli;Wereda of;;;;;;;;;;;;;x
emperor_beta_israeli;Negusa Nagast;;;;;;;;;;;;;x
emperor_female_beta_israeli;Negesta Nagastat;;;;;;;;;;;;;x
empire_of_beta_israeli;Talak’u Menigishiti of;;;;;;;;;;;;;x

#Romance loc
king_francophone;Roi;;;;;;;;;;;;;x
king_female_francophone;Reine;;;;;;;;;;;;;x
kingdom_of_francophone;Royaume de;;;;;;;;;;;;;x
duke_francophone;Duc;;;;;;;;;;;;;x
duke_female_francophone;Duchesse;;;;;;;;;;;;;x
duchy_of_francophone;Département de;;;;;;;;;;;;;x
count_francophone;Comte;;;;;;;;;;;;;x
count_female_francophone;Comtesse;;;;;;;;;;;;;x
county_of_francophone;Comté de;;;;;;;;;;;;;x
emperor_francophone;Empereur;;;;;;;;;;;;;x
emperor_female_francophone;Impératrice;;;;;;;;;;;;;x
empire_of_francophone;Empire de;;;;;;;;;;;;;x
baron_francophone;Chevalier;;;;;;;;;;;;;x
baron_female_francophone;Chevalière;;;;;;;;;;;;;x
barony_of_francophone;Château de;;;;;;;;;;;;;x

king_andalusian;Rey;;;;;;;;;;;;;x
king_female_andalusian;Reina;;;;;;;;;;;;;x
kingdom_of_andalusian;Reino de;;;;;;;;;;;;;x
duke_andalusian;Duque;;;;;;;;;;;;;x
duke_female_andalusian;Duquesa;;;;;;;;;;;;;x
duchy_of_andalusian;Ducado de;;;;;;;;;;;;;x
count_andalusian;Conde;;;;;;;;;;;;;x
count_female_andalusian;Condesa;;;;;;;;;;;;;x
county_of_andalusian;Condado de;;;;;;;;;;;;;x
emperor_andalusian;Emperador;;;;;;;;;;;;;x
emperor_female_andalusian;Emperatriz;;;;;;;;;;;;;x
empire_of_andalusian;Imperio de;;;;;;;;;;;;;x

toccitan;Occitan;;;;;;;;;;;;;x
king_toccitan;Rei;;;;;;;;;;;;;x
king_female_toccitan;Reina;;;;;;;;;;;;;x
kingdom_of_toccitan;Regne de;;;;;;;;;;;;;x
duke_toccitan;Duc;;;;;;;;;;;;;x
duke_female_toccitan;Duquessa;;;;;;;;;;;;;x
duchy_of_toccitan;Ducat de;;;;;;;;;;;;;x
count_toccitan;Comte;;;;;;;;;;;;;x
count_female_toccitan;Comtessa;;;;;;;;;;;;;x
county_of_toccitan;Comtat de;;;;;;;;;;;;;x
emperor_toccitan;Emperador;;;;;;;;;;;;;x
emperor_female_toccitan;Emperadriu;;;;;;;;;;;;;x
empire_of_toccitan;Impèri de;;;;;;;;;;;;;x

occitanophone;Occitanophone;;;;;;;;;;;;;x
likes_occitanophones;[occitanophone.GetGroupName] Cultures;;;;;;;;;;;;;x
balearic;Balear;;;;;;;;;;;;;x
king_balearic;Rei;;;;;;;;;;;;;x
king_female_balearic;Reina;;;;;;;;;;;;;x
kingdom_of_balearic;Regne de;;;;;;;;;;;;;x
duke_balearic;Duc;;;;;;;;;;;;;x
duke_female_balearic;Duquessa;;;;;;;;;;;;;x
duchy_of_balearic;Ducat de;;;;;;;;;;;;;x
count_balearic;Comte;;;;;;;;;;;;;x
count_female_balearic;Comtessa;;;;;;;;;;;;;x
county_of_balearic;Comtat de;;;;;;;;;;;;;x
emperor_balearic;Emperador;;;;;;;;;;;;;x
emperor_female_balearic;Emperadriu;;;;;;;;;;;;;x
empire_of_balearic;Imperi de;;;;;;;;;;;;;x

valencian;Valencià;;;;;;;;;;;;;x
king_valencian;Rei;;;;;;;;;;;;;x
king_female_valencian;Reina;;;;;;;;;;;;;x
kingdom_of_valencian;Regne de;;;;;;;;;;;;;x
duke_valencian;Duc;;;;;;;;;;;;;x
duke_female_valencian;Duquessa;;;;;;;;;;;;;x
duchy_of_valencian;Ducat de;;;;;;;;;;;;;x
count_valencian;Comte;;;;;;;;;;;;;x
count_female_valencian;Comtessa;;;;;;;;;;;;;x
county_of_valencian;Comtat de;;;;;;;;;;;;;x
emperor_valencian;Emperador;;;;;;;;;;;;;x
emperor_female_valencian;Emperadriu;;;;;;;;;;;;;x
empire_of_valencian;Imperi de;;;;;;;;;;;;;x

king_catalan;Rei;;;;;;;;;;;;;x
king_female_catalan;Reina;;;;;;;;;;;;;x
kingdom_of_catalan;Regne de;;;;;;;;;;;;;x
duke_catalan;Duc;;;;;;;;;;;;;x
duke_female_catalan;Duquessa;;;;;;;;;;;;;x
duchy_of_catalan;Ducat de;;;;;;;;;;;;;x
count_catalan;Comte;;;;;;;;;;;;;x
count_female_catalan;Comtessa;;;;;;;;;;;;;x
county_of_catalan;Comtat de;;;;;;;;;;;;;x
emperor_catalan;Emperador;;;;;;;;;;;;;x
emperor_female_catalan;Emperadriu;;;;;;;;;;;;;x
empire_of_catalan;Imperi de;;;;;;;;;;;;;x

king_andorran;Rei;;;;;;;;;;;;;x
king_female_andorran;Reina;;;;;;;;;;;;;x
kingdom_of_andorran;Regne de;;;;;;;;;;;;;x
duke_andorran;Duc;;;;;;;;;;;;;x
duke_female_andorran;Duquessa;;;;;;;;;;;;;x
duchy_of_andorran;Ducat de;;;;;;;;;;;;;x
count_andorran;Comte;;;;;;;;;;;;;x
count_female_andorran;Comtessa;;;;;;;;;;;;;x
county_of_andorran;Comtat de;;;;;;;;;;;;;x
emperor_andorran;Emperador;;;;;;;;;;;;;x
emperor_female_andorran;Emperadriu;;;;;;;;;;;;;x
empire_of_andorran;Imperi de;;;;;;;;;;;;;x

king_aragonese;Rey;;;;;;;;;;;;;x
king_female_aragonese;Reina;;;;;;;;;;;;;x
kingdom_of_aragonese;Reino de;;;;;;;;;;;;;x
duke_aragonese;Duque;;;;;;;;;;;;;x
duke_female_aragonese;Duquesa;;;;;;;;;;;;;x
duchy_of_aragonese;Ducado de;;;;;;;;;;;;;x
count_aragonese;Conde;;;;;;;;;;;;;x
count_female_aragonese;Condesa;;;;;;;;;;;;;x
county_of_aragonese;Condado de;;;;;;;;;;;;;x
emperor_aragonese;Emperador;;;;;;;;;;;;;x
emperor_female_aragonese;Emperatriz;;;;;;;;;;;;;x
empire_of_aragonese;Imperio de;;;;;;;;;;;;;x

king_castilian;Rey;;;;;;;;;;;;;x
king_female_castilian;Reina;;;;;;;;;;;;;x
kingdom_of_castilian;Reino de;;;;;;;;;;;;;x
duke_castilian;Duque;;;;;;;;;;;;;x
duke_female_castilian;Duquesa;;;;;;;;;;;;;x
duchy_of_castilian;Ducado de;;;;;;;;;;;;;x
count_castilian;Conde;;;;;;;;;;;;;x
count_female_castilian;Condesa;;;;;;;;;;;;;x
county_of_castilian;Condado de;;;;;;;;;;;;;x
emperor_castilian;Emperador;;;;;;;;;;;;;x
emperor_female_castilian;Emperatriz;;;;;;;;;;;;;x
empire_of_castilian;Imperio de;;;;;;;;;;;;;x

king_canarian;Rey;;;;;;;;;;;;;x
king_female_canarian;Reina;;;;;;;;;;;;;x
kingdom_of_canarian;Reino de;;;;;;;;;;;;;x
duke_canarian;Duque;;;;;;;;;;;;;x
duke_female_canarian;Duquesa;;;;;;;;;;;;;x
duchy_of_canarian;Ducado de;;;;;;;;;;;;;x
count_canarian;Conde;;;;;;;;;;;;;x
count_female_canarian;Condesa;;;;;;;;;;;;;x
county_of_canarian;Condado de;;;;;;;;;;;;;x
emperor_canarian;Emperador;;;;;;;;;;;;;x
emperor_female_canarian;Emperatriz;;;;;;;;;;;;;x
empire_of_canarian;Imperio de;;;;;;;;;;;;;x

king_asturian;Rey;;;;;;;;;;;;;x
king_female_asturian;Reina;;;;;;;;;;;;;x
kingdom_of_asturian;Reino de;;;;;;;;;;;;;x
duke_asturian;Duque;;;;;;;;;;;;;x
duke_female_asturian;Duquesa;;;;;;;;;;;;;x
duchy_of_asturian;Ducado de;;;;;;;;;;;;;x
count_asturian;Conde;;;;;;;;;;;;;x
count_female_asturian;Condesa;;;;;;;;;;;;;x
county_of_asturian;Condado de;;;;;;;;;;;;;x
emperor_asturian;Emperador;;;;;;;;;;;;;x
emperor_female_asturian;Emperatriz;;;;;;;;;;;;;x
empire_of_asturian;Imperio de;;;;;;;;;;;;;x

king_extrameduran;Rey;;;;;;;;;;;;;x
king_female_extrameduran;Reina;;;;;;;;;;;;;x
kingdom_of_extrameduran;Reino de;;;;;;;;;;;;;x
duke_extrameduran;Duque;;;;;;;;;;;;;x
duke_female_extrameduran;Duquesa;;;;;;;;;;;;;x
duchy_of_extrameduran;Ducado de;;;;;;;;;;;;;x
count_extrameduran;Conde;;;;;;;;;;;;;x
count_female_extrameduran;Condesa;;;;;;;;;;;;;x
county_of_extrameduran;Condado de;;;;;;;;;;;;;x
emperor_extrameduran;Emperador;;;;;;;;;;;;;x
emperor_female_extrameduran;Emperatriz;;;;;;;;;;;;;x
empire_of_extrameduran;Imperio de;;;;;;;;;;;;;x

king_spanish;Rey;;;;;;;;;;;;;x
king_female_spanish;Reina;;;;;;;;;;;;;x
kingdom_of_spanish;Reino de;;;;;;;;;;;;;x
duke_spanish;Duque;;;;;;;;;;;;;x
duke_female_spanish;Duquesa;;;;;;;;;;;;;x
duchy_of_spanish;Ducado de;;;;;;;;;;;;;x
count_spanish;Conde;;;;;;;;;;;;;x
count_female_spanish;Condesa;;;;;;;;;;;;;x
county_of_spanish;Condado de;;;;;;;;;;;;;x
emperor_spanish;Emperador;;;;;;;;;;;;;x
emperor_female_spanish;Emperatriz;;;;;;;;;;;;;x
empire_of_spanish;Imperio de;;;;;;;;;;;;;x

king_lusophone;Rei;;;;;;;;;;;;;x
king_female_lusophone;Rainha;;;;;;;;;;;;;x
kingdom_of_lusophone;Reino de;;;;;;;;;;;;;x
duke_lusophone;Duque;;;;;;;;;;;;;x
duke_female_lusophone;Duquesa;;;;;;;;;;;;;x
duchy_of_lusophone;Ducado de;;;;;;;;;;;;;x
count_lusophone;Conde;;;;;;;;;;;;;x
count_female_lusophone;Condessa;;;;;;;;;;;;;x
county_of_lusophone;Condado de;;;;;;;;;;;;;x
emperor_lusophone;Imperador;;;;;;;;;;;;;x
emperor_female_lusophone;Imperatriz;;;;;;;;;;;;;x
empire_of_lusophone;Império de;;;;;;;;;;;;;x

king_amero_lusophone;Rei;;;;;;;;;;;;;x
king_female_amero_lusophone;Rainha;;;;;;;;;;;;;x
kingdom_of_amero_lusophone;Reino de;;;;;;;;;;;;;x
duke_amero_lusophone;Duque;;;;;;;;;;;;;x
duke_female_amero_lusophone;Duquesa;;;;;;;;;;;;;x
duchy_of_amero_lusophone;Ducado de;;;;;;;;;;;;;x
count_amero_lusophone;Conde;;;;;;;;;;;;;x
count_female_amero_lusophone;Condessa;;;;;;;;;;;;;x
county_of_amero_lusophone;Condado de;;;;;;;;;;;;;x
emperor_amero_lusophone;Imperador;;;;;;;;;;;;;x
emperor_female_amero_lusophone;Imperatriz;;;;;;;;;;;;;x
empire_of_amero_lusophone;Império de;;;;;;;;;;;;;x

king_piemontese;Re;;;;;;;;;;;;;x
king_female_piemontese;Regina;;;;;;;;;;;;;x
kingdom_of_piemontese;Regno di;;;;;;;;;;;;;x
duke_piemontese;Duca;;;;;;;;;;;;;x
duke_female_piemontese;Duchessa;;;;;;;;;;;;;x
duchy_of_piemontese;Ducato di;;;;;;;;;;;;;x
count_piemontese;Conte;;;;;;;;;;;;;x
count_female_piemontese;Contessa;;;;;;;;;;;;;x
county_of_piemontese;Contea di;;;;;;;;;;;;;x
emperor_piemontese;Imperatore;;;;;;;;;;;;;x
emperor_female_piemontese;Imperatrice;;;;;;;;;;;;;x
empire_of_piemontese;Impero di;;;;;;;;;;;;;x

king_corsu;Rè;;;;;;;;;;;;;x
king_female_corsu;Regina;;;;;;;;;;;;;x
kingdom_of_corsu;Regnu di;;;;;;;;;;;;;x
duke_corsu;Duca;;;;;;;;;;;;;x
duke_female_corsu;Duchessa;;;;;;;;;;;;;x
duchy_of_corsu;Ducatu di;;;;;;;;;;;;;x
count_corsu;Cunte;;;;;;;;;;;;;x
count_female_corsu;Cuntissa;;;;;;;;;;;;;x
county_of_corsu;Cuntea di;;;;;;;;;;;;;x
emperor_corsu;Imperatore;;;;;;;;;;;;;x
emperor_female_corsu;Imperatrice;;;;;;;;;;;;;x
empire_of_corsu;Imperu di;;;;;;;;;;;;;x

king_tuscanian;Re;;;;;;;;;;;;;x
king_female_tuscanian;Regina;;;;;;;;;;;;;x
kingdom_of_tuscanian;Regno di;;;;;;;;;;;;;x
duke_tuscanian;Duca;;;;;;;;;;;;;x
duke_female_tuscanian;Duchessa;;;;;;;;;;;;;x
duchy_of_tuscanian;Ducato di;;;;;;;;;;;;;x
count_tuscanian;Conte;;;;;;;;;;;;;x
count_female_tuscanian;Contessa;;;;;;;;;;;;;x
county_of_tuscanian;Contea di;;;;;;;;;;;;;x
emperor_tuscanian;Imperatore;;;;;;;;;;;;;x
emperor_female_tuscanian;Imperatrice;;;;;;;;;;;;;x
empire_of_tuscanian;Impero di;;;;;;;;;;;;;x

king_emilian;Re;;;;;;;;;;;;;x
king_female_emilian;Regina;;;;;;;;;;;;;x
kingdom_of_emilian;Regno di;;;;;;;;;;;;;x
duke_emilian;Duca;;;;;;;;;;;;;x
duke_female_emilian;Duchessa;;;;;;;;;;;;;x
duchy_of_emilian;Ducato di;;;;;;;;;;;;;x
count_emilian;Conte;;;;;;;;;;;;;x
count_female_emilian;Contessa;;;;;;;;;;;;;x
county_of_emilian;Contea di;;;;;;;;;;;;;x
emperor_emilian;Imperatore;;;;;;;;;;;;;x
emperor_female_emilian;Imperatrice;;;;;;;;;;;;;x
empire_of_emilian;Impero di;;;;;;;;;;;;;x

king_lombard;Re;;;;;;;;;;;;;x
king_female_lombard;Regina;;;;;;;;;;;;;x
kingdom_of_lombard;Regno di;;;;;;;;;;;;;x
duke_lombard;Duca;;;;;;;;;;;;;x
duke_female_lombard;Duchessa;;;;;;;;;;;;;x
duchy_of_lombard;Ducato di;;;;;;;;;;;;;x
count_lombard;Conte;;;;;;;;;;;;;x
count_female_lombard;Contessa;;;;;;;;;;;;;x
county_of_lombard;Contea di;;;;;;;;;;;;;x
emperor_lombard;Imperatore;;;;;;;;;;;;;x
emperor_female_lombard;Imperatrice;;;;;;;;;;;;;x
empire_of_lombard;Impero di;;;;;;;;;;;;;x

king_venetian;Re;;;;;;;;;;;;;x
king_female_venetian;Regina;;;;;;;;;;;;;x
kingdom_of_venetian;Regno di;;;;;;;;;;;;;x
duke_venetian;Duca;;;;;;;;;;;;;x
duke_female_venetian;Duchessa;;;;;;;;;;;;;x
duchy_of_venetian;Ducato di;;;;;;;;;;;;;x
count_venetian;Conte;;;;;;;;;;;;;x
count_female_venetian;Contessa;;;;;;;;;;;;;x
county_of_venetian;Contea di;;;;;;;;;;;;;x
emperor_venetian;Imperatore;;;;;;;;;;;;;x
emperor_female_venetian;Imperatrice;;;;;;;;;;;;;x
empire_of_venetian;Impero di;;;;;;;;;;;;;x

king_lazian;Re;;;;;;;;;;;;;x
king_female_lazian;Regina;;;;;;;;;;;;;x
kingdom_of_lazian;Regno di;;;;;;;;;;;;;x
duke_lazian;Duca;;;;;;;;;;;;;x
duke_female_lazian;Duchessa;;;;;;;;;;;;;x
duchy_of_lazian;Ducato di;;;;;;;;;;;;;x
count_lazian;Conte;;;;;;;;;;;;;x
count_female_lazian;Contessa;;;;;;;;;;;;;x
county_of_lazian;Contea di;;;;;;;;;;;;;x
emperor_lazian;Imperatore;;;;;;;;;;;;;x
emperor_female_lazian;Imperatrice;;;;;;;;;;;;;x
empire_of_lazian;Impero di;;;;;;;;;;;;;x

king_sanmarinese;Re;;;;;;;;;;;;;x
king_female_sanmarinese;Regina;;;;;;;;;;;;;x
kingdom_of_sanmarinese;Regno di;;;;;;;;;;;;;x
duke_sanmarinese;Duca;;;;;;;;;;;;;x
duke_female_sanmarinese;Duchessa;;;;;;;;;;;;;x
duchy_of_sanmarinese;Ducato di;;;;;;;;;;;;;x
count_sanmarinese;Conte;;;;;;;;;;;;;x
count_female_sanmarinese;Contessa;;;;;;;;;;;;;x
county_of_sanmarinese;Contea di;;;;;;;;;;;;;x
emperor_sanmarinese;Imperatore;;;;;;;;;;;;;x
emperor_female_sanmarinese;Imperatrice;;;;;;;;;;;;;x
empire_of_sanmarinese;Impero di;;;;;;;;;;;;;x

king_sard;Re;;;;;;;;;;;;;x
king_female_sard;Regina;;;;;;;;;;;;;x
kingdom_of_sard;Regno di;;;;;;;;;;;;;x
duke_sard;Duca;;;;;;;;;;;;;x
duke_female_sard;Duchessa;;;;;;;;;;;;;x
duchy_of_sard;Ducato di;;;;;;;;;;;;;x
count_sard;Conte;;;;;;;;;;;;;x
count_female_sard;Contessa;;;;;;;;;;;;;x
county_of_sard;Contea di;;;;;;;;;;;;;x
emperor_sard;Imperatore;;;;;;;;;;;;;x
emperor_female_sard;Imperatrice;;;;;;;;;;;;;x
empire_of_sard;Impero di;;;;;;;;;;;;;x

king_sicilian;Reghi;;;;;;;;;;;;;x
king_female_sicilian;Riggina;;;;;;;;;;;;;x
kingdom_of_sicilian;Regnu di;;;;;;;;;;;;;x
duke_sicilian;Duca;;;;;;;;;;;;;x
duke_female_sicilian;Duchessa;;;;;;;;;;;;;x
duchy_of_sicilian;Ducatu di;;;;;;;;;;;;;x
count_sicilian;Conte;;;;;;;;;;;;;x
count_female_sicilian;Contessa;;;;;;;;;;;;;x
county_of_sicilian;Contado di;;;;;;;;;;;;;x
emperor_sicilian;Imperatore;;;;;;;;;;;;;x
emperor_female_sicilian;Imperatrice;;;;;;;;;;;;;x
empire_of_sicilian;Imperiu di;;;;;;;;;;;;;x

king_neapolitan;Reghi;;;;;;;;;;;;;x
king_female_neapolitan;Riggina;;;;;;;;;;;;;x
kingdom_of_neapolitan;Regnu di;;;;;;;;;;;;;x
duke_neapolitan;Duca;;;;;;;;;;;;;x
duke_female_neapolitan;Duchessa;;;;;;;;;;;;;x
duchy_of_neapolitan;Ducatu di;;;;;;;;;;;;;x
count_neapolitan;Conte;;;;;;;;;;;;;x
count_female_neapolitan;Contessa;;;;;;;;;;;;;x
county_of_neapolitan;Contado di;;;;;;;;;;;;;x
emperor_neapolitan;Imperatore;;;;;;;;;;;;;x
emperor_female_neapolitan;Imperatrice;;;;;;;;;;;;;x
empire_of_neapolitan;Imperiu di;;;;;;;;;;;;;x

king_pugliese;Reghi;;;;;;;;;;;;;x
king_female_pugliese;Riggina;;;;;;;;;;;;;x
kingdom_of_pugliese;Regnu di;;;;;;;;;;;;;x
duke_pugliese;Duca;;;;;;;;;;;;;x
duke_female_pugliese;Duchessa;;;;;;;;;;;;;x
duchy_of_pugliese;Ducatu di;;;;;;;;;;;;;x
count_pugliese;Conte;;;;;;;;;;;;;x
count_female_pugliese;Contessa;;;;;;;;;;;;;x
county_of_pugliese;Contado di;;;;;;;;;;;;;x
emperor_pugliese;Imperatore;;;;;;;;;;;;;x
emperor_female_pugliese;Imperatrice;;;;;;;;;;;;;x
empire_of_pugliese;Imperiu di;;;;;;;;;;;;;x

#Arbereshe uses Pugliese loc because they're very Italianized
king_arbereshe;Reghi;;;;;;;;;;;;;x
king_female_arbereshe;Riggina;;;;;;;;;;;;;x
kingdom_of_arbereshe;Regnu di;;;;;;;;;;;;;x
duke_arbereshe;Duca;;;;;;;;;;;;;x
duke_female_arbereshe;Duchessa;;;;;;;;;;;;;x
duchy_of_arbereshe;Ducatu di;;;;;;;;;;;;;x
count_arbereshe;Conte;;;;;;;;;;;;;x
count_female_arbereshe;Contessa;;;;;;;;;;;;;x
county_of_arbereshe;Contado di;;;;;;;;;;;;;x
emperor_arbereshe;Imperatore;;;;;;;;;;;;;x
emperor_female_arbereshe;Imperatrice;;;;;;;;;;;;;x
empire_of_arbereshe;Imperiu di;;;;;;;;;;;;;x

king_originaires;Roi;;;;;;;;;;;;;x
king_female_originaires;Reine;;;;;;;;;;;;;x
kingdom_of_originaires;Royaume de;;;;;;;;;;;;;x
duke_originaires;Gouverneur;;;;;;;;;;;;;x
duke_female_originaires;Gouverneure;;;;;;;;;;;;;x
duchy_of_originaires;Province de;;;;;;;;;;;;;x
count_originaires;Seigneur;;;;;;;;;;;;;x
count_female_originaires;Dame;;;;;;;;;;;;;x
county_of_originaires;Région de;;;;;;;;;;;;;x
emperor_originaires;Empereur;;;;;;;;;;;;;x
emperor_female_originaires;Impératrice;;;;;;;;;;;;;x
empire_of_originaires;Empire de;;;;;;;;;;;;;x
baron_originaires;Chevalier;;;;;;;;;;;;;x
baron_female_originaires;Chevalière;;;;;;;;;;;;;x
barony_of_originaires;Château de;;;;;;;;;;;;;x

#### Senegambians

king_wolof;Malik;;;;;;;;;;;;;x
king_female_wolof;Malika;;;;;;;;;;;;;x
kingdom_of_wolof;Kingdom of;;;;;;;;;;;;;x
duke_wolof;Emir;;;;;;;;;;;;;x
duke_female_wolof;Emira;;;;;;;;;;;;;x
duchy_of_wolof;Emirate of;;;;;;;;;;;;;x
count_wolof;Bopp;;;;;;;;;;;;;x
count_female_wolof;Bopp;;;;;;;;;;;;;x
county_of_wolof;Diwaanu of;;;;;;;;;;;;;x
emperor_wolof;Buur;;;;;;;;;;;;;x
emperor_female_wolof;Buumi;;;;;;;;;;;;;x
empire_of_wolof;Empire of;;;;;;;;;;;;;x

king_serer;Buur;;;;;;;;;;;;;x
king_female_serer;Buumi;;;;;;;;;;;;;x
kingdom_of_serer;Bûryuhan of;;;;;;;;;;;;;x
duke_serer;Caytukat;;;;;;;;;;;;;x
duke_female_serer;Caytukat;;;;;;;;;;;;;x
duchy_of_serer;Caytu of;;;;;;;;;;;;;x
count_serer;Bopp;;;;;;;;;;;;;x
count_female_serer;Bopp;;;;;;;;;;;;;x
county_of_serer;Diwaanu of;;;;;;;;;;;;;x
emperor_serer;Sultan;;;;;;;;;;;;;x
emperor_female_serer;Sultana;;;;;;;;;;;;;x
empire_of_serer;Sultanate of;;;;;;;;;;;;;x

baron_fulani;Wâli;;;;;;;;;;;;;x
baron_female_fulani;Wâli;;;;;;;;;;;;;x
count_fulani;Sheikh;;;;;;;;;;;;;x
count_female_fulani;Sheikh;;;;;;;;;;;;;x
duke_fulani;Emir;;;;;;;;;;;;;x
duke_female_fulani;Emira;;;;;;;;;;;;;x
king_fulani;Malik;;;;;;;;;;;;;x
king_female_fulani;Malika;;;;;;;;;;;;;x
emperor_fulani;Almami;;;;;;;;;;;;;x
emperor_female_fulani;Empress;;;;;;;;;;;;;x
barony_of_fulani;Wilayah of;;;;;;;;;;;;;x
county_of_fulani;Sheikhdom of;;;;;;;;;;;;;x
duchy_of_fulani;Emirate of;;;;;;;;;;;;;x
kingdom_of_fulani;Mamlakah of;;;;;;;;;;;;;x
empire_of_fulani;Empire of;;;;;;;;;;;;;x
barony_fulani;Wilayah;;;;;;;;;;;;;x
county_fulani;Sheikhdom;;;;;;;;;;;;;x
duchy_fulani;Emirate;;;;;;;;;;;;;x
kingdom_fulani;Mamlakah;;;;;;;;;;;;;x
empire_fulani;Empire;;;;;;;;;;;;;x

futajallon;Futa Jallon;;;;;;;;;;;;;x
baron_futajallon;Wâli;;;;;;;;;;;;;x
baron_female_futajallon;Wâli;;;;;;;;;;;;;x
count_futajallon;Sheikh;;;;;;;;;;;;;x
count_female_futajallon;Sheikh;;;;;;;;;;;;;x
duke_futajallon;Emir;;;;;;;;;;;;;x
duke_female_futajallon;Emira;;;;;;;;;;;;;x
king_futajallon;Malik;;;;;;;;;;;;;x
king_female_futajallon;Malika;;;;;;;;;;;;;x
emperor_futajallon;Almami;;;;;;;;;;;;;x
emperor_female_futajallon;Empress;;;;;;;;;;;;;x
barony_of_futajallon;Wilayah of;;;;;;;;;;;;;x
county_of_futajallon;Sheikhdom of;;;;;;;;;;;;;x
duchy_of_futajallon;Emirate of;;;;;;;;;;;;;x
kingdom_of_futajallon;Mamlakah of;;;;;;;;;;;;;x
empire_of_futajallon;Empire of;;;;;;;;;;;;;x
barony_futajallon;Wilayah;;;;;;;;;;;;;x
county_futajallon;Sheikhdom;;;;;;;;;;;;;x
duchy_futajallon;Emirate;;;;;;;;;;;;;x
kingdom_futajallon;Mamlakah;;;;;;;;;;;;;x
empire_futajallon;Empire;;;;;;;;;;;;;x

soninke;Soninke;;;;;;;;;;;;;x
baron_soninke;Wâli;;;;;;;;;;;;;x
baron_female_soninke;Wâli;;;;;;;;;;;;;x
count_soninke;Sheikh;;;;;;;;;;;;;x
count_female_soninke;Sheikh;;;;;;;;;;;;;x
duke_soninke;Emir;;;;;;;;;;;;;x
duke_female_soninke;Emira;;;;;;;;;;;;;x
king_soninke;Malik;;;;;;;;;;;;;x
king_female_soninke;Malika;;;;;;;;;;;;;x
emperor_soninke;Almami;;;;;;;;;;;;;x
emperor_female_soninke;Empress;;;;;;;;;;;;;x
barony_of_soninke;Wilayah of;;;;;;;;;;;;;x
county_of_soninke;Sheikhdom of;;;;;;;;;;;;;x
duchy_of_soninke;Emirate of;;;;;;;;;;;;;x
kingdom_of_soninke;Mamlakah of;;;;;;;;;;;;;x
empire_of_soninke;Empire of;;;;;;;;;;;;;x
barony_soninke;Wilayah;;;;;;;;;;;;;x
county_soninke;Sheikhdom;;;;;;;;;;;;;x
duchy_soninke;Emirate;;;;;;;;;;;;;x
kingdom_soninke;Mamlakah;;;;;;;;;;;;;x
empire_soninke;Empire;;;;;;;;;;;;;x

nalu;Nalu;;;;;;;;;;;;;x
baron_nalu;Wâli;;;;;;;;;;;;;x
baron_female_nalu;Wâli;;;;;;;;;;;;;x
count_nalu;Sheikh;;;;;;;;;;;;;x
count_female_nalu;Sheikh;;;;;;;;;;;;;x
duke_nalu;Emir;;;;;;;;;;;;;x
duke_female_nalu;Emira;;;;;;;;;;;;;x
king_nalu;Malik;;;;;;;;;;;;;x
king_female_nalu;Malika;;;;;;;;;;;;;x
emperor_nalu;Almami;;;;;;;;;;;;;x
emperor_female_nalu;Empress;;;;;;;;;;;;;x
barony_of_nalu;Wilayah of;;;;;;;;;;;;;x
county_of_nalu;Sheikhdom of;;;;;;;;;;;;;x
duchy_of_nalu;Emirate of;;;;;;;;;;;;;x
kingdom_of_nalu;Mamlakah of;;;;;;;;;;;;;x
empire_of_nalu;Empire of;;;;;;;;;;;;;x
barony_nalu;Wilayah;;;;;;;;;;;;;x
county_nalu;Sheikhdom;;;;;;;;;;;;;x
duchy_nalu;Emirate;;;;;;;;;;;;;x
kingdom_nalu;Mamlakah;;;;;;;;;;;;;x
empire_nalu;Empire;;;;;;;;;;;;;x

jola;Jola;;;;;;;;;;;;;x
baron_jola;Wâli;;;;;;;;;;;;;x
baron_female_jola;Wâli;;;;;;;;;;;;;x
count_jola;Sheikh;;;;;;;;;;;;;x
count_female_jola;Sheikh;;;;;;;;;;;;;x
duke_jola;Emir;;;;;;;;;;;;;x
duke_female_jola;Emira;;;;;;;;;;;;;x
king_jola;Malik;;;;;;;;;;;;;x
king_female_jola;Malika;;;;;;;;;;;;;x
emperor_jola;Almami;;;;;;;;;;;;;x
emperor_female_jola;Empress;;;;;;;;;;;;;x
barony_of_jola;Wilayah of;;;;;;;;;;;;;x
county_of_jola;Sheikhdom of;;;;;;;;;;;;;x
duchy_of_jola;Emirate of;;;;;;;;;;;;;x
kingdom_of_jola;Mamlakah of;;;;;;;;;;;;;x
empire_of_jola;Empire of;;;;;;;;;;;;;x
barony_jola;Wilayah;;;;;;;;;;;;;x
county_jola;Sheikhdom;;;;;;;;;;;;;x
duchy_jola;Emirate;;;;;;;;;;;;;x
kingdom_jola;Mamlakah;;;;;;;;;;;;;x
empire_jola;Empire;;;;;;;;;;;;;x

balanta;Balanta;;;;;;;;;;;;;x
baron_balanta;Wâli;;;;;;;;;;;;;x
baron_female_balanta;Wâli;;;;;;;;;;;;;x
count_balanta;Sheikh;;;;;;;;;;;;;x
count_female_balanta;Sheikh;;;;;;;;;;;;;x
duke_balanta;Emir;;;;;;;;;;;;;x
duke_female_balanta;Emira;;;;;;;;;;;;;x
king_balanta;Malik;;;;;;;;;;;;;x
king_female_balanta;Malika;;;;;;;;;;;;;x
emperor_balanta;Almami;;;;;;;;;;;;;x
emperor_female_balanta;Empress;;;;;;;;;;;;;x
barony_of_balanta;Wilayah of;;;;;;;;;;;;;x
county_of_balanta;Sheikhdom of;;;;;;;;;;;;;x
duchy_of_balanta;Emirate of;;;;;;;;;;;;;x
kingdom_of_balanta;Mamlakah of;;;;;;;;;;;;;x
empire_of_balanta;Empire of;;;;;;;;;;;;;x
barony_balanta;Wilayah;;;;;;;;;;;;;x
county_balanta;Sheikhdom;;;;;;;;;;;;;x
duchy_balanta;Emirate;;;;;;;;;;;;;x
kingdom_balanta;Mamlakah;;;;;;;;;;;;;x
empire_balanta;Empire;;;;;;;;;;;;;x

bijango;Bijango;;;;;;;;;;;;;x
baron_bijango;Wâli;;;;;;;;;;;;;x
baron_female_bijango;Wâli;;;;;;;;;;;;;x
count_bijango;Sheikh;;;;;;;;;;;;;x
count_female_bijango;Sheikh;;;;;;;;;;;;;x
duke_bijango;Emir;;;;;;;;;;;;;x
duke_female_bijango;Emira;;;;;;;;;;;;;x
king_bijango;Malik;;;;;;;;;;;;;x
king_female_bijango;Malika;;;;;;;;;;;;;x
emperor_bijango;Almami;;;;;;;;;;;;;x
emperor_female_bijango;Empress;;;;;;;;;;;;;x
barony_of_bijango;Wilayah of;;;;;;;;;;;;;x
county_of_bijango;Sheikhdom of;;;;;;;;;;;;;x
duchy_of_bijango;Emirate of;;;;;;;;;;;;;x
kingdom_of_bijango;Mamlakah of;;;;;;;;;;;;;x
empire_of_bijango;Empire of;;;;;;;;;;;;;x
barony_bijango;Wilayah;;;;;;;;;;;;;x
county_bijango;Sheikhdom;;;;;;;;;;;;;x
duchy_bijango;Emirate;;;;;;;;;;;;;x
kingdom_bijango;Mamlakah;;;;;;;;;;;;;x
empire_bijango;Empire;;;;;;;;;;;;;x

baron_toucouleur;Wâli;;;;;;;;;;;;;x
baron_female_toucouleur;Wâli;;;;;;;;;;;;;x
count_toucouleur;Sheikh;;;;;;;;;;;;;x
count_female_toucouleur;Sheikh;;;;;;;;;;;;;x
duke_toucouleur;Emir;;;;;;;;;;;;;x
duke_female_toucouleur;Emira;;;;;;;;;;;;;x
king_toucouleur;Malik;;;;;;;;;;;;;x
king_female_toucouleur;Malika;;;;;;;;;;;;;x
emperor_toucouleur;Great Sultan;;;;;;;;;;;;;x
emperor_female_toucouleur;Great Sultana;;;;;;;;;;;;;x
barony_of_toucouleur;Wilayah of;;;;;;;;;;;;;x
county_of_toucouleur;Sheikhdom of;;;;;;;;;;;;;x
duchy_of_toucouleur;Emirate of;;;;;;;;;;;;;x
kingdom_of_toucouleur;Mamlakah of;;;;;;;;;;;;;x
empire_of_toucouleur;Sultanate of;;;;;;;;;;;;;x
barony_toucouleur;Wilayah;;;;;;;;;;;;;x
county_toucouleur;Sheikhdom;;;;;;;;;;;;;x
duchy_toucouleur;Emirate;;;;;;;;;;;;;x
kingdom_toucouleur;Mamlakah;;;;;;;;;;;;;x
empire_toucouleur;Sultanate;;;;;;;;;;;;;x

baron_abbala_arabic;Wâli;;;;;;;;;;;;;x
baron_female_abbala_arabic;Wâli;;;;;;;;;;;;;x
count_abbala_arabic;Sheikh;;;;;;;;;;;;;x
count_female_abbala_arabic;Sheikh;;;;;;;;;;;;;x
duke_abbala_arabic;Emir;;;;;;;;;;;;;x
duke_female_abbala_arabic;Emira;;;;;;;;;;;;;x
king_abbala_arabic;Malik;;;;;;;;;;;;;x
king_female_abbala_arabic;Malika;;;;;;;;;;;;;x
emperor_abbala_arabic;Great Sultan;;;;;;;;;;;;;x
emperor_female_abbala_arabic;Great Sultana;;;;;;;;;;;;;x
barony_of_abbala_arabic;Wilayah of;;;;;;;;;;;;;x
county_of_abbala_arabic;Sheikhdom of;;;;;;;;;;;;;x
duchy_of_abbala_arabic;Emirate of;;;;;;;;;;;;;x
kingdom_of_abbala_arabic;Mamlakah of;;;;;;;;;;;;;x
empire_of_abbala_arabic;Sultanate of;;;;;;;;;;;;;x
barony_abbala_arabic;Wilayah;;;;;;;;;;;;;x
county_abbala_arabic;Sheikhdom;;;;;;;;;;;;;x
duchy_abbala_arabic;Emirate;;;;;;;;;;;;;x
kingdom_abbala_arabic;Mamlakah;;;;;;;;;;;;;x
empire_abbala_arabic;Sultanate;;;;;;;;;;;;;x

### Mandes

king_malian;Sultan;;;;;;;;;;;;;x
king_female_malian;Sultane;;;;;;;;;;;;;x
kingdom_of_malian;Sultanat de;;;;;;;;;;;;;x
duke_malian;Émir;;;;;;;;;;;;;x
duke_female_malian;Émira;;;;;;;;;;;;;x
duchy_of_malian;Émirat de;;;;;;;;;;;;;x
count_malian;Cheik;;;;;;;;;;;;;x
count_female_malian;Cheikha;;;;;;;;;;;;;x
county_of_malian;Région de;;;;;;;;;;;;;x
emperor_malian;Mansa;;;;;;;;;;;;;x
emperor_female_malian;Impératrice;;;;;;;;;;;;;x
empire_of_malian;Empire de;;;;;;;;;;;;;x
baron_malian;Wali;;;;;;;;;;;;;x
baron_female_malian;Wali;;;;;;;;;;;;;x
barony_of_malian;Wilayah de;;;;;;;;;;;;;x

king_bambara;Malik;;;;;;;;;;;;;x
king_female_bambara;Malika;;;;;;;;;;;;;x
kingdom_of_bambara;Famala of;;;;;;;;;;;;;x
duke_bambara;Faama;;;;;;;;;;;;;x
duke_female_bambara;Faama;;;;;;;;;;;;;x
duchy_of_bambara;Dineja of;;;;;;;;;;;;;x
count_bambara;Kun;;;;;;;;;;;;;x
count_female_bambara;Kun;;;;;;;;;;;;;x
county_of_bambara;Dugu of;;;;;;;;;;;;;x
emperor_bambara;Empereur;;;;;;;;;;;;;x
emperor_female_bambara;Impératrice;;;;;;;;;;;;;x
empire_of_bambara;Empire de;;;;;;;;;;;;;x

baron_mandinka;Wâli;;;;;;;;;;;;;x
baron_female_mandinka;Wâli;;;;;;;;;;;;;x
count_mandinka;Sheikh;;;;;;;;;;;;;x
count_female_mandinka;Sheikh;;;;;;;;;;;;;x
duke_mandinka;Emir;;;;;;;;;;;;;x
duke_female_mandinka;Emira;;;;;;;;;;;;;x
king_mandinka;Malik;;;;;;;;;;;;;x
king_female_mandinka;Malika;;;;;;;;;;;;;x
emperor_mandinka;Mansa;;;;;;;;;;;;;x
emperor_female_mandinka;Empress;;;;;;;;;;;;;x
barony_of_mandinka;Wilayah of;;;;;;;;;;;;;x
county_of_mandinka;Sheikhdom of;;;;;;;;;;;;;x
duchy_of_mandinka;Emirate of;;;;;;;;;;;;;x
kingdom_of_mandinka;Mamlakah of;;;;;;;;;;;;;x
empire_of_mandinka;Sultanate of;;;;;;;;;;;;;x
barony_mandinka;Wilayah;;;;;;;;;;;;;x
county_mandinka;Sheikhdom;;;;;;;;;;;;;x
duchy_mandinka;Emirate;;;;;;;;;;;;;x
kingdom_mandinka;Mamlakah;;;;;;;;;;;;;x
empire_mandinka;Sultanate;;;;;;;;;;;;;x

maninka;Maninka;;;;;;;;;;;;;x
baron_maninka;Wâli;;;;;;;;;;;;;x
baron_female_maninka;Wâli;;;;;;;;;;;;;x
count_maninka;Sheikh;;;;;;;;;;;;;x
count_female_maninka;Sheikh;;;;;;;;;;;;;x
duke_maninka;Emir;;;;;;;;;;;;;x
duke_female_maninka;Emira;;;;;;;;;;;;;x
king_maninka;Malik;;;;;;;;;;;;;x
king_female_maninka;Malika;;;;;;;;;;;;;x
emperor_maninka;Mansa;;;;;;;;;;;;;x
emperor_female_maninka;Empress;;;;;;;;;;;;;x
barony_of_maninka;Wilayah of;;;;;;;;;;;;;x
county_of_maninka;Sheikhdom of;;;;;;;;;;;;;x
duchy_of_maninka;Emirate of;;;;;;;;;;;;;x
kingdom_of_maninka;Mamlakah of;;;;;;;;;;;;;x
empire_of_maninka;Sultanate of;;;;;;;;;;;;;x
barony_maninka;Wilayah;;;;;;;;;;;;;x
county_maninka;Sheikhdom;;;;;;;;;;;;;x
duchy_maninka;Emirate;;;;;;;;;;;;;x
kingdom_maninka;Mamlakah;;;;;;;;;;;;;x
empire_maninka;Sultanate;;;;;;;;;;;;;x

xasonga;Xasonga;;;;;;;;;;;;;x
baron_xasonga;Wâli;;;;;;;;;;;;;x
baron_female_xasonga;Wâli;;;;;;;;;;;;;x
count_xasonga;Sheikh;;;;;;;;;;;;;x
count_female_xasonga;Sheikh;;;;;;;;;;;;;x
duke_xasonga;Emir;;;;;;;;;;;;;x
duke_female_xasonga;Emira;;;;;;;;;;;;;x
king_xasonga;Malik;;;;;;;;;;;;;x
king_female_xasonga;Malika;;;;;;;;;;;;;x
emperor_xasonga;Mansa;;;;;;;;;;;;;x
emperor_female_xasonga;Empress;;;;;;;;;;;;;x
barony_of_xasonga;Wilayah of;;;;;;;;;;;;;x
county_of_xasonga;Sheikhdom of;;;;;;;;;;;;;x
duchy_of_xasonga;Emirate of;;;;;;;;;;;;;x
kingdom_of_xasonga;Mamlakah of;;;;;;;;;;;;;x
empire_of_xasonga;Sultanate of;;;;;;;;;;;;;x
barony_xasonga;Wilayah;;;;;;;;;;;;;x
county_xasonga;Sheikhdom;;;;;;;;;;;;;x
duchy_xasonga;Emirate;;;;;;;;;;;;;x
kingdom_xasonga;Mamlakah;;;;;;;;;;;;;x
empire_xasonga;Sultanate;;;;;;;;;;;;;x

king_soussou;Roi;;;;;;;;;;;;;x
king_female_soussou;Reine;;;;;;;;;;;;;x
kingdom_of_soussou;Royaume de;;;;;;;;;;;;;x
duke_soussou;Gouverneur;;;;;;;;;;;;;x
duke_female_soussou;Gouverneure;;;;;;;;;;;;;x
duchy_of_soussou;Province de;;;;;;;;;;;;;x
count_soussou;Seigneur;;;;;;;;;;;;;x
count_female_soussou;Dame;;;;;;;;;;;;;x
county_of_soussou;Région de;;;;;;;;;;;;;x
emperor_soussou;Empereur;;;;;;;;;;;;;x
emperor_female_soussou;Impératrice;;;;;;;;;;;;;x
empire_of_soussou;Empire de;;;;;;;;;;;;;x
baron_soussou;Chevalier;;;;;;;;;;;;;x
baron_female_soussou;Chevalière;;;;;;;;;;;;;x
barony_of_soussou;Château de;;;;;;;;;;;;;x

### Niger-Congolese

king_nigerian;Oba;;;;;;;;;;;;;x
king_female_nigerian;Olorì;;;;;;;;;;;;;x
kingdom_of_nigerian;Oríle;;;;;;;;;;;;;x
duke_nigerian;Olóye;;;;;;;;;;;;;x
duke_female_nigerian;Olóye;;;;;;;;;;;;;x
duchy_of_nigerian;Ìjoba;;;;;;;;;;;;;x
count_nigerian;Lord;;;;;;;;;;;;;x
count_female_nigerian;Lady;;;;;;;;;;;;;x
county_of_nigerian;Agbegbe;;;;;;;;;;;;;x
emperor_nigerian;Oba Nla;;;;;;;;;;;;;x
emperor_female_nigerian;Obalúayé;;;;;;;;;;;;;x
empire_of_nigerian;Ile Oba;;;;;;;;;;;;;x
baron_nigerian;Lieutenant;;;;;;;;;;;;;x
baron_female_nigerian;Lieutenant;;;;;;;;;;;;;x
barony_of_nigerian;Lieutenancy of;;;;;;;;;;;;;x

king_congolese;Roi;;;;;;;;;;;;;x
king_female_congolese;Reine;;;;;;;;;;;;;x
kingdom_of_congolese;Royaume de;;;;;;;;;;;;;x
duke_congolese;Gouverneur;;;;;;;;;;;;;x
duke_female_congolese;Gouverneure;;;;;;;;;;;;;x
duchy_of_congolese;Province de;;;;;;;;;;;;;x
count_congolese;Seigneur;;;;;;;;;;;;;x
count_female_congolese;Dame;;;;;;;;;;;;;x
county_of_congolese;Région de;;;;;;;;;;;;;x
emperor_congolese;Empereur;;;;;;;;;;;;;x
emperor_female_congolese;Impératrice;;;;;;;;;;;;;x
empire_of_congolese;Empire de;;;;;;;;;;;;;x
baron_congolese;Chevalier;;;;;;;;;;;;;x
baron_female_congolese;Chevalière;;;;;;;;;;;;;x
barony_of_congolese;Château de;;;;;;;;;;;;;x

king_gourma;Roi;;;;;;;;;;;;;x
king_female_gourma;Reine;;;;;;;;;;;;;x
kingdom_of_gourma;Royaume de;;;;;;;;;;;;;x
duke_gourma;Gouverneur;;;;;;;;;;;;;x
duke_female_gourma;Gouverneure;;;;;;;;;;;;;x
duchy_of_gourma;Province de;;;;;;;;;;;;;x
count_gourma;Seigneur;;;;;;;;;;;;;x
count_female_gourma;Dame;;;;;;;;;;;;;x
county_of_gourma;Région de;;;;;;;;;;;;;x
emperor_gourma;Empereur;;;;;;;;;;;;;x
emperor_female_gourma;Impératrice;;;;;;;;;;;;;x
empire_of_gourma;Empire de;;;;;;;;;;;;;x
baron_gourma;Chevalier;;;;;;;;;;;;;x
baron_female_gourma;Chevalière;;;;;;;;;;;;;x
barony_of_gourma;Château de;;;;;;;;;;;;;x

king_senufo;Roi;;;;;;;;;;;;;x
king_female_senufo;Reine;;;;;;;;;;;;;x
kingdom_of_senufo;Royaume de;;;;;;;;;;;;;x
duke_senufo;Gouverneur;;;;;;;;;;;;;x
duke_female_senufo;Gouverneure;;;;;;;;;;;;;x
duchy_of_senufo;Province de;;;;;;;;;;;;;x
count_senufo;Seigneur;;;;;;;;;;;;;x
count_female_senufo;Dame;;;;;;;;;;;;;x
county_of_senufo;Région de;;;;;;;;;;;;;x
emperor_senufo;Empereur;;;;;;;;;;;;;x
emperor_female_senufo;Impératrice;;;;;;;;;;;;;x
empire_of_senufo;Empire de;;;;;;;;;;;;;x
baron_senufo;Chevalier;;;;;;;;;;;;;x
baron_female_senufo;Chevalière;;;;;;;;;;;;;x
barony_of_senufo;Château de;;;;;;;;;;;;;x

king_mossi;Roi;;;;;;;;;;;;;x
king_female_mossi;Reine;;;;;;;;;;;;;x
kingdom_of_mossi;Royaume de;;;;;;;;;;;;;x
duke_mossi;Gouverneur;;;;;;;;;;;;;x
duke_female_mossi;Gouverneure;;;;;;;;;;;;;x
duchy_of_mossi;Province de;;;;;;;;;;;;;x
count_mossi;Seigneur;;;;;;;;;;;;;x
count_female_mossi;Dame;;;;;;;;;;;;;x
county_of_mossi;Région de;;;;;;;;;;;;;x
emperor_mossi;Empereur;;;;;;;;;;;;;x
emperor_female_mossi;Impératrice;;;;;;;;;;;;;x
empire_of_mossi;Empire de;;;;;;;;;;;;;x
baron_mossi;Chevalier;;;;;;;;;;;;;x
baron_female_mossi;Chevalière;;;;;;;;;;;;;x
barony_of_mossi;Château de;;;;;;;;;;;;;x

king_hausa;Sultan;;;;;;;;;;;;;x
king_female_hausa;Sultana;;;;;;;;;;;;;x
kingdom_of_hausa;Masarauta of;;;;;;;;;;;;;x
duke_hausa;Emir;;;;;;;;;;;;;x
duke_female_hausa;Emira;;;;;;;;;;;;;x
duchy_of_hausa;Emirate of;;;;;;;;;;;;;x
count_hausa;Sheikh;;;;;;;;;;;;;x
count_female_hausa;Sheikha;;;;;;;;;;;;;x
county_of_hausa;Sheikhdom of;;;;;;;;;;;;;x
emperor_hausa;Sarki;;;;;;;;;;;;;x
emperor_female_hausa;Sarauniya;;;;;;;;;;;;;x
empire_of_hausa;Empire of;;;;;;;;;;;;;x
baron_hausa;Wali;;;;;;;;;;;;;x
baron_female_hausa;Zawja;;;;;;;;;;;;;x
barony_of_hausa;Wilayah of;;;;;;;;;;;;;x


king_bole;Sultan;;;;;;;;;;;;;x
king_female_bole;Sultana;;;;;;;;;;;;;x
kingdom_of_bole;Masarauta of;;;;;;;;;;;;;x
duke_bole;Emir;;;;;;;;;;;;;x
duke_female_bole;Emira;;;;;;;;;;;;;x
duchy_of_bole;Emirate of;;;;;;;;;;;;;x
count_bole;Sheikh;;;;;;;;;;;;;x
count_female_bole;Sheikha;;;;;;;;;;;;;x
county_of_bole;Sheikhdom of;;;;;;;;;;;;;x
emperor_bole;Sarki;;;;;;;;;;;;;x
emperor_female_bole;Sarauniya;;;;;;;;;;;;;x
empire_of_bole;Empire of;;;;;;;;;;;;;x
baron_bole;Wali;;;;;;;;;;;;;x
baron_female_bole;Zawja;;;;;;;;;;;;;x
barony_of_bole;Wilayah of;;;;;;;;;;;;;x


king_kotoko;Sultan;;;;;;;;;;;;;x
king_female_kotoko;Sultana;;;;;;;;;;;;;x
kingdom_of_kotoko;Masarauta of;;;;;;;;;;;;;x
duke_kotoko;Emir;;;;;;;;;;;;;x
duke_female_kotoko;Emira;;;;;;;;;;;;;x
duchy_of_kotoko;Emirate of;;;;;;;;;;;;;x
count_kotoko;Sheikh;;;;;;;;;;;;;x
count_female_kotoko;Sheikha;;;;;;;;;;;;;x
county_of_kotoko;Sheikhdom of;;;;;;;;;;;;;x
emperor_kotoko;Sarki;;;;;;;;;;;;;x
emperor_female_kotoko;Sarauniya;;;;;;;;;;;;;x
empire_of_kotoko;Empire of;;;;;;;;;;;;;x
baron_kotoko;Wali;;;;;;;;;;;;;x
baron_female_kotoko;Zawja;;;;;;;;;;;;;x
barony_of_kotoko;Wilayah of;;;;;;;;;;;;;x

king_mubi;Sultan;;;;;;;;;;;;;x
king_female_mubi;Sultana;;;;;;;;;;;;;x
kingdom_of_mubi;Masarauta of;;;;;;;;;;;;;x
duke_mubi;Emir;;;;;;;;;;;;;x
duke_female_mubi;Emira;;;;;;;;;;;;;x
duchy_of_mubi;Emirate of;;;;;;;;;;;;;x
count_mubi;Sheikh;;;;;;;;;;;;;x
count_female_mubi;Sheikha;;;;;;;;;;;;;x
county_of_mubi;Sheikhdom of;;;;;;;;;;;;;x
emperor_mubi;Sarki;;;;;;;;;;;;;x
emperor_female_mubi;Sarauniya;;;;;;;;;;;;;x
empire_of_mubi;Empire of;;;;;;;;;;;;;x
baron_mubi;Wali;;;;;;;;;;;;;x
baron_female_mubi;Zawja;;;;;;;;;;;;;x
barony_of_mubi;Wilayah of;;;;;;;;;;;;;x
mubi;Mubi;;;;;;;;;;;;;x

king_nigeren;Sultan;;;;;;;;;;;;;x
king_female_nigeren;Sultane;;;;;;;;;;;;;x
kingdom_of_nigeren;Sultanat de;;;;;;;;;;;;;x
duke_nigeren;Émir;;;;;;;;;;;;;x
duke_female_nigeren;Émira;;;;;;;;;;;;;x
duchy_of_nigeren;Émirat de;;;;;;;;;;;;;x
count_nigeren;Cheik;;;;;;;;;;;;;x
count_female_nigeren;Cheikha;;;;;;;;;;;;;x
county_of_nigeren;Région de;;;;;;;;;;;;;x
emperor_nigeren;Mansa;;;;;;;;;;;;;x
emperor_female_nigeren;Impératrice;;;;;;;;;;;;;x
empire_of_nigeren;Empire de;;;;;;;;;;;;;x
baron_nigeren;Wali;;;;;;;;;;;;;x
baron_female_nigeren;Zawja;;;;;;;;;;;;;x
barony_of_nigeren;Wilaya de;;;;;;;;;;;;;x

### Saharans
baron_toubu;Wâli;;;;;;;;;;;;;x
baron_female_toubu;Wâli;;;;;;;;;;;;;x
count_toubu;Sheikh;;;;;;;;;;;;;x
count_female_toubu;Sheikh;;;;;;;;;;;;;x
duke_toubu;Emir;;;;;;;;;;;;;x
duke_female_toubu;Emira;;;;;;;;;;;;;x
king_toubu;Malik;;;;;;;;;;;;;x
king_female_toubu;Malika;;;;;;;;;;;;;x
emperor_toubu;Great Sultan;;;;;;;;;;;;;x
emperor_female_toubu;Great Sultana;;;;;;;;;;;;;x
barony_of_toubu;Wilayah of;;;;;;;;;;;;;x
county_of_toubu;Sheikhdom of;;;;;;;;;;;;;x
duchy_of_toubu;Emirate of;;;;;;;;;;;;;x
kingdom_of_toubu;Mamlakah of;;;;;;;;;;;;;x
empire_of_toubu;Empire of;;;;;;;;;;;;;x
barony_toubu;Wilayah;;;;;;;;;;;;;x
county_toubu;Sheikhdom;;;;;;;;;;;;;x
duchy_toubu;Emirate;;;;;;;;;;;;;x
kingdom_toubu;Mamlakah;;;;;;;;;;;;;x
empire_toubu;Sultanate;;;;;;;;;;;;;x

baron_tedaga;Wâli;;;;;;;;;;;;;x
baron_female_tedaga;Wâli;;;;;;;;;;;;;x
count_tedaga;Sheikh;;;;;;;;;;;;;x
count_female_tedaga;Sheikh;;;;;;;;;;;;;x
duke_tedaga;Emir;;;;;;;;;;;;;x
duke_female_tedaga;Emira;;;;;;;;;;;;;x
king_tedaga;Malik;;;;;;;;;;;;;x
king_female_tedaga;Malika;;;;;;;;;;;;;x
emperor_tedaga;Great Sultan;;;;;;;;;;;;;x
emperor_female_tedaga;Great Sultana;;;;;;;;;;;;;x
barony_of_tedaga;Wilayah of;;;;;;;;;;;;;x
county_of_tedaga;Sheikhdom of;;;;;;;;;;;;;x
duchy_of_tedaga;Emirate of;;;;;;;;;;;;;x
kingdom_of_tedaga;Mamlakah of;;;;;;;;;;;;;x
empire_of_tedaga;Sultanate of;;;;;;;;;;;;;x
barony_tedaga;Wilayah;;;;;;;;;;;;;x
county_tedaga;Sheikhdom;;;;;;;;;;;;;x
duchy_tedaga;Emirate;;;;;;;;;;;;;x
kingdom_tedaga;Mamlakah;;;;;;;;;;;;;x
empire_tedaga;Sultanate;;;;;;;;;;;;;x

baron_zaghawa;Wâli;;;;;;;;;;;;;x
baron_female_zaghawa;Wâli;;;;;;;;;;;;;x
count_zaghawa;Sheikh;;;;;;;;;;;;;x
count_female_zaghawa;Sheikh;;;;;;;;;;;;;x
duke_zaghawa;Emir;;;;;;;;;;;;;x
duke_female_zaghawa;Emira;;;;;;;;;;;;;x
king_zaghawa;Malik;;;;;;;;;;;;;x
king_female_zaghawa;Malika;;;;;;;;;;;;;x
emperor_zaghawa;Great Sultan;;;;;;;;;;;;;x
emperor_female_zaghawa;Great Sultana;;;;;;;;;;;;;x
barony_of_zaghawa;Wilayah of;;;;;;;;;;;;;x
county_of_zaghawa;Sheikhdom of;;;;;;;;;;;;;x
duchy_of_zaghawa;Emirate of;;;;;;;;;;;;;x
kingdom_of_zaghawa;Mamlakah of;;;;;;;;;;;;;x
empire_of_zaghawa;Sultanate of;;;;;;;;;;;;;x
barony_zaghawa;Wilayah;;;;;;;;;;;;;x
county_zaghawa;Sheikhdom;;;;;;;;;;;;;x
duchy_zaghawa;Emirate;;;;;;;;;;;;;x
kingdom_zaghawa;Mamlakah;;;;;;;;;;;;;x
empire_zaghawa;Sultanate;;;;;;;;;;;;;x

###Sudanics

king_saran;Sultan;;;;;;;;;;;;;x
king_female_saran;Sultane;;;;;;;;;;;;;x
kingdom_of_saran;Sultanat de;;;;;;;;;;;;;x
duke_saran;Gouverneur;;;;;;;;;;;;;x
duke_female_saran;Gouverneure;;;;;;;;;;;;;x
duchy_of_saran;Province de;;;;;;;;;;;;;x
count_saran;Seigneur;;;;;;;;;;;;;x
count_female_saran;Dame;;;;;;;;;;;;;x
county_of_saran;Région de;;;;;;;;;;;;;x
emperor_saran;Empereur;;;;;;;;;;;;;x
emperor_female_saran;Impératrice;;;;;;;;;;;;;x
empire_of_saran;Empire de;;;;;;;;;;;;;x
baron_saran;Chevalier;;;;;;;;;;;;;x
baron_female_saran;Chevalière;;;;;;;;;;;;;x
barony_of_saran;Château de;;;;;;;;;;;;;x

baron_daju;Wâli;;;;;;;;;;;;;x
baron_female_daju;Wâli;;;;;;;;;;;;;x
count_daju;Sheikh;;;;;;;;;;;;;x
count_female_daju;Sheikh;;;;;;;;;;;;;x
duke_daju;Emir;;;;;;;;;;;;;x
duke_female_daju;Emira;;;;;;;;;;;;;x
king_daju;Malik;;;;;;;;;;;;;x
king_female_daju;Malika;;;;;;;;;;;;;x
emperor_daju;Great Sultan;;;;;;;;;;;;;x
emperor_female_daju;Great Sultana;;;;;;;;;;;;;x
barony_of_daju;Wilayah of;;;;;;;;;;;;;x
county_of_daju;Sheikhdom of;;;;;;;;;;;;;x
duchy_of_daju;Emirate of;;;;;;;;;;;;;x
kingdom_of_daju;Mamlakah of;;;;;;;;;;;;;x
empire_of_daju;Sultanate of;;;;;;;;;;;;;x
barony_daju;Wilayah;;;;;;;;;;;;;x
county_daju;Sheikhdom;;;;;;;;;;;;;x
duchy_daju;Emirate;;;;;;;;;;;;;x
kingdom_daju;Mamlakah;;;;;;;;;;;;;x
empire_daju;Sultanate;;;;;;;;;;;;;x

baron_konjara;Wâli;;;;;;;;;;;;;x
baron_female_konjara;Wâli;;;;;;;;;;;;;x
count_konjara;Sheikh;;;;;;;;;;;;;x
count_female_konjara;Sheikh;;;;;;;;;;;;;x
duke_konjara;Emir;;;;;;;;;;;;;x
duke_female_konjara;Emira;;;;;;;;;;;;;x
king_konjara;Malik;;;;;;;;;;;;;x
king_female_konjara;Malika;;;;;;;;;;;;;x
emperor_konjara;Great Sultan;;;;;;;;;;;;;x
emperor_female_konjara;Great Sultana;;;;;;;;;;;;;x
barony_of_konjara;Wilayah of;;;;;;;;;;;;;x
county_of_konjara;Sheikhdom of;;;;;;;;;;;;;x
duchy_of_konjara;Emirate of;;;;;;;;;;;;;x
kingdom_of_konjara;Mamlakah of;;;;;;;;;;;;;x
empire_of_konjara;Sultanate of;;;;;;;;;;;;;x
barony_konjara;Wilayah;;;;;;;;;;;;;x
county_konjara;Sheikhdom;;;;;;;;;;;;;x
duchy_konjara;Emirate;;;;;;;;;;;;;x
kingdom_konjara;Mamlakah;;;;;;;;;;;;;x
empire_konjara;Sultanate;;;;;;;;;;;;;x

### Nilotics

king_dinka;Malik;;;;;;;;;;;;;x
king_female_dinka;Malika;;;;;;;;;;;;;x
kingdom_of_dinka;Kingdom of;;;;;;;;;;;;;x
duke_dinka;Governor;;;;;;;;;;;;;x
duke_female_dinka;Governess;;;;;;;;;;;;;x
duchy_of_dinka;Province of;;;;;;;;;;;;;x
count_dinka;Director;;;;;;;;;;;;;x
count_female_dinka;Director;;;;;;;;;;;;;x
county_of_dinka;County of;;;;;;;;;;;;;x
emperor_dinka;Emperor;;;;;;;;;;;;;x
emperor_female_dinka;Empress;;;;;;;;;;;;;x
empire_of_dinka;Empire of;;;;;;;;;;;;;x
baron_dinka;Executive;;;;;;;;;;;;;x
baron_female_dinka;Executive;;;;;;;;;;;;;x
barony_of_dinka;Payam of;;;;;;;;;;;;;x

king_nuer;Malik;;;;;;;;;;;;;x
king_female_nuer;Malika;;;;;;;;;;;;;x
kingdom_of_nuer;Kingdom of;;;;;;;;;;;;;x
duke_nuer;Governor;;;;;;;;;;;;;x
duke_female_nuer;Governess;;;;;;;;;;;;;x
duchy_of_nuer;Province of;;;;;;;;;;;;;x
count_nuer;Director;;;;;;;;;;;;;x
count_female_nuer;Director;;;;;;;;;;;;;x
county_of_nuer;County of;;;;;;;;;;;;;x
emperor_nuer;Emperor;;;;;;;;;;;;;x
emperor_female_nuer;Empress;;;;;;;;;;;;;x
empire_of_nuer;Empire of;;;;;;;;;;;;;x
baron_nuer;Executive;;;;;;;;;;;;;x
baron_female_nuer;Executive;;;;;;;;;;;;;x
barony_of_nuer;Payam of;;;;;;;;;;;;;x

### Berbers

king_barbariyya;Agellid;;;;;;;;;;;;;x
king_female_barbariyya;Tagellidt;;;;;;;;;;;;;x
kingdom_of_barbariyya;Tagelda of;;;;;;;;;;;;;x
duke_barbariyya;Anebbad;;;;;;;;;;;;;x
duke_female_barbariyya;Anebbad;;;;;;;;;;;;;x
duchy_of_barbariyya;Tinebdit of;;;;;;;;;;;;;x
count_barbariyya;Akerwa;;;;;;;;;;;;;x
count_female_barbariyya;Akerwa;;;;;;;;;;;;;x
county_of_barbariyya;Tamnadt of;;;;;;;;;;;;;x
emperor_barbariyya;Amenokal;;;;;;;;;;;;;x
emperor_female_barbariyya;Amenokal;;;;;;;;;;;;;x
empire_of_barbariyya;Amenkud of;;;;;;;;;;;;;x

king_tuareg;Agellid;;;;;;;;;;;;;x
king_female_tuareg;Tagellidt;;;;;;;;;;;;;x
kingdom_of_tuareg;Tagelda of;;;;;;;;;;;;;x
duke_tuareg;Anebbad;;;;;;;;;;;;;x
duke_female_tuareg;Anebbad;;;;;;;;;;;;;x
duchy_of_tuareg;Tinebdit of;;;;;;;;;;;;;x
count_tuareg;Akerwa;;;;;;;;;;;;;x
count_female_tuareg;Akerwa;;;;;;;;;;;;;x
county_of_tuareg;Tamnadt of;;;;;;;;;;;;;x
emperor_tuareg;Amenokal;;;;;;;;;;;;;x
emperor_female_tuareg;Amenokal;;;;;;;;;;;;;x
empire_of_tuareg;Amenkud of;;;;;;;;;;;;;x

king_tamaziyt;Agellid;;;;;;;;;;;;;x
king_female_tamaziyt;Tagellidt;;;;;;;;;;;;;x
kingdom_of_tamaziyt;Tagelda of;;;;;;;;;;;;;x
duke_tamaziyt;Anebbad;;;;;;;;;;;;;x
duke_female_tamaziyt;Anebbad;;;;;;;;;;;;;x
duchy_of_tamaziyt;Tinebdit of;;;;;;;;;;;;;x
count_tamaziyt;Akerwa;;;;;;;;;;;;;x
count_female_tamaziyt;Akerwa;;;;;;;;;;;;;x
county_of_tamaziyt;Tamnadt of;;;;;;;;;;;;;x
emperor_tamaziyt;Amenokal;;;;;;;;;;;;;x
emperor_female_tamaziyt;Amenokal;;;;;;;;;;;;;x
empire_of_tamaziyt;Amenkud of;;;;;;;;;;;;;x
####
king_twillult;Agellid;;;;;;;;;;;;;x
king_female_twillult;Tagellidt;;;;;;;;;;;;;x
kingdom_of_twillult;Tagelda of;;;;;;;;;;;;;x
duke_twillult;Anebbad;;;;;;;;;;;;;x
duke_female_twillult;Anebbad;;;;;;;;;;;;;x
duchy_of_twillult;Tinebdit of;;;;;;;;;;;;;x
count_twillult;Akerwa;;;;;;;;;;;;;x
count_female_twillult;Akerwa;;;;;;;;;;;;;x
county_of_twillult;Tamnadt of;;;;;;;;;;;;;x
emperor_twillult;Amenokal;;;;;;;;;;;;;x
emperor_female_twillult;Amenokal;;;;;;;;;;;;;x
empire_of_twillult;Amenkud of;;;;;;;;;;;;;x
####
king_tumzabt;Agellid;;;;;;;;;;;;;x
king_female_tumzabt;Tagellidt;;;;;;;;;;;;;x
kingdom_of_tumzabt;Tagelda of;;;;;;;;;;;;;x
duke_tumzabt;Anebbad;;;;;;;;;;;;;x
duke_female_tumzabt;Anebbad;;;;;;;;;;;;;x
duchy_of_tumzabt;Tinebdit of;;;;;;;;;;;;;x
count_tumzabt;Akerwa;;;;;;;;;;;;;x
count_female_tumzabt;Akerwa;;;;;;;;;;;;;x
county_of_tumzabt;Tamnadt of;;;;;;;;;;;;;x
emperor_tumzabt;Amenokal;;;;;;;;;;;;;x
emperor_female_tumzabt;Amenokal;;;;;;;;;;;;;x
empire_of_tumzabt;Amenkud of;;;;;;;;;;;;;x
####
king_haqbaylit;Agellid;;;;;;;;;;;;;x
king_female_haqbaylit;Tagellidt;;;;;;;;;;;;;x
kingdom_of_haqbaylit;Tagelda of;;;;;;;;;;;;;x
duke_haqbaylit;Anebbad;;;;;;;;;;;;;x
duke_female_haqbaylit;Anebbad;;;;;;;;;;;;;x
duchy_of_haqbaylit;Tinebdit of;;;;;;;;;;;;;x
count_haqbaylit;Akerwa;;;;;;;;;;;;;x
count_female_haqbaylit;Akerwa;;;;;;;;;;;;;x
county_of_haqbaylit;Tamnadt of;;;;;;;;;;;;;x
emperor_haqbaylit;Amenokal;;;;;;;;;;;;;x
emperor_female_haqbaylit;Amenokal;;;;;;;;;;;;;x
empire_of_haqbaylit;Amenkud of;;;;;;;;;;;;;x
####
king_tmazight;Agellid;;;;;;;;;;;;;x
king_female_tmazight;Tagellidt;;;;;;;;;;;;;x
kingdom_of_tmazight;Tagelda of;;;;;;;;;;;;;x
duke_tmazight;Anebbad;;;;;;;;;;;;;x
duke_female_tmazight;Anebbad;;;;;;;;;;;;;x
duchy_of_tmazight;Tinebdit of;;;;;;;;;;;;;x
count_tmazight;Akerwa;;;;;;;;;;;;;x
count_female_tmazight;Akerwa;;;;;;;;;;;;;x
county_of_tmazight;Tamnadt of;;;;;;;;;;;;;x
emperor_tmazight;Amenokal;;;;;;;;;;;;;x
emperor_female_tmazight;Amenokal;;;;;;;;;;;;;x
empire_of_tmazight;Amenkud of;;;;;;;;;;;;;x
####
king_tacawit;Agellid;;;;;;;;;;;;;x
king_female_tacawit;Tagellidt;;;;;;;;;;;;;x
kingdom_of_tacawit;Tagelda of;;;;;;;;;;;;;x
duke_tacawit;Anebbad;;;;;;;;;;;;;x
duke_female_tacawit;Anebbad;;;;;;;;;;;;;x
duchy_of_tacawit;Tinebdit of;;;;;;;;;;;;;x
count_tacawit;Akerwa;;;;;;;;;;;;;x
count_female_tacawit;Akerwa;;;;;;;;;;;;;x
county_of_tacawit;Tamnadt of;;;;;;;;;;;;;x
emperor_tacawit;Amenokal;;;;;;;;;;;;;x
emperor_female_tacawit;Amenokal;;;;;;;;;;;;;x
empire_of_tacawit;Amenkud of;;;;;;;;;;;;;x
####
king_taqvaylit;Agellid;;;;;;;;;;;;;x
king_female_taqvaylit;Tagellidt;;;;;;;;;;;;;x
kingdom_of_taqvaylit;Tagelda of;;;;;;;;;;;;;x
duke_taqvaylit;Anebbad;;;;;;;;;;;;;x
duke_female_taqvaylit;Anebbad;;;;;;;;;;;;;x
duchy_of_taqvaylit;Tinebdit of;;;;;;;;;;;;;x
count_taqvaylit;Akerwa;;;;;;;;;;;;;x
count_female_taqvaylit;Akerwa;;;;;;;;;;;;;x
county_of_taqvaylit;Tamnadt of;;;;;;;;;;;;;x
emperor_taqvaylit;Amenokal;;;;;;;;;;;;;x
emperor_female_taqvaylit;Amenokal;;;;;;;;;;;;;x
empire_of_taqvaylit;Amenkud of;;;;;;;;;;;;;x
####
king_tunddungiyya;Agellid;;;;;;;;;;;;;x
king_female_tunddungiyya;Tagellidt;;;;;;;;;;;;;x
kingdom_of_tunddungiyya;Tagelda of;;;;;;;;;;;;;x
duke_tunddungiyya;Anebbad;;;;;;;;;;;;;x
duke_female_tunddungiyya;Anebbad;;;;;;;;;;;;;x
duchy_of_tunddungiyya;Tinebdit of;;;;;;;;;;;;;x
count_tunddungiyya;Akerwa;;;;;;;;;;;;;x
count_female_tunddungiyya;Akerwa;;;;;;;;;;;;;x
county_of_tunddungiyya;Tamnadt of;;;;;;;;;;;;;x
emperor_tunddungiyya;Amenokal;;;;;;;;;;;;;x
emperor_female_tunddungiyya;Amenokal;;;;;;;;;;;;;x
empire_of_tunddungiyya;Amenkud of;;;;;;;;;;;;;x

king_tacelhit;Agellid;;;;;;;;;;;;;x
king_female_tacelhit;Tagellidt;;;;;;;;;;;;;x
kingdom_of_tacelhit;Tagelda of;;;;;;;;;;;;;x
duke_tacelhit;Anebbad;;;;;;;;;;;;;x
duke_female_tacelhit;Anebbad;;;;;;;;;;;;;x
duchy_of_tacelhit;Tinebdit of;;;;;;;;;;;;;x
count_tacelhit;Akerwa;;;;;;;;;;;;;x
count_female_tacelhit;Akerwa;;;;;;;;;;;;;x
county_of_tacelhit;Tamnadt of;;;;;;;;;;;;;x
emperor_tacelhit;Amenokal;;;;;;;;;;;;;x
emperor_female_tacelhit;Amenokal;;;;;;;;;;;;;x
empire_of_tacelhit;Amenkud of;;;;;;;;;;;;;x

count_mandaeans;Qayooma;;;;;;;;;;;;;x
count_female_mandaeans;Qayoomta;;;;;;;;;;;;;x
duke_mandaeans;Shaleeta;;;;;;;;;;;;;x
duke_female_mandaeans;Shaleeta;;;;;;;;;;;;;x
king_mandaeans;Malkeh;;;;;;;;;;;;;x
king_female_mandaeans;Malikta;;;;;;;;;;;;;x
emperor_mandaeans;Emperator;;;;;;;;;;;;;x
emperor_female_mandaeans;Empratorta;;;;;;;;;;;;;x
county_of_mandaeans;Mdeeta of;;;;;;;;;;;;;x
duchy_of_mandaeans;Oohdana of;;;;;;;;;;;;;x
kingdom_of_mandaeans;Malkuta of;;;;;;;;;;;;;x
empire_of_mandaeans;Empratooroota of;;;;;;;;;;;;;x
;;;;;;;;;;;;;;

#Novelist loc
emperor_novelist;High King;;;;;;;;;;;;;x
emperor_female_novelist;High Queen;;;;;;;;;;;;;x
empire_of_novelist;High Kingdom of;;;;;;;;;;;;;x
emperor_novelist_reformed;High King;;;;;;;;;;;;;x
emperor_female_novelist_reformed;High Queen;;;;;;;;;;;;;x
empire_of_novelist_reformed;High Kingdom of;;;;;;;;;;;;;x
king_novelist;King;;;;;;;;;;;;;x
king_female_novelist;Queen;;;;;;;;;;;;;x
kingdom_of_novelist;Kingdom of;;;;;;;;;;;;;x
king_novelist_reformed;King;;;;;;;;;;;;;x
king_female_novelist_reformed;Queen;;;;;;;;;;;;;x
kingdom_of_novelist_reformed;Kingdom of;;;;;;;;;;;;;x
duke_novelist;Duke;;;;;;;;;;;;;x
duke_female_novelist;Duchess;;;;;;;;;;;;;x
duchy_of_novelist;Duchy of;;;;;;;;;;;;;x
duke_novelist_reformed;Duke;;;;;;;;;;;;;x
duke_female_novelist_reformed;Duchess;;;;;;;;;;;;;x
duchy_of_novelist_reformed;Duchy of;;;;;;;;;;;;;x
count_novelist;Count;;;;;;;;;;;;;x
count_female_novelist;Countess;;;;;;;;;;;;;x
county_of_novelist;County of;;;;;;;;;;;;;x
count_novelist_reformed;Count;;;;;;;;;;;;;x
count_female_novelist_reformed;Countess;;;;;;;;;;;;;x
county_of_novelist_reformed;County of;;;;;;;;;;;;;x
baron_novelist;Baron;;;;;;;;;;;;;x
baron_female_novelist;Baroness;;;;;;;;;;;;;x
barony_of_novelist;Barony of;;;;;;;;;;;;;x
baron_novelist_reformed;Baron;;;;;;;;;;;;;x
baron_female_novelist_reformed;Baroness;;;;;;;;;;;;;x
barony_of_novelist_reformed;Barony of;;;;;;;;;;;;;x
;;;;;;;;;;;;;;

#Iranians

count_persian;Bakhshdar;Bakhshdar;Bakhshdar;;Bakhshdar;;;;;;;;;x
count_female_persian;Bakhshdar;Bakhshdar;Bakhshdar;;Bakhshdar;;;;;;;;;x
county_of_persian;Bakhsh of;Bakhsh de;Bakhsh von;;Bakhsh de;;;;;;;;;x
duke_persian;Farmandar;Farmandar;Farmandar;;Farmandar;;;;;;;;;x
duke_female_persian;Farmandar;Farmandar;Farmandar;;Farmandar;;;;;;;;;x
duchy_of_persian;Ostan of;Ostan de;Ostan von;;Ostan de;;;;;;;;;x
county_persian;Bakhsh;Bakhsh;Bakhsh;;Bakhsh;;;;;;;;;x
duchy_persian;Ostan;Ostan;Ostan;;Ostan;;;;;;;;;x
kingdom_persian;Shahdom;Royaume;Shahtum;;Shahdom;;;;;;;;;x
kingdom_of_persian;Shahdom of;Royaume de;Schahtum von;;Shahdom de;;;;;;;;;x
king_persian;Shah;Shah;Shah;;Shah;;;;;;;;;x
king_female_persian;Shahbanu;Shahbanu;Shahbanu;;Shahbanu;;;;;;;;;x
empire_of_persian;Shahanshahiye of;Shahanshahiye;Shahanshahiye;Shahanshahiye;;;;;;;x;;;
emperor_persian;Shahanshah;Shahanshah;Shahanshah;;Shahanshah;;;;;;;;;x
emperor_female_persian;Shahbanu;Shahbanu;Shahbanu;;Shahbanu;;;;;;;;;x

count_karulaynasi;Bakhshdar;Bakhshdar;Bakhshdar;;Bakhshdar;;;;;;;;;x
count_female_karulaynasi;Bakhshdar;Bakhshdar;Bakhshdar;;Bakhshdar;;;;;;;;;x
county_of_karulaynasi;Bakhsh of;Bakhsh de;Bakhsh von;;Bakhsh de;;;;;;;;;x
duke_karulaynasi;Farmandar;Farmandar;Farmandar;;Farmandar;;;;;;;;;x
duke_female_karulaynasi;Farmandar;Farmandar;Farmandar;;Farmandar;;;;;;;;;x
duchy_of_karulaynasi;Ostan of;Ostan de;Ostan von;;Ostan de;;;;;;;;;x
county_karulaynasi;Bakhsh;Bakhsh;Bakhsh;;Bakhsh;;;;;;;;;x
duchy_karulaynasi;Ostan;Ostan;Ostan;;Ostan;;;;;;;;;x
kingdom_karulaynasi;Shahdom;Royaume;Shahtum;;Shahdom;;;;;;;;;x
kingdom_of_karulaynasi;Shahdom of;Royaume de;Schahtum von;;Shahdom de;;;;;;;;;x
king_karulaynasi;Shah;Shah;Shah;;Shah;;;;;;;;;x
king_female_karulaynasi;Shahbanu;Shahbanu;Shahbanu;;Shahbanu;;;;;;;;;x
empire_of_karulaynasi;Shahanshahiye of;Shahanshahiye;Shahanshahiye;Shahanshahiye;;;;;;;x;;;
emperor_karulaynasi;Shahanshah;Shahanshah;Shahanshah;;Shahanshah;;;;;;;;;x
emperor_female_karulaynasi;Shahbanu;Shahbanu;Shahbanu;;Shahbanu;;;;;;;;;x

count_farsi;Bakhshdar;Bakhshdar;Bakhshdar;;Bakhshdar;;;;;;;;;x
count_female_farsi;Bakhshdar;Bakhshdar;Bakhshdar;;Bakhshdar;;;;;;;;;x
county_of_farsi;Bakhsh of;Bakhsh de;Bakhsh von;;Bakhsh de;;;;;;;;;x
duke_farsi;Farmandar;Farmandar;Farmandar;;Farmandar;;;;;;;;;x
duke_female_farsi;Farmandar;Farmandar;Farmandar;;Farmandar;;;;;;;;;x
duchy_of_farsi;Ostan of;Ostan de;Ostan von;;Ostan de;;;;;;;;;x
county_farsi;Bakhsh;Bakhsh;Bakhsh;;Bakhsh;;;;;;;;;x
duchy_farsi;Ostan;Ostan;Ostan;;Ostan;;;;;;;;;x
kingdom_farsi;Shahdom;Royaume;Shahtum;;Shahdom;;;;;;;;;x
kingdom_of_farsi;Shahdom of;Royaume de;Schahtum von;;Shahdom de;;;;;;;;;x
king_farsi;Shah;Shah;Shah;;Shah;;;;;;;;;x
king_female_farsi;Shahbanu;Shahbanu;Shahbanu;;Shahbanu;;;;;;;;;x
empire_of_farsi;Shahanshahiye of;Shahanshahiye;Shahanshahiye;Shahanshahiye;;;;;;;x;;;
emperor_farsi;Shahanshah;Shahanshah;Shahanshah;;Shahanshah;;;;;;;;;x
emperor_female_farsi;Shahbanu;Shahbanu;Shahbanu;;Shahbanu;;;;;;;;;x

count_moghol;Bakhshdar;Bakhshdar;Bakhshdar;;Bakhshdar;;;;;;;;;x
count_female_moghol;Bakhshdar;Bakhshdar;Bakhshdar;;Bakhshdar;;;;;;;;;x
county_of_moghol;Bakhsh of;Bakhsh de;Bakhsh von;;Bakhsh de;;;;;;;;;x
duke_moghol;Farmandar;Farmandar;Farmandar;;Farmandar;;;;;;;;;x
duke_female_moghol;Farmandar;Farmandar;Farmandar;;Farmandar;;;;;;;;;x
duchy_of_moghol;Ostan of;Ostan de;Ostan von;;Ostan de;;;;;;;;;x
county_moghol;Bakhsh;Bakhsh;Bakhsh;;Bakhsh;;;;;;;;;x
duchy_moghol;Ostan;Ostan;Ostan;;Ostan;;;;;;;;;x
kingdom_moghol;Shahdom;Royaume;Shahtum;;Shahdom;;;;;;;;;x
kingdom_of_moghol;Shahdom of;Royaume de;Schahtum von;;Shahdom de;;;;;;;;;x
king_moghol;Shah;Shah;Shah;;Shah;;;;;;;;;x
king_female_moghol;Shahbanu;Shahbanu;Shahbanu;;Shahbanu;;;;;;;;;x
empire_of_moghol;Shahanshahiye of;Shahanshahiye;Shahanshahiye;Shahanshahiye;;;;;;;x;;;
emperor_moghol;Shahanshah;Shahanshah;Shahanshah;;Shahanshah;;;;;;;;;x
emperor_female_moghol;Shahbanu;Shahbanu;Shahbanu;;Shahbanu;;;;;;;;;x

count_kurdish;Mirze;Mirze;Mirze;;Mirze;;;;;;;;;x
count_female_kurdish;Sitê;Sitê;Sitê;;Sitê;;;;;;;;;x
county_of_kurdish;Eyalet of;Eyalet de;Eyalet von;;Eyalet de;;;;;;;;;x
duke_kurdish;Walî;Walî;Walî;;Walî;;;;;;;;;x
duke_female_kurdish;Walî;Walî;Walî;;Walî;;;;;;;;;x
duchy_of_kurdish;Wîlayet of;Wîlayet de;Wîlayet von;;Wîlayet de;;;;;;;;;x
county_kurdish;Eyalet;Eyalet;Eyalet;;Eyalet;;;;;;;;;x
duchy_kurdish;Wîlayet;Wîlayet;Wîlayet;;Wîlayet;;;;;;;;;x
kingdom_kurdish;Keyaniya;Keyaniya;Keyaniya;;Keyaniya;;;;;;;;;x
kingdom_of_kurdish;Keyaniya of;Keyaniya de;Keyaniya von;;Keyaniya de;;;;;;;;;x
king_kurdish;Shah;Shah;Shahtum;;Shahdom;;;;;;;;;x
king_female_kurdish;Shahbanu;Royaume;Shahtum;;Shahdom;;;;;;;;;x
empire_of_kurdish;Shahanshahiye of;Shahanshahiye;Shahanshahiye;Shahanshahiye;;;;;;;x;;;
emperor_kurdish;Shahanshah;Royaume;Shahtum;;Shahdom;;;;;;;;;x
emperor_female_kurdish;Shahbanu;Royaume;Shahtum;;Shahdom;;;;;;;;;x

count_ezidi;Mirze;Mirze;Mirze;;Mirze;;;;;;;;;x
count_female_ezidi;Sitê;Sitê;Sitê;;Sitê;;;;;;;;;x
county_of_ezidi;Eyalet of;Eyalet de;Eyalet von;;Eyalet de;;;;;;;;;x
duke_ezidi;Walî;Walî;Walî;;Walî;;;;;;;;;x
duke_female_ezidi;Walî;Walî;Walî;;Walî;;;;;;;;;x
duchy_of_ezidi;Wîlayet of;Wîlayet de;Wîlayet von;;Wîlayet de;;;;;;;;;x
county_ezidi;Eyalet;Eyalet;Eyalet;;Eyalet;;;;;;;;;x
duchy_ezidi;Wîlayet;Wîlayet;Wîlayet;;Wîlayet;;;;;;;;;x
kingdom_ezidi;Keyaniya;Keyaniya;Keyaniya;;Keyaniya;;;;;;;;;x
kingdom_of_ezidi;Keyaniya of;Keyaniya de;Keyaniya von;;Keyaniya de;;;;;;;;;x
king_ezidi;Shah;Shah;Shahtum;;Shahdom;;;;;;;;;x
king_female_ezidi;Shahbanu;Royaume;Shahtum;;Shahdom;;;;;;;;;x
empire_of_ezidi;Shahanshahiye of;Shahanshahiye;Shahanshahiye;Shahanshahiye;;;;;;;x;;;
emperor_ezidi;Shahanshah;Royaume;Shahtum;;Shahdom;;;;;;;;;x
emperor_female_ezidi;Shahbanu;Royaume;Shahtum;;Shahdom;;;;;;;;;x

count_sorani;Mirze;Mirze;Mirze;;Mirze;;;;;;;;;x
count_female_sorani;Sitê;Sitê;Sitê;;Sitê;;;;;;;;;x
county_of_sorani;Eyalet of;Eyalet de;Eyalet von;;Eyalet de;;;;;;;;;x
duke_sorani;Walî;Walî;Walî;;Walî;;;;;;;;;x
duke_female_sorani;Walî;Walî;Walî;;Walî;;;;;;;;;x
duchy_of_sorani;Wîlayet of;Wîlayet de;Wîlayet von;;Wîlayet de;;;;;;;;;x
county_sorani;Eyalet;Eyalet;Eyalet;;Eyalet;;;;;;;;;x
duchy_sorani;Wîlayet;Wîlayet;Wîlayet;;Wîlayet;;;;;;;;;x
kingdom_sorani;Keyaniya;Keyaniya;Keyaniya;;Keyaniya;;;;;;;;;x
kingdom_of_sorani;Keyaniya of;Keyaniya de;Keyaniya von;;Keyaniya de;;;;;;;;;x
king_sorani;Shah;Shah;Shahtum;;Shahdom;;;;;;;;;x
king_female_sorani;Shahbanu;Royaume;Shahtum;;Shahdom;;;;;;;;;x
empire_of_sorani;Shahanshahiye of;Shahanshahiye;Shahanshahiye;Shahanshahiye;;;;;;;x;;;
emperor_sorani;Shahanshah;Royaume;Shahtum;;Shahdom;;;;;;;;;x
emperor_female_sorani;Shahbanu;Royaume;Shahtum;;Shahdom;;;;;;;;;x

count_xwarin;Mirze;Mirze;Mirze;;Mirze;;;;;;;;;x
count_female_xwarin;Sitê;Sitê;Sitê;;Sitê;;;;;;;;;x
county_of_xwarin;Eyalet of;Eyalet de;Eyalet von;;Eyalet de;;;;;;;;;x
duke_xwarin;Walî;Walî;Walî;;Walî;;;;;;;;;x
duke_female_xwarin;Walî;Walî;Walî;;Walî;;;;;;;;;x
duchy_of_xwarin;Wîlayet of;Wîlayet de;Wîlayet von;;Wîlayet de;;;;;;;;;x
county_xwarin;Eyalet;Eyalet;Eyalet;;Eyalet;;;;;;;;;x
duchy_xwarin;Wîlayet;Wîlayet;Wîlayet;;Wîlayet;;;;;;;;;x
kingdom_xwarin;Keyaniya;Keyaniya;Keyaniya;;Keyaniya;;;;;;;;;x
kingdom_of_xwarin;Keyaniya of;Keyaniya de;Keyaniya von;;Keyaniya de;;;;;;;;;x
king_xwarin;Shah;Shah;Shahtum;;Shahdom;;;;;;;;;x
king_female_xwarin;Shahbanu;Royaume;Shahtum;;Shahdom;;;;;;;;;x
empire_of_xwarin;Shahanshahiye of;Shahanshahiye;Shahanshahiye;Shahanshahiye;;;;;;;x;;;
emperor_xwarin;Shahanshah;Royaume;Shahtum;;Shahdom;;;;;;;;;x
emperor_female_xwarin;Shahbanu;Royaume;Shahtum;;Shahdom;;;;;;;;;x

count_zaza;Mirze;Mirze;Mirze;;Mirze;;;;;;;;;x
count_female_zaza;Sitê;Sitê;Sitê;;Sitê;;;;;;;;;x
county_of_zaza;Eyalet of;Eyalet de;Eyalet von;;Eyalet de;;;;;;;;;x
duke_zaza;Walî;Walî;Walî;;Walî;;;;;;;;;x
duke_female_zaza;Walî;Walî;Walî;;Walî;;;;;;;;;x
duchy_of_zaza;Wîlayet of;Wîlayet de;Wîlayet von;;Wîlayet de;;;;;;;;;x
county_zaza;Eyalet;Eyalet;Eyalet;;Eyalet;;;;;;;;;x
duchy_zaza;Wîlayet;Wîlayet;Wîlayet;;Wîlayet;;;;;;;;;x
kingdom_zaza;Keyaniya;Keyaniya;Keyaniya;;Keyaniya;;;;;;;;;x
kingdom_of_zaza;Keyaniya of;Keyaniya de;Keyaniya von;;Keyaniya de;;;;;;;;;x
king_zaza;Shah;Shah;Shahtum;;Shahdom;;;;;;;;;x
king_female_zaza;Shahbanu;Royaume;Shahtum;;Shahdom;;;;;;;;;x
empire_of_zaza;Shahanshahiye of;Shahanshahiye;Shahanshahiye;Shahanshahiye;;;;;;;x;;;
emperor_zaza;Shahanshah;Royaume;Shahtum;;Shahdom;;;;;;;;;x
emperor_female_zaza;Shahbanu;Royaume;Shahtum;;Shahdom;;;;;;;;;x

count_lurish;Bakhshdar;Bakhshdar;Bakhshdar;;Bakhshdar;;;;;;;;;x
count_female_lurish;Bakhshdar;Bakhshdar;Bakhshdar;;Bakhshdar;;;;;;;;;x
county_of_lurish;Bakhsh of;Bakhsh de;Bakhsh von;;Bakhsh de;;;;;;;;;x
duke_lurish;Farmandar;Farmandar;Farmandar;;Farmandar;;;;;;;;;x
duke_female_lurish;Farmandar;Farmandar;Farmandar;;Farmandar;;;;;;;;;x
duchy_of_lurish;Ostan of;Ostan de;Ostan von;;Ostan de;;;;;;;;;x
county_lurish;Bakhsh;Bakhsh;Bakhsh;;Bakhsh;;;;;;;;;x
duchy_lurish;Ostan;Ostan;Ostan;;Ostan;;;;;;;;;x
kingdom_lurish;Shahdom;Royaume;Shahtum;;Shahdom;;;;;;;;;x
kingdom_of_lurish;Shahdom of;Royaume de;Schahtum von;;Shahdom de;;;;;;;;;x
king_lurish;Shah;Royaume;Shahtum;;Shahdom;;;;;;;;;x
king_female_lurish;Shahbanu;Royaume;Shahtum;;Shahdom;;;;;;;;;x
empire_of_lurish;Shahanshahiye of;Shahanshahiye;Shahanshahiye;Shahanshahiye;;;;;;;x;;;
emperor_lurish;Shahanshah;Royaume;Shahtum;;Shahdom;;;;;;;;;x
emperor_female_lurish;Shahbanu;Royaume;Shahtum;;Shahdom;;;;;;;;;x

count_mazanish;Bakhshdar;Bakhshdar;Bakhshdar;;Bakhshdar;;;;;;;;;x
count_female_mazanish;Bakhshdar;Bakhshdar;Bakhshdar;;Bakhshdar;;;;;;;;;x
county_of_mazanish;Bakhsh of;Bakhsh de;Bakhsh von;;Bakhsh de;;;;;;;;;x
duke_mazanish;Farmandar;Farmandar;Farmandar;;Farmandar;;;;;;;;;x
duke_female_mazanish;Farmandar;Farmandar;Farmandar;;Farmandar;;;;;;;;;x
duchy_of_mazanish;Ostan of;Ostan de;Ostan von;;Ostan de;;;;;;;;;x
county_mazanish;Bakhsh;Bakhsh;Bakhsh;;Bakhsh;;;;;;;;;x
duchy_mazanish;Ostan;Ostan;Ostan;;Ostan;;;;;;;;;x
kingdom_mazanish;Shahdom;Royaume;Shahtum;;Shahdom;;;;;;;;;x
kingdom_of_mazanish;Shahdom of;Royaume de;Schahtum von;;Shahdom de;;;;;;;;;x
king_mazanish;Shah;Royaume;Shahtum;;Shahdom;;;;;;;;;x
king_female_mazanish;Shahbanu;Royaume;Shahtum;;Shahdom;;;;;;;;;x
empire_of_mazanish;Shahanshahiye of;Shahanshahiye;Shahanshahiye;Shahanshahiye;;;;;;;x;;;
emperor_mazanish;Shahanshah;Royaume;Shahtum;;Shahdom;;;;;;;;;x
emperor_female_mazanish;Shahbanu;Royaume;Shahtum;;Shahdom;;;;;;;;;x

count_hazar;Bakhshdar;Bakhshdar;Bakhshdar;;Bakhshdar;;;;;;;;;x
count_female_hazar;Bakhshdar;Bakhshdar;Bakhshdar;;Bakhshdar;;;;;;;;;x
county_of_hazar;Bakhsh of;Bakhsh de;Bakhsh von;;Bakhsh de;;;;;;;;;x
duke_hazar;Farmandar;Farmandar;Farmandar;;Farmandar;;;;;;;;;x
duke_female_hazar;Farmandar;Farmandar;Farmandar;;Farmandar;;;;;;;;;x
duchy_of_hazar;Ostan of;Ostan de;Ostan von;;Ostan de;;;;;;;;;x
county_hazar;Bakhsh;Bakhsh;Bakhsh;;Bakhsh;;;;;;;;;x
duchy_hazar;Ostan;Ostan;Ostan;;Ostan;;;;;;;;;x
kingdom_hazar;Shahdom;Royaume;Shahtum;;Shahdom;;;;;;;;;x
kingdom_of_hazar;Shahdom of;Royaume de;Schahtum von;;Shahdom de;;;;;;;;;x
king_hazar;Shah;Royaume;Shahtum;;Shahdom;;;;;;;;;x
king_female_hazar;Shahbanu;Royaume;Shahtum;;Shahdom;;;;;;;;;x
empire_of_hazar;Shahanshahiye of;Shahanshahiye;Shahanshahiye;Shahanshahiye;;;;;;;x;;;
emperor_hazar;Shahanshah;Royaume;Shahtum;;Shahdom;;;;;;;;;x
emperor_female_hazar;Shahbanu;Royaume;Shahtum;;Shahdom;;;;;;;;;x

count_tajik;Graf;Graf;Graf;;Graf;;;;;;;;;x
count_female_tajik;Grafina;Grafina;Grafina;;Grafina;;;;;;;;;x
county_of_tajik;Sahristoni of;Sahristoni de;Sahristoni von;;Sahristoni de;;;;;;;;;x
duke_tajik;Amir;Amir;Amir;;Amir;;;;;;;;;x
duke_female_tajik;Amira;Amira;Amira;;Amira;;;;;;;;;x
duchy_of_tajik;Amorat of;Amorat de;Amorat von;;Amorat de;;;;;;;;;x
county_tajik;Sahristoni;Sahristoni;Sahristoni;;Sahristoni;;;;;;;;;x
duchy_tajik;Amorat;Amorat;Amorat;;Amorat;;;;;;;;;x
kingdom_of_tajik;Kingdom of;Royaume de;Konigrreich von;;Reino de;;;;;;;;;x
king_tajik;Shah;Shah;Shah;;Shah;;;;;;;;;x
king_female_tajik;Shahbanu;Shahbanu;Shahbanu;;Shahbanu;;;;;;;;;x
empire_of_tajik;Empire of;Empire of;Empire of;Empire of;;;;;;;x;;;
emperor_tajik;Shahanshah;Shahanshah;Shahanshah;;Shahanshah;;;;;;;;;x
emperor_female_tajik;Shahbanu;Imperatrica;Imperatrica;;Imperatrica;;;;;;;;;x,,,,,,,,,,,,,,,,,,,,,,,,,,,,,,,,,,,,,,,,,,

sarikoli;Sarikoli;;;;;;x
count_sarikoli;Graf;Graf;Graf;;Graf;;;;;;;;;x,,,,,,,,,,,,,,,,,,,,,,,,,,,,,,,,,,,,,,,,,,
count_female_sarikoli;Grafina;Grafina;Grafina;;Grafina;;;;;;;;;x,,,,,,,,,,,,,,,,,,,,,,,,,,,,,,,,,,,,,,,,,,
county_of_sarikoli;Sahristoni of;Sahristoni de;Sahristoni von;;Sahristoni de;;;;;;;;;x,,,,,,,,,,,,,,,,,,,,,,,,,,,,,,,,,,,,,,,,,,
duke_sarikoli;Amir;Amir;Amir;;Amir;;;;;;;;;x,,,,,,,,,,,,,,,,,,,,,,,,,,,,,,,,,,,,,,,,,,
duke_female_sarikoli;Amira;Amira;Amira;;Amira;;;;;;;;;x,,,,,,,,,,,,,,,,,,,,,,,,,,,,,,,,,,,,,,,,,,
duchy_of_sarikoli;Amorat of;Amorat de;Amorat von;;Amorat de;;;;;;;;;x,,,,,,,,,,,,,,,,,,,,,,,,,,,,,,,,,,,,,,,,,,
county_sarikoli;Sahristoni;Sahristoni;Sahristoni;;Sahristoni;;;;;;;;;x,,,,,,,,,,,,,,,,,,,,,,,,,,,,,,,,,,,,,,,,,,
duchy_sarikoli;Amorat;Amorat;Amorat;;Amorat;;;;;;;;;x,,,,,,,,,,,,,,,,,,,,,,,,,,,,,,,,,,,,,,,,,,
kingdom_of_sarikoli;Kingdom of;Royaume de;Konigrreich von;;Reino de;;;;;;;;;x
king_sarikoli;Shah;Shah;Shah;;Shah;;;;;;;;;x,,,,,,,,,,,,,,,,,,,,,,,,,,,,,,,,,,,,,,,,,,
king_female_sarikoli;Shahbanu;Shahbanu;Shahbanu;;Shahbanu;;;;;;;;;x,,,,,,,,,,,,,,,,,,,,,,,,,,,,,,,,,,,,,,,,,,
empire_of_sarikoli;Empire of;Empire of;Empire of;Empire of;;;;;;;x,,,,,,,,,,,,,,,,,,,,,,,,,,,,,,,,,,,,,,,,,,;;;
emperor_sarikoli;Shahanshah;Shahanshah;Shahanshah;;Shahanshah;;;;;;;;;x,,,,,,,,,,,,,,,,,,,,,,,,,,,,,,,,,,,,,,,,,,
emperor_female_sarikoli;Shahbanu;Imperatrica;Imperatrica;;Imperatrica;;;;;;;;;x,,,,,,,,,,,,,,,,,,,,,,,,,,,,,,,,,,,,,,,,,,

count_afghan;Mirza;Mirza;Mirza;;Mirza;;;;;;;;;x
count_female_afghan;Begum;Begum;Begum;;Begum;;;;;;;;;x
county_of_afghan;Wuleswalei of;Wuleswalei de;Wuleswalei von;;Wuleswalei de;;;;;;;;;x
duke_afghan;Emir;Emir;Emir;;Emir;;;;;;;;;x
duke_female_afghan;Emira;Emira;Emira;;Emira;;;;;;;;;x
duchy_of_afghan;Emirate of;Emirate de;Emirate von;;Emirate de;;;;;;;;;x
duchy_afghan;Emirate;Emirate;Emirate;;Emirate;;;;;;;;;x
county_afghan;Wuleswalei;Wuleswalei;Wuleswalei;;Wuleswalei;;;;;;;;;x
kingdom_of_afghan;Sultanate of;Sultanate de;Sultanate von;;Sultanate de;;;;;;;;;x
king_afghan;Sultan;Sultan;Sultan;;Sultan;;;;;;;;;x
king_female_afghan;Sultana;Sultana;Sultana;;Sultana;;;;;;;;;x
empire_of_afghan;Empire of;Empire of;Empire of;Empire of;;;;;;;x;;;
emperor_afghan;Padisha;Padisha;Padisha;;Padisha;;;;;;;;;x
emperor_female_afghan;Shahbanu;Shahbanu;Shahbanu;;Shahbanu;;;;;;;;;x

count_baloch;Bakhshdar;Bakhshdar;Bakhshdar;;Bakhshdar;;;;;;;;;x
count_female_baloch;Bakhshdar;Bakhshdar;Bakhshdar;;Bakhshdar;;;;;;;;;x
county_of_baloch;Bakhsh of;Bakhsh de;Bakhsh von;;Bakhsh de;;;;;;;;;x
duke_baloch;Farmandar;Farmandar;Farmandar;;Farmandar;;;;;;;;;x
duke_female_baloch;Farmandar;Farmandar;Farmandar;;Farmandar;;;;;;;;;x
duchy_of_baloch;Ostan of;Ostan de;Ostan von;;Ostan de;;;;;;;;;x
county_baloch;Bakhsh;Bakhsh;Bakhsh;;Bakhsh;;;;;;;;;x
duchy_baloch;Ostan;Ostan;Ostan;;Ostan;;;;;;;;;x
kingdom_baloch;Shahdom;Royaume;Shahtum;;Shahdom;;;;;;;;;x
kingdom_of_baloch;Shahdom of;Royaume de;Schahtum von;;Shahdom de;;;;;;;;;x
king_baloch;Shah;Royaume;Shahtum;;Shahdom;;;;;;;;;x
king_female_baloch;Shahbanu;Royaume;Shahtum;;Shahdom;;;;;;;;;x
empire_of_baloch;Shahanshahiye;Shahanshahiye;Shahanshahiye;Shahanshahiye;;;;;;;x;;;
emperor_baloch;Shahanshah;Royaume;Shahtum;;Shahdom;;;;;;;;;x
emperor_female_baloch;Shahbanu;Royaume;Shahtum;;Shahdom;;;;;;;;;x

count_khorasani;Bakhshdar;Bakhshdar;Bakhshdar;;Bakhshdar;;;;;;;;;x
count_female_khorasani;Bakhshdar;Bakhshdar;Bakhshdar;;Bakhshdar;;;;;;;;;x
county_of_khorasani;Bakhsh of;Bakhsh de;Bakhsh von;;Bakhsh de;;;;;;;;;x
duke_khorasani;Farmandar;Farmandar;Farmandar;;Farmandar;;;;;;;;;x
duke_female_khorasani;Farmandar;Farmandar;Farmandar;;Farmandar;;;;;;;;;x
duchy_of_khorasani;Ostan of;Ostan de;Ostan von;;Ostan de;;;;;;;;;x
county_khorasani;Bakhsh;Bakhsh;Bakhsh;;Bakhsh;;;;;;;;;x
duchy_khorasani;Ostan;Ostan;Ostan;;Ostan;;;;;;;;;x
kingdom_khorasani;Shahdom;Royaume;Shahtum;;Shahdom;;;;;;;;;x
kingdom_of_khorasani;Shahdom of;Royaume de;Schahtum von;;Shahdom de;;;;;;;;;x
king_khorasani;Shah;Royaume;Shahtum;;Shahdom;;;;;;;;;x
king_female_khorasani;Shahbanu;Royaume;Shahtum;;Shahdom;;;;;;;;;x
empire_of_khorasani;Shahanshahiye;Shahanshahiye;Shahanshahiye;Shahanshahiye;;;;;;;x;;;
emperor_khorasani;Shahanshah;Royaume;Shahtum;;Shahdom;;;;;;;;;x
emperor_female_khorasani;Shahbanu;Royaume;Shahtum;;Shahdom;;;;;;;;;x

count_alan;Bakhshdar;Bakhshdar;Bakhshdar;;Bakhshdar;;;;;;;;;x
count_female_alan;Bakhshdar;Bakhshdar;Bakhshdar;;Bakhshdar;;;;;;;;;x
county_of_alan;Bakhsh of;Bakhsh de;Bakhsh von;;Bakhsh de;;;;;;;;;x
duke_alan;Farmandar;Farmandar;Farmandar;;Farmandar;;;;;;;;;x
duke_female_alan;Farmandar;Farmandar;Farmandar;;Farmandar;;;;;;;;;x
duchy_of_alan;Ostan of;Ostan de;Ostan von;;Ostan de;;;;;;;;;x
county_alan;Bakhsh;Bakhsh;Bakhsh;;Bakhsh;;;;;;;;;x
duchy_alan;Ostan;Ostan;Ostan;;Ostan;;;;;;;;;x
kingdom_alan;Shahdom;Royaume;Shahtum;;Shahdom;;;;;;;;;x
kingdom_of_alan;Shahdom of;Royaume de;Schahtum von;;Shahdom de;;;;;;;;;x
king_alan;Shah;Royaume;Shahtum;;Shahdom;;;;;;;;;x
king_female_alan;Shahbanu;Royaume;Shahtum;;Shahdom;;;;;;;;;x
empire_of_alan;Shahanshahiye;Shahanshahiye;Shahanshahiye;Shahanshahiye;;;;;;;x;;;
emperor_alan;Shahanshah;Royaume;Shahtum;;Shahdom;;;;;;;;;x
emperor_female_alan;Shahbanu;Royaume;Shahtum;;Shahdom;;;;;;;;;x

###COPTS (from Nomina Vera)

baron_coptic;Neb;;;;;;;;;;;;;x
baron_female_coptic;Neb;;;;;;;;;;;;;x
count_coptic;Cois;;;;;;;;;;;;;x
count_female_coptic;Cois;;;;;;;;;;;;;x
duke_coptic;Heta;;;;;;;;;;;;;x
duke_female_coptic;Heta;;;;;;;;;;;;;x
king_coptic;Ouro;;;;;;;;;;;;;x
king_female_coptic;Ouro;;;;;;;;;;;;;x
emperor_coptic;Anouro;;;;;;;;;;;;;x
emperor_female_coptic;Anouro;;;;;;;;;;;;;x
barony_of_coptic;Abo of;;;;;;;;;;;;;x
county_of_coptic;Kah of;;;;;;;;;;;;;x
duchy_of_coptic;Tosh of;;;;;;;;;;;;;x
kingdom_of_coptic;Metouro of;;;;;;;;;;;;;x
empire_of_coptic;Anmetouro of;;;;;;;;;;;;;x
barony_coptic;Abo;;;;;;;;;;;;;x
county_coptic;Kah;;;;;;;;;;;;;x
duchy_coptic;Tosh;;;;;;;;;;;;;x
kingdom_coptic;Metouro;;;;;;;;;;;;;x
empire_coptic;Anmetouro;;;;;;;;;;;;;x
tribal_barony_of_coptic;Abo of;;;;;;;;;;;;;x
tribal_county_of_coptic;Kah of;;;;;;;;;;;;;x
tribal_duchy_of_coptic;Tosh of;;;;;;;;;;;;;x
tribal_kingdom_of_coptic;Metouro of;;;;;;;;;;;;;x
tribal_empire_of_coptic;Anmetouro of;;;;;;;;;;;;;x
tribal_barony_coptic;Abo;;;;;;;;;;;;;x
tribal_county_coptic;Kah;;;;;;;;;;;;;x
tribal_duchy_coptic;Tosh;;;;;;;;;;;;;x
tribal_kingdom_coptic;Metouro;;;;;;;;;;;;;x
tribal_empire_coptic;Anmetouro;;;;;;;;;;;;;x
city_baron_coptic;Ape;;;;;;;;;;;;;x
title_prince_coptic;Shore nOuro;;;;;;;;;;;;;x
title_prince_female_coptic;Sheri nOuro;;;;;;;;;;;;;x

baron_zabbalin;Wâli;;;;;;;;;;;;;x
baron_female_zabbalin;Wâli;;;;;;;;;;;;;x
count_zabbalin;Sheikh;;;;;;;;;;;;;x
count_female_zabbalin;Sheikh;;;;;;;;;;;;;x
duke_zabbalin;Emir;;;;;;;;;;;;;x
duke_female_zabbalin;Emira;;;;;;;;;;;;;x
king_zabbalin;Malik;;;;;;;;;;;;;x
king_female_zabbalin;Malika;;;;;;;;;;;;;x
emperor_zabbalin;Sultan;;;;;;;;;;;;;x
emperor_female_zabbalin;Sultana;;;;;;;;;;;;;x
barony_of_zabbalin;Wilayah of;;;;;;;;;;;;;x
county_of_zabbalin;Sheikhdom of;;;;;;;;;;;;;x
duchy_of_zabbalin;Emirate of;;;;;;;;;;;;;x
kingdom_of_zabbalin;Mamlakah of;;;;;;;;;;;;;x
empire_of_zabbalin;Sultanate of;;;;;;;;;;;;;x
barony_zabbalin;Wilayah;;;;;;;;;;;;;x
county_zabbalin;Sheikhdom;;;;;;;;;;;;;x
duchy_zabbalin;Emirate;;;;;;;;;;;;;x
kingdom_zabbalin;Mamlakah;;;;;;;;;;;;;x
empire_zabbalin;Sultanate;;;;;;;;;;;;;x

#Misc
temple_baron_starist_pagan;Cosmonaut;;;;;;;;;;;;;x
temple_baron_female_starist_pagan;Cosmonaut;;;;;;;;;;;;;x
temple_baron_starist_pagan_reformed;Cosmonaut;;;;;;;;;;;;;x
temple_baron_female_starist_pagan_reformed;Cosmonaut;;;;;;;;;;;;;x
temple_barony_of_starist_pagan;Observatory of;;;;;;;;;;;;;x
temple_barony_of_starist_pagan_reformed;Observatory of;;;;;;;;;;;;;x

temple_baron_bahai;Councilor;;;;;;;;;;;;;x
temple_baron_female_bahai;Councilor;;;;;;;;;;;;;x
temple_barony_of_bahai;Assembly of;;;;;;;;;;;;;x

temple_baron_yersenism;Say-yed;;;;;;;;;;;;;x
temple_baron_female_yersenism;Say-yed;;;;;;;;;;;;;x
temple_barony_of_yersenism;Shrine of;;;;;;;;;;;;;x

temple_baron_easternprotestant;Pastor;;;;;;;;;;;;;x
temple_baron_female_easternprotestant;Pastoress;;;;;;;;;;;;;x
temple_barony_of_easternprotestant;Church of;;;;;;;;;;;;;x	

temple_baron_khanist;Shaman;;;;;;;;;;;;;x
temple_baron_female_khanist;Shaman;;;;;;;;;;;;;x
temple_barony_of_khanist;Shrine of;;;;;;;;;;;;;x

temple_baron_jadidist;Elder;;;;;;;;;;;;;x
temple_baron_female_jadidist;Elder;;;;;;;;;;;;;x
;;;;;;;;;;;;;;

#Seigneur time
baron_old_norman;Seigneur;;;;;;;;;;;;;x
baron_female_old_norman;Dame;;;;;;;;;;;;;x
barony_of_old_norman;Seigneurship of;;;;;;;;;;;;;x
count_old_norman;Earl;Earl;Earl;;Earl;;;;;;;;;x
count_female_old_norman;Countess;Countess;Countess;;Countess;;;;;;;;;x
county_of_old_norman;Earldom of;Earldom of;Earldom of;;Earldom of;;;;;;;;;
duke_old_norman;Duke;Duke;Duke;;Duke;;;;;;;;;x
duke_female_old_norman;Duchess;Duchess;Duchess;;Duchess;;;;;;;;;x
duchy_of_old_norman;Duchy of;Duchy of;Duchy of;;Duchy of;;;;;;;;;x	
king_old_norman;Governor;Governor;Governor;;Governor;;;;;;;;;x
king_female_old_norman;Governess;Governess;Governess;;Governess;;;;;;;;;x
kingdom_of_old_norman;Governorate of;Governorate of;Governorate of;;Governorate of;;;;;;;;;x
emperor_old_norman;Emperor;Emperor;Emperor;;Emperor;;;;;;;;;x
emperor_female_old_norman;Empress;Empress;Empress;;Empress;;;;;;;;;x
empire_of_old_norman;Empire of;Empire of;Empire of;;Empire of;;;;;;;;;x

baron_british;Syygnyurh;;;;;;;;;;;;;x
baron_female_british;Ddamy;;;;;;;;;;;;;x
barony_of_british;Syygnyurhshyp wff;;;;;;;;;;;;;x

baron_scouse;Syygnyur;;;;;;;;;;;;;x
baron_female_scouse;Ddamy;;;;;;;;;;;;;x
barony_of_scouse;Syygnyurshyp wff;;;;;;;;;;;;;x

baron_southener;Syygnyur;;;;;;;;;;;;;x
baron_female_southener;Ddamy;;;;;;;;;;;;;x
barony_of_southener;Syygnyurshyp wff;;;;;;;;;;;;;x

baron_frencig;Seygneur;;;;;;;;;;;;;x
baron_female_frencig;Dame;;;;;;;;;;;;;x
barony_of_frencig;Seygneurye des;;;;;;;;;;;;;x

baron_oglallan;Seigneur;;;;;;;;;;;;;x
baron_female_oglallan;Ddaime;;;;;;;;;;;;;x
barony_of_oglallan;Seigneurship wf;;;;;;;;;;;;;x

baron_new_english;Seigneur;;;;;;;;;;;;;x
baron_female_new_english;Dame;;;;;;;;;;;;;x
barony_of_new_english;Seigneurship of;;;;;;;;;;;;;x

baron_westlander;Seigneur;;;;;;;;;;;;;x
baron_female_westlander;Dame;;;;;;;;;;;;;x
barony_of_westlander;Seigneurship of;;;;;;;;;;;;;x

baron_northlander;Seigneur;;;;;;;;;;;;;x
baron_female_northlander;Dame;;;;;;;;;;;;;x
barony_of_northlander;Seigneurship of;;;;;;;;;;;;;x

baron_eastlander;Seigneur;;;;;;;;;;;;;x
baron_female_eastlander;Dame;;;;;;;;;;;;;x
barony_of_eastlander;Seigneurship of;;;;;;;;;;;;;x

#Chechen loc
baron_chechen;Derzhatel;;;;;;;;;;;;;x
baron_female_chechen;Derzhatelnitza;;;;;;;;;;;;;x
count_chechen;Sheikh;;;;;;;;;;;;;x
count_female_chechen;Sheikha;;;;;;;;;;;;;x
duke_chechen;Emir;;;;;;;;;;;;;x
duke_female_chechen;Emira;;;;;;;;;;;;;x
king_chechen;Grand Emir;;;;;;;;;;;;;x
king_female_chechen;Grand Emira;;;;;;;;;;;;;x
emperor_chechen;Padshah;;;;;;;;;;;;;x
emperor_female_chechen;Empress;;;;;;;;;;;;;x
barony_of_chechen;Oblast of;;;;;;;;;;;;;x
county_of_chechen;Sheikhdom of;;;;;;;;;;;;;x
duchy_of_chechen;Emirate of;;;;;;;;;;;;;x
kingdom_of_chechen;Grand Emirate of;;;;;;;;;;;;;x
empire_of_chechen;Sultanate of;;;;;;;;;;;;;x

#Kumyk loc
baron_kumyk;Derzhatel;;;;;;;;;;;;;x
baron_female_kumyk;Derzhatelnitza;;;;;;;;;;;;;x
count_kumyk;Sheikh;;;;;;;;;;;;;x
count_female_kumyk;Sheikha;;;;;;;;;;;;;x
duke_kumyk;Emir;;;;;;;;;;;;;x
duke_female_kumyk;Emira;;;;;;;;;;;;;x
king_kumyk;Sultan;;;;;;;;;;;;;x
king_female_kumyk;Sultana;;;;;;;;;;;;;x
emperor_kumyk;Padshah;;;;;;;;;;;;;x
emperor_female_kumyk;Empress;;;;;;;;;;;;;x
barony_of_kumyk;Oblast of;;;;;;;;;;;;;x
county_of_kumyk;Sheikhdom of;;;;;;;;;;;;;x
duchy_of_kumyk;Emirate of;;;;;;;;;;;;;x
kingdom_of_kumyk;Sultanate of;;;;;;;;;;;;;x
empire_of_kumyk;Empire of;;;;;;;;;;;;;x

#Balkar loc
baron_balkar;Derzhatel;;;;;;;;;;;;;x
baron_female_balkar;Derzhatelnitza;;;;;;;;;;;;;x
count_balkar;Sheikh;;;;;;;;;;;;;x
count_female_balkar;Sheikha;;;;;;;;;;;;;x
duke_balkar;Emir;;;;;;;;;;;;;x
duke_female_balkar;Emira;;;;;;;;;;;;;x
king_balkar;Soltan;;;;;;;;;;;;;x
king_female_balkar;Soltana;;;;;;;;;;;;;x
emperor_balkar;Padshah;;;;;;;;;;;;;x
emperor_female_balkar;Empress;;;;;;;;;;;;;x
barony_of_balkar;Oblast of;;;;;;;;;;;;;x
county_of_balkar;Sheikhdom of;;;;;;;;;;;;;x
duchy_of_balkar;Emirate of;;;;;;;;;;;;;x
kingdom_of_balkar;Sultanate of;;;;;;;;;;;;;x
empire_of_balkar;Empire of;;;;;;;;;;;;;x

#Circassian loc
baron_circassian;Elder;;;;;;;;;;;;;x
baron_female_circassian;Elder;;;;;;;;;;;;;x
count_circassian;Chief;;;;;;;;;;;;;x
count_female_circassian;Chieftess;;;;;;;;;;;;;x
duke_circassian;Emir;;;;;;;;;;;;;x
duke_female_circassian;Emira;;;;;;;;;;;;;x
king_circassian;Supreme Prince;;;;;;;;;;;;;x
king_female_circassian;Supreme Princess;;;;;;;;;;;;;x
emperor_circassian;Emperor;;;;;;;;;;;;;x
emperor_female_circassian;Empress;;;;;;;;;;;;;x
barony_of_circassian;Clan of;;;;;;;;;;;;;x
county_of_circassian;Chiefdom of;;;;;;;;;;;;;x
duchy_of_circassian;Emirate of;;;;;;;;;;;;;x
kingdom_of_circassian;Princedom of;;;;;;;;;;;;;x
empire_of_circassian;Empire of;;;;;;;;;;;;;x

#Myanmarese loc
baron_myanmarese;Chieftain;;;;;;;;;;;;;x
baron_female_myanmarese;Chieftess;;;;;;;;;;;;;x
count_myanmarese;Sahkain;;;;;;;;;;;;;x
count_female_myanmarese;Meinm;;;;;;;;;;;;;x
duke_myanmarese;Mainnsarr;;;;;;;;;;;;;x
duke_female_myanmarese;Mainnsamee;;;;;;;;;;;;;x
king_myanmarese;Bhurain;;;;;;;;;;;;;x
king_female_myanmarese;Mihpurarr;;;;;;;;;;;;;x
emperor_myanmarese;Ekararj;;;;;;;;;;;;;x
emperor_female_myanmarese;Ekare;;;;;;;;;;;;;x
barony_of_myanmarese;Chiefdom of;;;;;;;;;;;;;x
county_of_myanmarese;Lordship of;;;;;;;;;;;;;x
duchy_of_myanmarese;Princedom of;;;;;;;;;;;;;x
kingdom_of_myanmarese;Kingdom of;;;;;;;;;;;;;x
empire_of_myanmarese;Empire of;;;;;;;;;;;;;x
duchy_myanmarese;Princedom;;;;;;;;;;;;;x
kingdom_myanmarese;Kingdom;;;;;;;;;;;;;x
empire_myanmarese;Empire;;;;;;;;;;;;;x

oligarchic_republic_count_myanmarese;Speaker;;;;;;;;;;;;;x
oligarchic_republic_count_female_myanmarese;Speaker;;;;;;;;;;;;;x
oligarchic_republic_duke_myanmarese;Minister;;;;;;;;;;;;;x
oligarchic_republic_duke_female_myanmarese;Minister;;;;;;;;;;;;;x
oligarchic_republic_king_myanmarese;Chief Minister;;;;;;;;;;;;;x
oligarchic_republic_king_female_myanmarese;Chief Minister;;;;;;;;;;;;;x
oligarchic_republic_emperor_myanmarese;Thibodi;;;;;;;;;;x
oligarchic_republic_emperor_female_myanmarese;Thibodi;;;;;;;;;;x

baron_rakhine;Chieftain;;;;;;;;;;;;;x
baron_female_rakhine;Chieftess;;;;;;;;;;;;;x
count_rakhine;Sahkain;;;;;;;;;;;;;x
count_female_rakhine;Meinm;;;;;;;;;;;;;x
duke_rakhine;Mainnsarr;;;;;;;;;;;;;x
duke_female_rakhine;Mainnsamee;;;;;;;;;;;;;x
king_rakhine;Bhurain;;;;;;;;;;;;;x
king_female_rakhine;Mihpurarr;;;;;;;;;;;;;x
emperor_rakhine;Ekararj;;;;;;;;;;;;;x
emperor_female_rakhine;Ekare;;;;;;;;;;;;;x
barony_of_rakhine;Chiefdom of;;;;;;;;;;;;;x
county_of_rakhine;Lordship of;;;;;;;;;;;;;x
duchy_of_rakhine;Princedom of;;;;;;;;;;;;;x
kingdom_of_rakhine;Kingdom of;;;;;;;;;;;;;x
empire_of_rakhine;Empire of;;;;;;;;;;;;;x
duchy_rakhine;Princedom;;;;;;;;;;;;;x
kingdom_rakhine;Kingdom;;;;;;;;;;;;;x
empire_rakhine;Empire;;;;;;;;;;;;;x

oligarchic_republic_count_rakhine;Speaker;;;;;;;;;;;;;x
oligarchic_republic_count_female_rakhine;Speaker;;;;;;;;;;;;;x
oligarchic_republic_duke_rakhine;Minister;;;;;;;;;;;;;x
oligarchic_republic_duke_female_rakhine;Minister;;;;;;;;;;;;;x
oligarchic_republic_king_rakhine;Chief Minister;;;;;;;;;;;;;x
oligarchic_republic_king_female_rakhine;Chief Minister;;;;;;;;;;;;;x
oligarchic_republic_emperor_rakhine;Thibodi;;;;;;;;;;x
oligarchic_republic_emperor_female_rakhine;Thibodi;;;;;;;;;;x

baron_mon;Chieftain;;;;;;;;;;;;;x
baron_female_mon;Chieftess;;;;;;;;;;;;;x
count_mon;Sahkain;;;;;;;;;;;;;x
count_female_mon;Meinm;;;;;;;;;;;;;x
duke_mon;Mainnsarr;;;;;;;;;;;;;x
duke_female_mon;Mainnsamee;;;;;;;;;;;;;x
king_mon;Smin;;;;;;;;;;;;;x
king_female_mon;Gna-Smin;;;;;;;;;;;;;x
emperor_mon;Ekararj;;;;;;;;;;;;;x
emperor_female_mon;Ekare;;;;;;;;;;;;;x
barony_of_mon;Chiefdom of;;;;;;;;;;;;;x
county_of_mon;Lordship of;;;;;;;;;;;;;x
duchy_of_mon;Princedom of;;;;;;;;;;;;;x
kingdom_of_mon;Kingdom of;;;;;;;;;;;;;x
empire_of_mon;Empire of;;;;;;;;;;;;;x
duchy_mon;Princedom;;;;;;;;;;;;;x
kingdom_mon;Kingdom;;;;;;;;;;;;;x
empire_mon;Empire;;;;;;;;;;;;;x

oligarchic_republic_count_mon;Speaker;;;;;;;;;;;;;x
oligarchic_republic_count_female_mon;Speaker;;;;;;;;;;;;;x
oligarchic_republic_duke_mon;Minister;;;;;;;;;;;;;x
oligarchic_republic_duke_female_mon;Minister;;;;;;;;;;;;;x
oligarchic_republic_king_mon;Chief Minister;;;;;;;;;;;;;x
oligarchic_republic_king_female_mon;Chief Minister;;;;;;;;;;;;;x
oligarchic_republic_emperor_mon;Thibodi;;;;;;;;;;x
oligarchic_republic_emperor_female_mon;Thibodi;;;;;;;;;;x

baron_chin;Chieftain;;;;;;;;;;;;;x
baron_female_chin;Chieftess;;;;;;;;;;;;;x
count_chin;Sahkain;;;;;;;;;;;;;x
count_female_chin;Meinm;;;;;;;;;;;;;x
duke_chin;Mainnsarr;;;;;;;;;;;;;x
duke_female_chin;Mainnsamee;;;;;;;;;;;;;x
king_chin;Bhurain;;;;;;;;;;;;;x
king_female_chin;Mihpurarr;;;;;;;;;;;;;x
emperor_chin;Ekararj;;;;;;;;;;;;;x
emperor_female_chin;Ekare;;;;;;;;;;;;;x
barony_of_chin;Chiefdom of;;;;;;;;;;;;;x
county_of_chin;Lordship of;;;;;;;;;;;;;x
duchy_of_chin;Princedom of;;;;;;;;;;;;;x
kingdom_of_chin;Kingdom of;;;;;;;;;;;;;x
empire_of_chin;Empire of;;;;;;;;;;;;;x
duchy_chin;Princedom;;;;;;;;;;;;;x
kingdom_chin;Kingdom;;;;;;;;;;;;;x
empire_chin;Empire;;;;;;;;;;;;;x



oligarchic_republic_count_karen;Speaker;;;;;;;;;;;;;x
oligarchic_republic_count_female_karen;Speaker;;;;;;;;;;;;;x
oligarchic_republic_duke_karen;Minister;;;;;;;;;;;;;x
oligarchic_republic_duke_female_karen;Minister;;;;;;;;;;;;;x
oligarchic_republic_king_karen;Chief Minister;;;;;;;;;;;;;x
oligarchic_republic_king_female_karen;Chief Minister;;;;;;;;;;;;;x
oligarchic_republic_emperor_karen;Thibodi;;;;;;;;;;x
oligarchic_republic_emperor_female_karen;Thibodi;;;;;;;;;;x


baron_kachin;Chieftain;;;;;;;;;;;;;x
baron_female_kachin;Chieftess;;;;;;;;;;;;;x
count_kachin;Duwa;;;;;;;;;;;;;x
count_female_kachin;Meinm;;;;;;;;;;;;;x
duke_kachin;Baren;;;;;;;;;;;;;x
duke_female_kachin;Mainnsamee;;;;;;;;;;;;;x
king_kachin;Hkaw-Seng;;;;;;;;;;;;;x
king_female_kachin;Mihpurarr;;;;;;;;;;;;;x
emperor_kachin;Hkaw-Hkam;;;;;;;;;;;;;x
emperor_female_kachin;Ekare;;;;;;;;;;;;;x
barony_of_kachin;Chiefdom of;;;;;;;;;;;;;x
county_of_kachin;Lordship of;;;;;;;;;;;;;x
duchy_of_kachin;Princedom of;;;;;;;;;;;;;x
kingdom_of_kachin;Kingdom of;;;;;;;;;;;;;x
empire_of_kachin;Empire of;;;;;;;;;;;;;x
duchy_kachin;Princedom;;;;;;;;;;;;;x
kingdom_kachin;Kingdom;;;;;;;;;;;;;x
empire_kachin;Empire;;;;;;;;;;;;;x

#Tibet loc
count_amdo;Rje;;;;;;;;;;;;;x
count_female_amdo;Icam;;;;;;;;;;;;;x
duke_amdo;Sa Dbang;;;;;;;;;;;;;x
duke_female_amdo;Sa Dbang;;;;;;;;;;;;;x
king_amdo;Rgyal Po;;;;;;;;;;;;;x
king_female_amdo;Rgyal Mo;;;;;;;;;;;;;x
emperor_amdo;Tsenpo;;;;;;;;;;;;;x
emperor_female_amdo;Tsenmo;;;;;;;;;;;;;x
county_of_amdo;Dzong;;;;;;;;;;;;;x
duchy_of_amdo;Sa Khul;;;;;;;;;;;;;x
kingdom_of_amdo;Rgyal Srid;;;;;;;;;;;;;x
empire_of_amdo;Chen Po;;;;;;;;;;;;;x

count_kham;Rje;;;;;;;;;;;;;x
count_female_kham;Icam;;;;;;;;;;;;;x
duke_kham;Sa Dbang;;;;;;;;;;;;;x
duke_female_kham;Sa Dbang;;;;;;;;;;;;;x
king_kham;Rgyal Po;;;;;;;;;;;;;x
king_female_kham;Rgyal Mo;;;;;;;;;;;;;x
emperor_kham;Tsenpo;;;;;;;;;;;;;x
emperor_female_kham;Tsenmo;;;;;;;;;;;;;x
county_of_kham;Dzong;;;;;;;;;;;;;x
duchy_of_kham;Sa Khul;;;;;;;;;;;;;x
kingdom_of_kham;Rgyal Srid;;;;;;;;;;;;;x
empire_of_kham;Chen Po;;;;;;;;;;;;;x

count_u_tsang;Rje;;;;;;;;;;;;;x
count_female_u_tsang;Icam;;;;;;;;;;;;;x
duke_u_tsang;Sa Dbang;;;;;;;;;;;;;x
duke_female_u_tsang;Sa Dbang;;;;;;;;;;;;;x
king_u_tsang;Rgyal Po;;;;;;;;;;;;;x
king_female_u_tsang;Rgyal Mo;;;;;;;;;;;;;x
emperor_u_tsang;Tsenpo;;;;;;;;;;;;;x
emperor_female_u_tsang;Tsenmo;;;;;;;;;;;;;x
county_of_u_tsang;Dzong;;;;;;;;;;;;;x
duchy_of_u_tsang;Sa Khul;;;;;;;;;;;;;x
kingdom_of_u_tsang;Rgyal Srid;;;;;;;;;;;;;x
empire_of_u_tsang;Chen Po;;;;;;;;;;;;;x

count_kirati;Rje;;;;;;;;;;;;;x
count_female_kirati;Icam;;;;;;;;;;;;;x
duke_kirati;Sa Dbang;;;;;;;;;;;;;x
duke_female_kirati;Sa Dbang;;;;;;;;;;;;;x
king_kirati;Rgyal Po;;;;;;;;;;;;;x
king_female_kirati;Rgyal Mo;;;;;;;;;;;;;x
emperor_kirati;Tsenpo;;;;;;;;;;;;;x
emperor_female_kirati;Tsenmo;;;;;;;;;;;;;x
county_of_kirati;Dzong;;;;;;;;;;;;;x
duchy_of_kirati;Sa Khul;;;;;;;;;;;;;x
kingdom_of_kirati;Rgyal Srid;;;;;;;;;;;;;x
empire_of_kirati;Chen Po;;;;;;;;;;;;;x

#Hui loc
baron_hui;Wali;;;;;;;;;;;;;
baron_female_hui;Waliya;;;;;;;;;;;;;x
count_hui;Lord;;;;;;;;;;;;;x
count_female_hui;Lady;;;;;;;;;;;;;x
duke_hui;Gong;;;;;;;;;;;;;x
duke_female_hui;Duchess;;;;;;;;;;;;;x
king_hui;Wang;;;;;;;;;;;;;x
king_female_hui;Nuwang;;;;;;;;;;;;;x
emperor_hui;Huangdi;;;;;;;;;;;;;x
emperor_female_hui;Huanghou;;;;;;;;;;;;;x
barony_of_hui;Township of;;;;;;;;;;;;;x
county_of_hui;Prefecture of;;;;;;;;;;;;;x
duchy_of_hui;Province of;;;;;;;;;;;;;x
kingdom_of_hui;Kingdom of;;;;;;;;;;;;;x
empire_of_hui;Empire of;;;;;;;;;;;;;x

#Korean loc
baron_koryo_saram;Baron;;;;;;;;;;;;;
baron_female_koryo_saram;Baronessa;;;;;;;;;;;;;x
count_koryo_saram;Graf;;;;;;;;;;;;;x
count_female_koryo_saram;Grafinya;;;;;;;;;;;;;x
duke_koryo_saram;Gertsog;;;;;;;;;;;;;x
duke_female_koryo_saram;Gertsoginya;;;;;;;;;;;;;x
king_koryo_saram;Wang;;;;;;;;;;;;;x
king_female_koryo_saram;Yeowang;;;;;;;;;;;;;x
emperor_koryo_saram;Hwangje;;;;;;;;;;;;;x
emperor_female_koryo_saram;Hwanghu;;;;;;;;;;;;;x
barony_of_koryo_saram;Barony of;;;;;;;;;;;;;x
county_of_koryo_saram;County of;;;;;;;;;;;;;x
duchy_of_koryo_saram;Duchy of;;;;;;;;;;;;;x
kingdom_of_koryo_saram;Kingdom of;;;;;;;;;;;;;x
empire_of_koryo_saram;Empire of;;;;;;;;;;;;;x

#East Asian
king_khasic;Syiem;;;;;;;;;;;;;x
king_female_khasic;Syiem;;;;;;;;;;;;;x
kingdom_of_khasic;State of;;;;;;;;;;;;;x
duke_khasic;Raja;;;;;;;;;;;;;x
duke_female_khasic;Rani;;;;;;;;;;;;;x
duchy_of_khasic;Division of;;;;;;;;;;;;;x
count_khasic;Bakhraw Batri;;;;;;;;;;;;;x
count_female_khasic;Bakhraw Batri;;;;;;;;;;;;;x
county_of_khasic;Shnong of;;;;;;;;;;;;;x
emperor_khasic;Samrat;;;;;;;;;;;;;x
emperor_female_khasic;Samrajni;;;;;;;;;;;;;x
empire_of_khasic;Nation of;;;;;;;;;;;;;x

king_munda;Maharaja;;;;;;;;;;;;;x
king_female_munda;Maharani;;;;;;;;;;;;;x
kingdom_of_munda;Kingdom of;;;;;;;;;;;;;x
duke_munda;Raja;;;;;;;;;;;;;x
duke_female_munda;Rani;;;;;;;;;;;;;x
duchy_of_munda;Division of;;;;;;;;;;;;;x
count_munda;Administrator;;;;;;;;;;;;;x
count_female_munda;Administrator;;;;;;;;;;;;;x
county_of_munda;District of;;;;;;;;;;;;;x
emperor_munda;Samrat;;;;;;;;;;;;;x
emperor_female_munda;Samrajni;;;;;;;;;;;;;x
empire_of_munda;Nation of;;;;;;;;;;;;;x

job_chancellor_thaislam;Minister of Diplomacy;;;;;;;;;;;;;x
job_treasurer_thaislam;Minister of Trade;;;;;;;;;;;;;x
job_marshal_thaislam;Field Marshal;;;;;;;;;;;;;x
job_spymaster_thaislam;Minister of Investigation;;;;;;;;;;;;;x
job_spiritual_thaislam;Minister of Culture;;;;;;;;;;;;;x
temple_barony_of_thaislam;Wat of;;;;;;;;;;;;;x
temple_baron_thaislam;Phra Khru;;;;;;;;;;;;;x
temple_county_of_thaislam;Buddha-Monthon of;;;;;;;;;;;;;x
temple_count_thaislam;Phra;;;;;;;;;;;;;x
temple_duchy_of_thaislam;Mahabuddha-Monthon of;;;;;;;;;;;;;x
temple_duke_thaislam;Phra Rat;;;;;;;;;;;;;x
temple_kingdom_of_thaislam;Buddharachakana of;;;;;;;;;;;;;x
temple_king_thaislam;Phra Rachakana;;;;;;;;;;;;;x
temple_empire_of_thaislam;Buddhachakkavat of;;;;;;;;;;;;;x
temple_emperor_thaislam;Somdet Phra Rachakana;;;;;;;;;;;;;x

king_siamese;Prachao;;;;;;;;;;;;;x
king_female_siamese;Rachini;;;;;;;;;;;;;x
kingdom_of_siamese;Anarchak;;;;;;;;;;;;;x
duke_siamese;Chao Phraya;;;;;;;;;;;;;x
duke_female_siamese;Khun Ying;;;;;;;;;;;;;x
duchy_of_siamese;Monthon;;;;;;;;;;;;;x
count_siamese;Phraya;;;;;;;;;;;;;x
count_female_siamese;Khun Nai;;;;;;;;;;;;;x
county_of_siamese;Changwat;;;;;;;;;;;;;x
emperor_siamese;Chakkrapat;;;;;;;;;;;;;x
emperor_female_siamese;Chakkraphatdini;;;;;;;;;;;;;x
empire_of_siamese;Chakkrawat;;;;;;;;;;;;;x
baron_siamese;Khun;;;;;;;;;;;;;x
baron_female_siamese;Nang;;;;;;;;;;;;;x
count_title_prince_siamese;Chao Fa;;;;;;;;;;;;;x
count_title_prince_female_siamese;Chao Fa;;;;;;;;;;;;;x
duke_title_prince_siamese;Chao Fa;;;;;;;;;;;;;x
duke_title_prince_female_siamese;Chao Fa;;;;;;;;;;;;;x
king_title_prince_siamese;Phra Ong Chao;;;;;;;;;;;;;x
king_title_prince_female_siamese;Phra Ong Chao;;;;;;;;;;;;;x
emperor_title_prince_siamese;Somdet Chao Fa;;;;;;;;;;;;;x
emperor_title_prince_female_siamese;Somdet Chao Fa;;;;;;;;;;;;;x


king_old_thai;Prachao;;;;;;;;;;;;;x
king_female_old_thai;Rachini;;;;;;;;;;;;;x
kingdom_of_old_thai;Anarchak;;;;;;;;;;;;;x
duke_old_thai;Chao Phraya;;;;;;;;;;;;;x
duke_female_old_thai;Khun Ying;;;;;;;;;;;;;x
duchy_of_old_thai;Monthon;;;;;;;;;;;;;x
count_old_thai;Phraya;;;;;;;;;;;;;x
count_female_old_thai;Khun Nai;;;;;;;;;;;;;x
county_of_old_thai;Changwat;;;;;;;;;;;;;x
emperor_old_thai;Chakkrapat;;;;;;;;;;;;;x
emperor_female_old_thai;Chakkraphatdini;;;;;;;;;;;;;x
empire_of_old_thai;Chakkrawat;;;;;;;;;;;;;x
baron_old_thai;Khun;;;;;;;;;;;;;x
baron_female_old_thai;Nang;;;;;;;;;;;;;x
count_title_prince_old_thai;Chao Fa;;;;;;;;;;;;;x
count_title_prince_female_old_thai;Chao Fa;;;;;;;;;;;;;x
duke_title_prince_old_thai;Chao Fa;;;;;;;;;;;;;x
duke_title_prince_female_old_thai;Chao Fa;;;;;;;;;;;;;x
king_title_prince_old_thai;Phra Ong Chao;;;;;;;;;;;;;x
king_title_prince_female_old_thai;Phra Ong Chao;;;;;;;;;;;;;x
emperor_title_prince_old_thai;Somdet Chao Fa;;;;;;;;;;;;;x
emperor_title_prince_female_old_thai;Somdet Chao Fa;;;;;;;;;;;;;x

king_north_thai;Prachao;;;;;;;;;;;;;x
king_female_north_thai;Rachini;;;;;;;;;;;;;x
kingdom_of_north_thai;Anarchak;;;;;;;;;;;;;x
duke_north_thai;Chao Phraya;;;;;;;;;;;;;x
duke_female_north_thai;Khun Ying;;;;;;;;;;;;;x
duchy_of_north_thai;Monthon;;;;;;;;;;;;;x
count_north_thai;Phraya;;;;;;;;;;;;;x
count_female_north_thai;Khun Nai;;;;;;;;;;;;;x
county_of_north_thai;Changwat;;;;;;;;;;;;;x
emperor_north_thai;Chakkrapat;;;;;;;;;;;;;x
emperor_female_north_thai;Chakkraphatdini;;;;;;;;;;;;;x
empire_of_north_thai;Chakkrawat;;;;;;;;;;;;;x
baron_north_thai;Khun;;;;;;;;;;;;;x
baron_female_north_thai;Nang;;;;;;;;;;;;;x
count_title_prince_north_thai;Chao Fa;;;;;;;;;;;;;x
count_title_prince_female_north_thai;Chao Fa;;;;;;;;;;;;;x
duke_title_prince_north_thai;Chao Fa;;;;;;;;;;;;;x
duke_title_prince_female_north_thai;Chao Fa;;;;;;;;;;;;;x
king_title_prince_north_thai;Phra Ong Chao;;;;;;;;;;;;;x
king_title_prince_female_north_thai;Phra Ong Chao;;;;;;;;;;;;;x
emperor_title_prince_north_thai;Somdet Chao Fa;;;;;;;;;;;;;x
emperor_title_prince_female_north_thai;Somdet Chao Fa;;;;;;;;;;;;;x

king_south_thai;Prachao;;;;;;;;;;;;;x
king_female_south_thai;Rachini;;;;;;;;;;;;;x
kingdom_of_south_thai;Anarchak;;;;;;;;;;;;;x
duke_south_thai;Chao Phraya;;;;;;;;;;;;;x
duke_female_south_thai;Khun Ying;;;;;;;;;;;;;x
duchy_of_south_thai;Monthon;;;;;;;;;;;;;x
count_south_thai;Phraya;;;;;;;;;;;;;x
count_female_south_thai;Khun Nai;;;;;;;;;;;;;x
county_of_south_thai;Changwat;;;;;;;;;;;;;x
emperor_south_thai;Chakkrapat;;;;;;;;;;;;;x
emperor_female_south_thai;Chakkraphatdini;;;;;;;;;;;;;x
empire_of_south_thai;Chakkrawat;;;;;;;;;;;;;x
baron_south_thai;Khun;;;;;;;;;;;;;x
baron_female_south_thai;Nang;;;;;;;;;;;;;x
count_title_prince_south_thai;Chao Fa;;;;;;;;;;;;;x
count_title_prince_female_south_thai;Chao Fa;;;;;;;;;;;;;x
duke_title_prince_south_thai;Chao Fa;;;;;;;;;;;;;x
duke_title_prince_female_south_thai;Chao Fa;;;;;;;;;;;;;x
king_title_prince_south_thai;Phra Ong Chao;;;;;;;;;;;;;x
king_title_prince_female_south_thai;Phra Ong Chao;;;;;;;;;;;;;x
emperor_title_prince_south_thai;Somdet Chao Fa;;;;;;;;;;;;;x
emperor_title_prince_female_south_thai;Somdet Chao Fa;;;;;;;;;;;;;x

king_isan;Prachao;;;;;;;;;;;;;x
king_female_isan;Rachini;;;;;;;;;;;;;x
kingdom_of_isan;Anarchak;;;;;;;;;;;;;x
duke_isan;Chao Phraya;;;;;;;;;;;;;x
duke_female_isan;Khun Ying;;;;;;;;;;;;;x
duchy_of_isan;Monthon;;;;;;;;;;;;;x
count_isan;Phraya;;;;;;;;;;;;;x
count_female_isan;Khun Nai;;;;;;;;;;;;;x
county_of_isan;Changwat;;;;;;;;;;;;;x
emperor_isan;Chakkrapat;;;;;;;;;;;;;x
emperor_female_isan;Chakkraphatdini;;;;;;;;;;;;;x
empire_of_isan;Chakkrawat;;;;;;;;;;;;;x
baron_isan;Khun;;;;;;;;;;;;;x
baron_female_isan;Nang;;;;;;;;;;;;;x

king_sinotai;Prachao;;;;;;;;;;;;;x
king_female_sinotai;Rachini;;;;;;;;;;;;;x
kingdom_of_sinotai;Anarchak;;;;;;;;;;;;;x
duke_sinotai;Chao Phraya;;;;;;;;;;;;;x
duke_female_sinotai;Khun Ying;;;;;;;;;;;;;x
duchy_of_sinotai;Monthon;;;;;;;;;;;;;x
count_sinotai;Phraya;;;;;;;;;;;;;x
count_female_sinotai;Khun Nai;;;;;;;;;;;;;x
county_of_sinotai;Changwat;;;;;;;;;;;;;x
emperor_sinotai;Chakkrapat;;;;;;;;;;;;;x
emperor_female_sinotai;Chakkraphatdini;;;;;;;;;;;;;x
empire_of_sinotai;Chakkrawat;;;;;;;;;;;;;x
baron_sinotai;Khun;;;;;;;;;;;;;x
baron_female_sinotai;Nang;;;;;;;;;;;;;x
count_title_prince_sinotai;Chao Fa;;;;;;;;;;;;;x
count_title_prince_female_sinotai;Chao Fa;;;;;;;;;;;;;x
duke_title_prince_sinotai;Chao Fa;;;;;;;;;;;;;x
duke_title_prince_female_sinotai;Chao Fa;;;;;;;;;;;;;x
king_title_prince_sinotai;Phra Ong Chao;;;;;;;;;;;;;x
king_title_prince_female_sinotai;Phra Ong Chao;;;;;;;;;;;;;x
emperor_title_prince_sinotai;Somdet Chao Fa;;;;;;;;;;;;;x
emperor_title_prince_female_sinotai;Somdet Chao Fa;;;;;;;;;;;;;x

siamese_opinion;[siamese.GetName] Opinion;;;;;;;;;;;;;;x
old_thai_opinion;[old_thai.GetName] Opinion;;;;;;;;;;;;;;x
north_thai_opinion;[north_thai.GetName] Opinion;;;;;;;;;;;;;;x
south_thai_opinion;[south_thai.GetName] Opinion;;;;;;;;;;;;;;x
isan_opinion;[isan.GetName] Opinion;;;;;;;;;;;;;;x
tai_shan_opinion;[tai_shan.GetName] Opinion;;;;;;;;;;;;;;x

myanmarese_opinion;[myanmarese.GetName] Opinion;;;;;;;;;;;;;;x
burmic_opinion;[burmic.GetName] Opinion;;;;;;;;;;;;;;x
karen_opinion;[karen.GetName] Opinion;;;;;;;;;;;;;;x
rakhine_opinion;[rakhine.GetName] Opinion;;;;;;;;;;;;;;x
mon_group_opinion;[mon_group.GetName] Opinion;;;;;;;;;;;;;;x

king_laotian;Prachao;;;;;;;;;;;;;x
king_female_laotian;Rachini;;;;;;;;;;;;;x
kingdom_of_laotian;Anarchak;;;;;;;;;;;;;x
duke_laotian;Chao;;;;;;;;;;;;;x
duke_female_laotian;Khun Ying;;;;;;;;;;;;;x
duchy_of_laotian;Monthon;;;;;;;;;;;;;x
count_laotian;Phra;;;;;;;;;;;;;x
count_female_laotian;Nang;;;;;;;;;;;;;x
county_of_laotian;Khoueng;;;;;;;;;;;;;x
emperor_laotian;Maha Siwit;;;;;;;;;;;;;x
emperor_female_laotian;Mahadewi;;;;;;;;;;;;;x
empire_of_laotian;Chakkrawat;;;;;;;;;;;;;x
baron_laotian;Khun;;;;;;;;;;;;;x
baron_female_laotian;Nang;;;;;;;;;;;;;x
oligarchic_republic_count_laotian;Nai;;;;;;;;;;;;;x
oligarchic_republic_count_female_laotian;Nang;;;;;;;;;;;;;x
oligarchic_republic_duke_laotian;Khun;;;;;;;;;;;;;x
oligarchic_republic_duke_female_laotian;Khun;;;;;;;;;;;;;x
oligarchic_republic_king_laotian;Montri;;;;;;;;;;;;;x
oligarchic_republic_king_female_laotian;Montri;;;;;;;;;;;;;x
oligarchic_republic_emperor_laotian;Thibodi;;;;;;;;;;x
oligarchic_republic_emperor_female_laotian;Thibodi;;;;;;;;;;x
oligarchic_republic_barony_of_laotian;Muang;;;;;;;;;;;;;x
oligarchic_republic_county_of_laotian;Khoueng;;;;;;;;;;;;;x
oligarchic_republic_duchy_of_laotian;Rattha;;;;;;;;;;;;;x
oligarchic_republic_kingdom_of_laotian;Sathalanalat;;;;;;;;;;;;;x
oligarchic_republic_empire_of_laotian;Pathet;;;;;;;;;;;;;x
city_count_laotian;Nai;;;;;;;;;;;;;x
city_count_female_laotian;Nang;;;;;;;;;;;;;x
city_duke_laotian;Khun;;;;;;;;;;;;;x
city_duke_female_laotian;Khun;;;;;;;;;;;;;x
city_king_laotian;Montri;;;;;;;;;;;;;x
city_king_female_laotian;Montri;;;;;;;;;;;;;x
city_emperor_laotian;Thibodi;;;;;;;;;;x
city_emperor_female_laotian;Thibodi;;;;;;;;;;x
city_barony_of_laotian;Muang;;;;;;;;;;;;;x
city_county_of_laotian;Khoueng;;;;;;;;;;;;;x
city_duchy_of_laotian;Rattha;;;;;;;;;;;;;x
city_kingdom_of_laotian;Sathalanalat;;;;;;;;;;;;;x
city_empire_of_laotian;Pathet;;;;;;;;;;;;;x
king_midland_laotian;Prachao;;;;;;;;;;;;;x
king_female_midland_laotian;Rachini;;;;;;;;;;;;;x
kingdom_of_midland_laotian;Anarchak;;;;;;;;;;;;;x
duke_midland_laotian;Chao;;;;;;;;;;;;;x
duke_female_midland_laotian;Khun Ying;;;;;;;;;;;;;x
duchy_of_midland_laotian;Monthon;;;;;;;;;;;;;x
count_midland_laotian;Phra;;;;;;;;;;;;;x
count_female_midland_laotian;Nang;;;;;;;;;;;;;x
county_of_midland_laotian;Khoueng;;;;;;;;;;;;;x
emperor_midland_laotian;Maha Siwit;;;;;;;;;;;;;x
emperor_female_midland_laotian;Mahadewi;;;;;;;;;;;;;x
empire_of_midland_laotian;Chakkrawat;;;;;;;;;;;;;x
baron_midland_laotian;Khun;;;;;;;;;;;;;x
baron_female_midland_laotian;Nang;;;;;;;;;;;;;x
oligarchic_republic_count_midland_laotian;Nai;;;;;;;;;;;;;x
oligarchic_republic_count_female_midland_laotian;Nang;;;;;;;;;;;;;x
oligarchic_republic_duke_midland_laotian;Khun;;;;;;;;;;;;;x
oligarchic_republic_duke_female_midland_laotian;Khun;;;;;;;;;;;;;x
oligarchic_republic_king_midland_laotian;Montri;;;;;;;;;;;;;x
oligarchic_republic_king_female_midland_laotian;Montri;;;;;;;;;;;;;x
oligarchic_republic_emperor_midland_laotian;Thibodi;;;;;;;;;;x
oligarchic_republic_emperor_female_midland_laotian;Thibodi;;;;;;;;;;x
oligarchic_republic_barony_of_midland_laotian;Muang;;;;;;;;;;;;;x
oligarchic_republic_county_of_midland_laotian;Khoueng;;;;;;;;;;;;;x
oligarchic_republic_duchy_of_midland_laotian;Rattha;;;;;;;;;;;;;x
oligarchic_republic_kingdom_of_midland_laotian;Sathalanalat;;;;;;;;;;;;;x
oligarchic_republic_empire_of_midland_laotian;Pathet;;;;;;;;;;;;;x
city_count_midland_laotian;Nai;;;;;;;;;;;;;x
city_count_female_midland_laotian;Nang;;;;;;;;;;;;;x
city_duke_midland_laotian;Khun;;;;;;;;;;;;;x
city_duke_female_midland_laotian;Khun;;;;;;;;;;;;;x
city_king_midland_laotian;Montri;;;;;;;;;;;;;x
city_king_female_midland_laotian;Montri;;;;;;;;;;;;;x
city_emperor_midland_laotian;Thibodi;;;;;;;;;;x
city_emperor_female_midland_laotian;Thibodi;;;;;;;;;;x
city_barony_of_midland_laotian;Muang;;;;;;;;;;;;;x
city_county_of_midland_laotian;Khoueng;;;;;;;;;;;;;x
city_duchy_of_midland_laotian;Rattha;;;;;;;;;;;;;x
city_kingdom_of_midland_laotian;Sathalanalat;;;;;;;;;;;;;x
city_empire_of_midland_laotian;Pathet;;;;;;;;;;;;;x
king_highland_laotian;Prachao;;;;;;;;;;;;;x
king_female_highland_laotian;Rachini;;;;;;;;;;;;;x
kingdom_of_highland_laotian;Anarchak;;;;;;;;;;;;;x
duke_highland_laotian;Chao;;;;;;;;;;;;;x
duke_female_highland_laotian;Khun Ying;;;;;;;;;;;;;x
duchy_of_highland_laotian;Monthon;;;;;;;;;;;;;x
count_highland_laotian;Phra;;;;;;;;;;;;;x
count_female_highland_laotian;Nang;;;;;;;;;;;;;x
county_of_highland_laotian;Khoueng;;;;;;;;;;;;;x
emperor_highland_laotian;Maha Siwit;;;;;;;;;;;;;x
emperor_female_highland_laotian;Mahadewi;;;;;;;;;;;;;x
empire_of_highland_laotian;Chakkrawat;;;;;;;;;;;;;x
baron_highland_laotian;Khun;;;;;;;;;;;;;x
baron_female_highland_laotian;Nang;;;;;;;;;;;;;x
oligarchic_republic_count_highland_laotian;Nai;;;;;;;;;;;;;x
oligarchic_republic_count_female_highland_laotian;Nang;;;;;;;;;;;;;x
oligarchic_republic_duke_highland_laotian;Khun;;;;;;;;;;;;;x
oligarchic_republic_duke_female_highland_laotian;Khun;;;;;;;;;;;;;x
oligarchic_republic_king_highland_laotian;Montri;;;;;;;;;;;;;x
oligarchic_republic_king_female_highland_laotian;Montri;;;;;;;;;;;;;x
oligarchic_republic_emperor_highland_laotian;Thibodi;;;;;;;;;;x
oligarchic_republic_emperor_female_highland_laotian;Thibodi;;;;;;;;;;x
oligarchic_republic_barony_of_highland_laotian;Muang;;;;;;;;;;;;;x
oligarchic_republic_county_of_highland_laotian;Khoueng;;;;;;;;;;;;;x
oligarchic_republic_duchy_of_highland_laotian;Rattha;;;;;;;;;;;;;x
oligarchic_republic_kingdom_of_highland_laotian;Sathalanalat;;;;;;;;;;;;;x
oligarchic_republic_empire_of_highland_laotian;Pathet;;;;;;;;;;;;;x
city_count_highland_laotian;Nai;;;;;;;;;;;;;x
city_count_female_highland_laotian;Nang;;;;;;;;;;;;;x
city_duke_highland_laotian;Khun;;;;;;;;;;;;;x
city_duke_female_highland_laotian;Khun;;;;;;;;;;;;;x
city_king_highland_laotian;Montri;;;;;;;;;;;;;x
city_king_female_highland_laotian;Montri;;;;;;;;;;;;;x
city_emperor_highland_laotian;Thibodi;;;;;;;;;;x
city_emperor_female_highland_laotian;Thibodi;;;;;;;;;;x
city_barony_of_highland_laotian;Muang;;;;;;;;;;;;;x
city_county_of_highland_laotian;Khoueng;;;;;;;;;;;;;x
city_duchy_of_highland_laotian;Rattha;;;;;;;;;;;;;x
city_kingdom_of_highland_laotian;Sathalanalat;;;;;;;;;;;;;x
city_empire_of_highland_laotian;Pathet;;;;;;;;;;;;;x

king_tai_shan;Saopha;;;;;;;;;;;;;x
king_female_tai_shan;Sao Nang;;;;;;;;;;;;;x
kingdom_of_tai_shan;Saopha of;;;;;;;;;;;;;x
duke_tai_shan;Pya;;;;;;;;;;;;;x
duke_female_tai_shan;Naiying;;;;;;;;;;;;;x
duchy_of_tai_shan;Monton;;;;;;;;;;;;;x
count_tai_shan;Hkun;;;;;;;;;;;;;x
count_female_tai_shan;Hkunying;;;;;;;;;;;;;x
county_of_tai_shan;Khet;;;;;;;;;;;;;x
emperor_tai_shan;Prachao;;;;;;;;;;;;;x
emperor_female_tai_shan;Rachini;;;;;;;;;;;;;x
empire_of_tai_shan;Anarchak;;;;;;;;;;;;;x
baron_tai_shan;Khun;;;;;;;;;;;;;x
baron_female_tai_shan;Nang;;;;;;;;;;;;;x

king_karen;Saopha;;;;;;;;;;;;;x
king_female_karen;Sao Nang;;;;;;;;;;;;;x
kingdom_of_karen;Saopha of;;;;;;;;;;;;;x
duke_karen;Pya;;;;;;;;;;;;;x
duke_female_karen;Naiying;;;;;;;;;;;;;x
duchy_of_karen;Monton;;;;;;;;;;;;;x
count_karen;Hkun;;;;;;;;;;;;;x
count_female_karen;Hkunying;;;;;;;;;;;;;x
county_of_karen;Khet;;;;;;;;;;;;;x
emperor_karen;Prachao;;;;;;;;;;;;;x
emperor_female_karen;Rachini;;;;;;;;;;;;;x
empire_of_karen;Anarchak;;;;;;;;;;;;;x
baron_karen;Khun;;;;;;;;;;;;;x
baron_female_karen;Nang;;;;;;;;;;;;;x

king_kayah;Saopha;;;;;;;;;;;;;x
king_female_kayah;Sao Nang;;;;;;;;;;;;;x
kingdom_of_kayah;Saopha of;;;;;;;;;;;;;x
duke_kayah;Pya;;;;;;;;;;;;;x
duke_female_kayah;Naiying;;;;;;;;;;;;;x
duchy_of_kayah;Monton;;;;;;;;;;;;;x
count_kayah;Hkun;;;;;;;;;;;;;x
count_female_kayah;Hkunying;;;;;;;;;;;;;x
county_of_kayah;Khet;;;;;;;;;;;;;x
emperor_kayah;Prachao;;;;;;;;;;;;;x
emperor_female_kayah;Rachini;;;;;;;;;;;;;x
empire_of_kayah;Anarchak;;;;;;;;;;;;;x
baron_kayah;Khun;;;;;;;;;;;;;x
baron_female_kayah;Nang;;;;;;;;;;;;;x

king_khmer_group;Samdech;;;;;;;;;;;;;x
king_female_khmer_group;Rachini;;;;;;;;;;;;;x
kingdom_of_khmer_group;Anarchak;;;;;;;;;;;;;x
duke_khmer_group;Oknha;;;;;;;;;;;;;x
duke_female_khmer_group;Khun Ying;;;;;;;;;;;;;x
duchy_of_khmer_group;Monthon;;;;;;;;;;;;;x
count_khmer_group;Preah;;;;;;;;;;;;;x
count_female_khmer_group;Khun Nai;;;;;;;;;;;;;x
county_of_khmer_group;Khaet;;;;;;;;;;;;;x
emperor_khmer_group;Chakravati;;;;;;;;;;;;;x
emperor_female_khmer_group;Chakravadini;;;;;;;;;;;;;x
empire_of_khmer_group;Chakravat;;;;;;;;;;;;;x
baron_khmer_group;Khun;;;;;;;;;;;;;x
baron_female_khmer_group;Nang;;;;;;;;;;;;;x
oligarchic_republic_count_khmer_group;General;;;;;;;;;;;;;x
oligarchic_republic_count_female_khmer_group;General;;;;;;;;;;;;;x
oligarchic_republic_duke_khmer_group;Zone Supervisor;;;;;;;;;;;;;x
oligarchic_republic_duke_female_khmer_group;Zone Supervisor;;;;;;;;;;;;;x
oligarchic_republic_king_khmer_group;State Minister;;;;;;;;;;;;;x
oligarchic_republic_king_female_khmer_group;State Minister;;;;;;;;;;;;;x
oligarchic_republic_emperor_khmer_group;General Secretary;;;;;;;;;;x
oligarchic_republic_emperor_female_khmer_group;General Secretary;;;;;;;;;;x
oligarchic_republic_barony_of_khmer_group;Krom;;;;;;;;;;;;;x
oligarchic_republic_county_of_khmer_group;Khaet;;;;;;;;;;;;;x
oligarchic_republic_duchy_of_khmer_group;Zone;;;;;;;;;;;;;x
oligarchic_republic_kingdom_of_khmer_group;Rathhapracheathibaey;;;;;;;;;;;;;x
oligarchic_republic_empire_of_khmer_group;Pathet;;;;;;;;;;;;;x
city_count_khmer_group;General;;;;;;;;;;;;;x
city_count_female_khmer_group;General;;;;;;;;;;;;;x
city_duke_khmer_group;Zone Supervisor;;;;;;;;;;;;;x
city_duke_female_khmer_group;Zone Supervisor;;;;;;;;;;;;;x
city_king_khmer_group;State Minister;;;;;;;;;;;;;x
city_king_female_khmer_group;State Minister;;;;;;;;;;;;;x
city_emperor_khmer_group;General Secretary;;;;;;;;;;x
city_emperor_female_khmer_group;General Secretary;;;;;;;;;;x
city_barony_of_khmer_group;Krom;;;;;;;;;;;;;x
city_county_of_khmer_group;Khaet;;;;;;;;;;;;;x
city_duchy_of_khmer_group;Zone;;;;;;;;;;;;;x
city_kingdom_of_khmer_group;Rathhapracheathibaey;;;;;;;;;;;;;x
city_empire_of_khmer_group;Pathet;;;;;;;;;;;;;x

#Viet loc
baron_viet;Secretary;;;;;;;;;;;;;x
baron_female_viet;Secretary;;;;;;;;;;;;;x
count_viet;Lord;;;;;;;;;;;;;x
count_female_viet;Lady;;;;;;;;;;;;;x
duke_viet;Governor;;;;;;;;;;;;;x
duke_female_viet;Governor;;;;;;;;;;;;;x
king_viet;Vua;;;;;;;;;;;;;x
king_female_viet;Nu Hoàng;;;;;;;;;;;;;x
emperor_viet;Hoàng De;;;;;;;;;;;;;x
emperor_female_viet;Hoàng Hau;;;;;;;;;;;;;x
barony_of_viet;District of;;;;;;;;;;;;;x
county_of_viet;Lordship of;;;;;;;;;;;;;x
duchy_of_viet;Region of;;;;;;;;;;;;;x
kingdom_of_viet;Kingdom of;;;;;;;;;;;;;x
empire_of_viet;Empire of;;;;;;;;;;;;;x


#tausug loc 
count_tausug;Sheikh;;;;;;;;;;;;;x
count_female_tausug;Sheikha;;;;;;;;;;;;;x
duke_tausug;Emir;;;;;;;;;;;;;x
duke_female_tausug;Emira;;;;;;;;;;;;;x
king_tausug;Sultan;;;;;;;;;;;;;x
king_female_tausug;Sultana;;;;;;;;;;;;;x

#Tagalog and Chavacano title names
count_tagalog;Konde;;;;;;;;;;;;;x
count_female_tagalog;Kondesa;;;;;;;;;;;x
duke_tagalog;Duke;;;;;;;;;;;;;x #pronounced du-ke, derived from Spanish duque
duke_female_tagalog;Duka;;;;;;;;;;;;;x
king_tagalog;Hari;;;;;;;;;;;;;x #literally the only actual local name here lmao
king_female_tagalog;Haria;;;;;;;;;;;;;x
emperor_tagalog;Imperador;;;;;;;;;;;;;x
emperor_tagalog_female;Imperadora;;;;;;;;;;;;;x
count_chavacano;Conde;;;;;;;;;;;;;x 
count_female_chavacano;Condesa;;;;;;;;;;;;;x
duke_chavacano;Duque;;;;;;;;;;;;;x
duke_female_chavacano;Duquesa;;;;;;;;;;;;;x
king_chavacano;Rey;;;;;;;;;;;;;x #to make it stand out
king_female_chavacano;Reyna;;;;;;;;;;;;;x
emperor_chavacano;Emperador;;;;;;;;;;;;;x
emperor_female_chavacano;Emperatríz;;;;;;;;;;;;;x

#karaya and Chavacano title names
count_karaya;Konde;;;;;;;;;;;;;x
count_female_karaya;Kondesa;;;;;;;;;;;x
duke_karaya;Duke;;;;;;;;;;;;;x #pronounced du-ke, derived from Spanish duque
duke_female_karaya;Duka;;;;;;;;;;;;;x
king_karaya;Hari;;;;;;;;;;;;;x #literally the only actual local name here lmao
king_female_karaya;Haria;;;;;;;;;;;;;x
emperor_karaya;Imperador;;;;;;;;;;;;;x
emperor_karaya_female;Imperadora;;;;;;;;;;;;;x

#agta and Chavacano title names
count_agta;Konde;;;;;;;;;;;;;x
count_female_agta;Kondesa;;;;;;;;;;;x
duke_agta;Duke;;;;;;;;;;;;;x #pronounced du-ke, derived from Spanish duque
duke_female_agta;Duka;;;;;;;;;;;;;x
king_agta;Hari;;;;;;;;;;;;;x #literally the only actual local name here lmao
king_female_agta;Haria;;;;;;;;;;;;;x
emperor_agta;Imperador;;;;;;;;;;;;;x
emperor_agta_female;Imperadora;;;;;;;;;;;;;x

#palawano and Chavacano title names
count_palawano;Konde;;;;;;;;;;;;;x
count_female_palawano;Kondesa;;;;;;;;;;;x
duke_palawano;Duke;;;;;;;;;;;;;x #pronounced du-ke, derived from Spanish duque
duke_female_palawano;Duka;;;;;;;;;;;;;x
king_palawano;Hari;;;;;;;;;;;;;x #literally the only actual local name here lmao
king_female_palawano;Haria;;;;;;;;;;;;;x
emperor_palawano;Imperador;;;;;;;;;;;;;x
emperor_palawano_female;Imperadora;;;;;;;;;;;;;x
agta;Agta;;;;;;;;;;;;;x
palawano;Palawano;;;;;;;;;;;;;x
karaya;Karay'a;;;;;;;;;;;;;x

#Ashkenazi brief loc
count_ashkenazi;Earl;;;;;;;;;;;;;x
count_female_ashkenazi;Countess;;;;;;;;;;;;;x
county_of_ashkenazi;Earldom of;;;;;;;;;;;;;x

#Greenlander
count_greenlander;Ataata;Ataata;Ataata;;Ataata;;;;;;;;;x
count_female_greenlander;Arnaq;Arnaq;Arnaq;;Arnaq;;;;;;;;;x
duke_greenlander;Naalakkersuisut;Naalakkersuisut;Naalakkersuisut;;Naalakkersuisut;;;;;;;;;x
duke_female_greenlander;Naalakkersuisut;Naalakkersuisut;Naalakkersuisut;;Naalakkersuisut;;;;;;;;;x
king_greenlander;Kunngi;Kunngi;Kunngi;;Kunngi;;;;;;;;;x
king_greenlander_female;Dronning;Dronning;Dronning;;Dronning;;;;;;;;;x
emperor_greenlander;Kaasari;Kaasari;Kaasari;;Kaasari;;;;;;;;;x
emperor_female_greenlander;Kaasarina;Kaasarina;Kaasarina;;Kaasarina;;;;;;;;;x
county_of_greenlander;Illoqarfik of;;;;;;;;;;x
duchy_of_greenlander;Nunaat of;;;;;;;;;;x
kingdom_of_greenlander;Kunngeqarfik of;;;;;;;;;;x
empire_of_greenlander;Naalagaaffia of;;;;;;;;;;x

emperor_langobardische;Imperator;;;;;;;;;;;;;x
emperor_female_langobardische;Imperatrice;;;;;;;;;;;;;x
king_langobardische;Reks;;;;;;;;;;;;;x
king_female_langobardische;Regina;;;;;;;;;;;;;x
kingdom_of_langobardische;Regnum of;;;;;;;;;;;;;x
duke_langobardische;Duks;;;;;;;;;;;;;x
duke_female_langobardische;Dukessa;;;;;;;;;;;;;x
duchy_of_langobardische;Dukatus of;;;;;;;;;;;;;x
count_langobardische;Konte;;;;;;;;;;;;;x
count_female_langobardische;Kontessa;;;;;;;;;;;;;x
county_of_langobardische;Kontea of;;;;;;;;;;;;;x

#Opinions
kipchak_opinion;Kipchak Turkic Opinion;;;;;;;;;;;;;x
oghuz_opinion;Oghuz Turkic Opinion;;;;;;;;;;;;;x
arghu_opinion;Arghu Turkic Opinion;;;;;;;;;;;;;x
karluk_opinion;Karluk Turkic Opinion;;;;;;;;;;;;;x
oghur_opinion;Oghur Turkic Opinion;;;;;;;;;;;;;x
anglo_frisian_opinion;Anglo-Frisian Opinion;;;;;;;;;;;;;x
japan_group_opinion_opinion;Japonic Opinion;;;;;;;;;;;;;x
temple_baron_celtic_pagan;Druid;;;;;;;;x
temple_baron_celtic_pagan_female;Druidess;;;;;;;;x
temple_barony_of_celtic_pagan;Pool of;;;;;;;;x
temple_baron_celtic_pagan_reformed;Druid;;;;;;;;x
temple_baron_celtic_pagan__reformed_female;Druidess;;;;;;;;x
temple_barony_of_celtic_pagan_reformed;Pool of;;;;;;;;x
nick_snake_oil_todd;Snaky-Wyl;;;;;;;;x

#Alawite temple loc
temple_barony_of_alawite;Temple of;;;;;;;;;;;;;x
temple_baron_alawite;Mentor;;;;;;;;;;;;;x
temple_county_of_alawite;Great Temple of;;;;;;;;;;;;;x
temple_count_alawite;Priest;;;;;;;;;;;;;x
temple_duchy_of_alawite;Priesthood of;;;;;;;;;;;;;x
temple_duke_alawite;Grand Priest;;;;;;;;;;;;;x
temple_kingdom_of_alawite;Alawite State of;;;;;;;;;;;;;x
temple_king_alawite;Bab;;;;;;;;;;;;;x
;;;;;;;;;;;;;;

#Chinese Loc
#Macanese
king_macanese;Rei;;;;;;;;;;;;;x
king_female_macanese;Rainha;;;;;;;;;;;;;x
kingdom_of_macanese;Reino de;;;;;;;;;;;;;x
duke_macanese;Governador;;;;;;;;;;;;;x
duke_female_macanese;Governadora;;;;;;;;;;;;;x
duchy_of_macanese;Província de;;;;;;;;;;;;;x
count_macanese;Administrador;;;;;;;;;;;;;x
count_female_macanese;Administradora;;;;;;;;;;;;;x
county_of_macanese;Condado de;;;;;;;;;;;;;x
emperor_macanese;Imperador;;;;;;;;;;;;;x
emperor_female_macanese;Imperatriz;;;;;;;;;;;;;x
empire_of_macanese;Império de;;;;;;;;;;;;;x
baron_macanese;Conselheiro;;;;;;;;;;;;;x
baron_female_macanese;Conselheira;;;;;;;;;;;;;x
barony_of_macanese;Município de;;;;;;;;;;;;;x

#Hong Konger
king_hongkonger;King;;;;;;;;;;;;;x
king_female_hongkonger;Queen;;;;;;;;;;;;;x
kingdom_of_hongkonger;Kingdom of;;;;;;;;;;;;;x
duke_hongkonger;Governor;;;;;;;;;;;;;x
duke_female_hongkonger;Governess;;;;;;;;;;;;;x
duchy_of_hongkonger;Territory of;;;;;;;;;;;;;x
count_hongkonger;District Councilor;;;;;;;;;;;;;x
count_female_hongkonger;District Councilor;;;;;;;;;;;;;x
county_of_hongkonger;District of;;;;;;;;;;;;;x
emperor_hongkonger;Emperor;;;;;;;;;;;;;x
emperor_female_hongkonger;Empress;;;;;;;;;;;;;x
empire_of_hongkonger;Empire of;;;;;;;;;;;;;x
baron_hongkonger;Councilor;;;;;;;;;;;;;x
baron_female_hongkonger;Councilor;;;;;;;;;;;;;x
barony_of_hongkonger;Constituency of;;;;;;;;;;;;;x

#Yue or Cantonese
king_yue;Wang;;;;;;;;;;;;;x
king_female_yue;Nuwang;;;;;;;;;;;;;x
kingdom_of_yue;Kingdom of;;;;;;;;;;;;;x
duke_yue;Gong;;;;;;;;;;;;;x
duke_female_yue;Duchess;;;;;;;;;;;;;x
duchy_of_yue;Province of;;;;;;;;;;;;;x
count_yue;Lord;;;;;;;;;;;;;x
count_female_yue;Lady;;;;;;;;;;;;;x
county_of_yue;Prefecture of;;;;;;;;;;;;;x
emperor_yue;Huangdi;;;;;;;;;;;;;x
emperor_female_yue;Huanghou;;;;;;;;;;;;;x
empire_of_yue;Empire of;;;;;;;;;;;;;x
baron_yue;Councilor;;;;;;;;;;;;;x
baron_female_yue;Councilor;;;;;;;;;;;;;x
barony_of_yue;District of;;;;;;;;;;;;;x

#Zhuang
king_zhuang;Wang;;;;;;;;;;;;;x
king_female_zhuang;Nuwang;;;;;;;;;;;;;x
kingdom_of_zhuang;Kingdom of;;;;;;;;;;;;;x
duke_zhuang;Gong;;;;;;;;;;;;;x
duke_female_zhuang;Duchess;;;;;;;;;;;;;x
duchy_of_zhuang;Province of;;;;;;;;;;;;;x
count_zhuang;Tusi;;;;;;;;;;;;;x
count_female_zhuang;Lady;;;;;;;;;;;;;x
county_of_zhuang;Chiefdom of;;;;;;;;;;;;;x
emperor_zhuang;Huangdi;;;;;;;;;;;;;x
emperor_female_zhuang;Huanghou;;;;;;;;;;;;;x
empire_of_zhuang;Empire of;;;;;;;;;;;;;x
baron_zhuang;Councilor;;;;;;;;;;;;;x
baron_female_zhuang;Councilor;;;;;;;;;;;;;x
barony_of_zhuang;District of;;;;;;;;;;;;;x

#Xiang
king_xiang;Wang;;;;;;;;;;;;;x
king_female_xiang;Nuwang;;;;;;;;;;;;;x
kingdom_of_xiang;Kingdom of;;;;;;;;;;;;;x
duke_xiang;Gong;;;;;;;;;;;;;x
duke_female_xiang;Duchess;;;;;;;;;;;;;x
duchy_of_xiang;Province of;;;;;;;;;;;;;x
count_xiang;Lord;;;;;;;;;;;;;x
count_female_xiang;Lady;;;;;;;;;;;;;x
county_of_xiang;Prefecture of;;;;;;;;;;;;;x
emperor_xiang;Huangdi;;;;;;;;;;;;;x
emperor_female_xiang;Huanghou;;;;;;;;;;;;;x
empire_of_xiang;Empire of;;;;;;;;;;;;;x
baron_xiang;Councilor;;;;;;;;;;;;;x
baron_female_xiang;Councilor;;;;;;;;;;;;;x
barony_of_xiang;District of;;;;;;;;;;;;;x

#Gaoshan
king_gaoshan;Wang;;;;;;;;;;;;;x
king_female_gaoshan;Nuwang;;;;;;;;;;;;;x
kingdom_of_gaoshan;Kingdom of;;;;;;;;;;;;;x
duke_gaoshan;Gong;;;;;;;;;;;;;x
duke_female_gaoshan;Duchess;;;;;;;;;;;;;x
duchy_of_gaoshan;Province of;;;;;;;;;;;;;x
count_gaoshan;Lord;;;;;;;;;;;;;x
count_female_gaoshan;Lady;;;;;;;;;;;;;x
county_of_gaoshan;Prefecture of;;;;;;;;;;;;;x
emperor_gaoshan;Huangdi;;;;;;;;;;;;;x
emperor_female_gaoshan;Huanghou;;;;;;;;;;;;;x
empire_of_gaoshan;Empire of;;;;;;;;;;;;;x
baron_gaoshan;Councilor;;;;;;;;;;;;;x
baron_female_gaoshan;Councilor;;;;;;;;;;;;;x
barony_of_gaoshan;District of;;;;;;;;;;;;;x

#Wu
king_wu;Wang;;;;;;;;;;;;;x
king_female_wu;Nuwang;;;;;;;;;;;;;x
kingdom_of_wu;Kingdom of;;;;;;;;;;;;;x
duke_wu;Gong;;;;;;;;;;;;;x
duke_female_wu;Duchess;;;;;;;;;;;;;x
duchy_of_wu;Province of;;;;;;;;;;;;;x
count_wu;Lord;;;;;;;;;;;;;x
count_female_wu;Lady;;;;;;;;;;;;;x
county_of_wu;Prefecture of;;;;;;;;;;;;;x
emperor_wu;Huangdi;;;;;;;;;;;;;x
emperor_female_wu;Huanghou;;;;;;;;;;;;;x
empire_of_wu;Empire of;;;;;;;;;;;;;x
baron_wu;Councilor;;;;;;;;;;;;;x
baron_female_wu;Councilor;;;;;;;;;;;;;x
barony_of_wu;District of;;;;;;;;;;;;;x

#Huizhou
king_huizhou;Wang;;;;;;;;;;;;;x
king_female_huizhou;Nuwang;;;;;;;;;;;;;x
kingdom_of_huizhou;Kingdom of;;;;;;;;;;;;;x
duke_huizhou;Gong;;;;;;;;;;;;;x
duke_female_huizhou;Duchess;;;;;;;;;;;;;x
duchy_of_huizhou;Province of;;;;;;;;;;;;;x
count_huizhou;Lord;;;;;;;;;;;;;x
count_female_huizhou;Lady;;;;;;;;;;;;;x
county_of_huizhou;Prefecture of;;;;;;;;;;;;;x
emperor_huizhou;Huangdi;;;;;;;;;;;;;x
emperor_female_huizhou;Huanghou;;;;;;;;;;;;;x
empire_of_huizhou;Empire of;;;;;;;;;;;;;x
baron_huizhou;Councilor;;;;;;;;;;;;;x
baron_female_huizhou;Councilor;;;;;;;;;;;;;x
barony_of_huizhou;District of;;;;;;;;;;;;;x

#Gan
king_gan;Wang;;;;;;;;;;;;;x
king_female_gan;Nuwang;;;;;;;;;;;;;x
kingdom_of_gan;Kingdom of;;;;;;;;;;;;;x
duke_gan;Gong;;;;;;;;;;;;;x
duke_female_gan;Duchess;;;;;;;;;;;;;x
duchy_of_gan;Province of;;;;;;;;;;;;;x
count_gan;Lord;;;;;;;;;;;;;x
count_female_gan;Lady;;;;;;;;;;;;;x
county_of_gan;Prefecture of;;;;;;;;;;;;;x
emperor_gan;Huangdi;;;;;;;;;;;;;x
emperor_female_gan;Huanghou;;;;;;;;;;;;;x
empire_of_gan;Empire of;;;;;;;;;;;;;x
baron_gan;Councilor;;;;;;;;;;;;;x
baron_female_gan;Councilor;;;;;;;;;;;;;x
barony_of_gan;District of;;;;;;;;;;;;;x

#Min Bei
king_min_bei;Wang;;;;;;;;;;;;;x
king_female_min_bei;Nuwang;;;;;;;;;;;;;x
kingdom_of_min_bei;Kingdom of;;;;;;;;;;;;;x
duke_min_bei;Gong;;;;;;;;;;;;;x
duke_female_min_bei;Duchess;;;;;;;;;;;;;x
duchy_of_min_bei;Province of;;;;;;;;;;;;;x
count_min_bei;Lord;;;;;;;;;;;;;x
count_female_min_bei;Lady;;;;;;;;;;;;;x
county_of_min_bei;Prefecture of;;;;;;;;;;;;;x
emperor_min_bei;Huangdi;;;;;;;;;;;;;x
emperor_female_min_bei;Huanghou;;;;;;;;;;;;;x
empire_of_min_bei;Empire of;;;;;;;;;;;;;x
baron_min_bei;Councilor;;;;;;;;;;;;;x
baron_female_min_bei;Councilor;;;;;;;;;;;;;x
barony_of_min_bei;District of;;;;;;;;;;;;;x

#Min Dong
king_min_dong;Wang;;;;;;;;;;;;;x
king_female_min_dong;Nuwang;;;;;;;;;;;;;x
kingdom_of_min_dong;Kingdom of;;;;;;;;;;;;;x
duke_min_dong;Gong;;;;;;;;;;;;;x
duke_female_min_dong;Duchess;;;;;;;;;;;;;x
duchy_of_min_dong;Province of;;;;;;;;;;;;;x
count_min_dong;Lord;;;;;;;;;;;;;x
count_female_min_dong;Lady;;;;;;;;;;;;;x
county_of_min_dong;Prefecture of;;;;;;;;;;;;;x
emperor_min_dong;Huangdi;;;;;;;;;;;;;x
emperor_female_min_dong;Huanghou;;;;;;;;;;;;;x
empire_of_min_dong;Empire of;;;;;;;;;;;;;x
baron_min_dong;Councilor;;;;;;;;;;;;;x
baron_female_min_dong;Councilor;;;;;;;;;;;;;x
barony_of_min_dong;District of;;;;;;;;;;;;;x

#Min Zhong
king_min_zhong;Wang;;;;;;;;;;;;;x
king_female_min_zhong;Nuwang;;;;;;;;;;;;;x
kingdom_of_min_zhong;Kingdom of;;;;;;;;;;;;;x
duke_min_zhong;Gong;;;;;;;;;;;;;x
duke_female_min_zhong;Duchess;;;;;;;;;;;;;x
duchy_of_min_zhong;Province of;;;;;;;;;;;;;x
count_min_zhong;Lord;;;;;;;;;;;;;x
count_female_min_zhong;Lady;;;;;;;;;;;;;x
county_of_min_zhong;Prefecture of;;;;;;;;;;;;;x
emperor_min_zhong;Huangdi;;;;;;;;;;;;;x
emperor_female_min_zhong;Huanghou;;;;;;;;;;;;;x
empire_of_min_zhong;Empire of;;;;;;;;;;;;;x
baron_min_zhong;Councilor;;;;;;;;;;;;;x
baron_female_min_zhong;Councilor;;;;;;;;;;;;;x
barony_of_min_zhong;District of;;;;;;;;;;;;;x

#Hokkien
king_hokkien;Wang;;;;;;;;;;;;;x
king_female_hokkien;Nuwang;;;;;;;;;;;;;x
kingdom_of_hokkien;Kingdom of;;;;;;;;;;;;;x
duke_hokkien;Gong;;;;;;;;;;;;;x
duke_female_hokkien;Duchess;;;;;;;;;;;;;x
duchy_of_hokkien;Province of;;;;;;;;;;;;;x
count_hokkien;Lord;;;;;;;;;;;;;x
count_female_hokkien;Lady;;;;;;;;;;;;;x
county_of_hokkien;Prefecture of;;;;;;;;;;;;;x
emperor_hokkien;Huangdi;;;;;;;;;;;;;x
emperor_female_hokkien;Huanghou;;;;;;;;;;;;;x
empire_of_hokkien;Empire of;;;;;;;;;;;;;x
baron_hokkien;Councilor;;;;;;;;;;;;;x
baron_female_hokkien;Councilor;;;;;;;;;;;;;x
barony_of_hokkien;District of;;;;;;;;;;;;;x

#min_nan
king_min_nan;Wang;;;;;;;;;;;;;x
king_female_min_nan;Nuwang;;;;;;;;;;;;;x
kingdom_of_min_nan;Kingdom of;;;;;;;;;;;;;x
duke_min_nan;Gong;;;;;;;;;;;;;x
duke_female_min_nan;Duchess;;;;;;;;;;;;;x
duchy_of_min_nan;Province of;;;;;;;;;;;;;x
count_min_nan;Lord;;;;;;;;;;;;;x
count_female_min_nan;Lady;;;;;;;;;;;;;x
county_of_min_nan;Prefecture of;;;;;;;;;;;;;x
emperor_min_nan;Huangdi;;;;;;;;;;;;;x
emperor_female_min_nan;Huanghou;;;;;;;;;;;;;x
empire_of_min_nan;Empire of;;;;;;;;;;;;;x
baron_min_nan;Councilor;;;;;;;;;;;;;x
baron_female_min_nan;Councilor;;;;;;;;;;;;;x
barony_of_min_nan;District of;;;;;;;;;;;;;x

#Hakka
king_hakka;Wang;;;;;;;;;;;;;x
king_female_hakka;Nuwang;;;;;;;;;;;;;x
kingdom_of_hakka;Kingdom of;;;;;;;;;;;;;x
duke_hakka;Gong;;;;;;;;;;;;;x
duke_female_hakka;Duchess;;;;;;;;;;;;;x
duchy_of_hakka;Province of;;;;;;;;;;;;;x
count_hakka;Lord;;;;;;;;;;;;;x
count_female_hakka;Lady;;;;;;;;;;;;;x
county_of_hakka;Prefecture of;;;;;;;;;;;;;x
emperor_hakka;Huangdi;;;;;;;;;;;;;x
emperor_female_hakka;Huanghou;;;;;;;;;;;;;x
empire_of_hakka;Empire of;;;;;;;;;;;;;x
baron_hakka;Councilor;;;;;;;;;;;;;x
baron_female_hakka;Councilor;;;;;;;;;;;;;x
barony_of_hakka;District of;;;;;;;;;;;;;x

#Manchurian
king_manchurian;Wang;;;;;;;;;;;;;x
king_female_manchurian;Nuwang;;;;;;;;;;;;;x
kingdom_of_manchurian;Kingdom of;;;;;;;;;;;;;x
duke_manchurian;Gong;;;;;;;;;;;;;x
duke_female_manchurian;Duchess;;;;;;;;;;;;;x
duchy_of_manchurian;Province of;;;;;;;;;;;;;x
count_manchurian;Lord;;;;;;;;;;;;;x
count_female_manchurian;Lady;;;;;;;;;;;;;x
county_of_manchurian;Prefecture of;;;;;;;;;;;;;x
emperor_manchurian;Huangdi;;;;;;;;;;;;;x
emperor_female_manchurian;Huanghou;;;;;;;;;;;;;x
empire_of_manchurian;Empire of;;;;;;;;;;;;;x
baron_manchurian;Councilor;;;;;;;;;;;;;x
baron_female_manchurian;Councilor;;;;;;;;;;;;;x
barony_of_manchurian;District of;;;;;;;;;;;;;x

#Jin
king_jin;Wang;;;;;;;;;;;;;x
king_female_jin;Nuwang;;;;;;;;;;;;;x
kingdom_of_jin;Kingdom of;;;;;;;;;;;;;x
duke_jin;Gong;;;;;;;;;;;;;x
duke_female_jin;Duchess;;;;;;;;;;;;;x
duchy_of_jin;Province of;;;;;;;;;;;;;x
count_jin;Lord;;;;;;;;;;;;;x
count_female_jin;Lady;;;;;;;;;;;;;x
county_of_jin;Prefecture of;;;;;;;;;;;;;x
emperor_jin;Huangdi;;;;;;;;;;;;;x
emperor_female_jin;Huanghou;;;;;;;;;;;;;x
empire_of_jin;Empire of;;;;;;;;;;;;;x
baron_jin;Councilor;;;;;;;;;;;;;x
baron_female_jin;Councilor;;;;;;;;;;;;;x
barony_of_jin;District of;;;;;;;;;;;;;x

#Ji Lu
king_ji_lu;Wang;;;;;;;;;;;;;x
king_female_ji_lu;Nuwang;;;;;;;;;;;;;x
kingdom_of_ji_lu;Kingdom of;;;;;;;;;;;;;x
duke_ji_lu;Gong;;;;;;;;;;;;;x
duke_female_ji_lu;Duchess;;;;;;;;;;;;;x
duchy_of_ji_lu;Province of;;;;;;;;;;;;;x
count_ji_lu;Lord;;;;;;;;;;;;;x
count_female_ji_lu;Lady;;;;;;;;;;;;;x
county_of_ji_lu;Prefecture of;;;;;;;;;;;;;x
emperor_ji_lu;Huangdi;;;;;;;;;;;;;x
emperor_female_ji_lu;Huanghou;;;;;;;;;;;;;x
empire_of_ji_lu;Empire of;;;;;;;;;;;;;x
baron_ji_lu;Councilor;;;;;;;;;;;;;x
baron_female_ji_lu;Councilor;;;;;;;;;;;;;x
barony_of_ji_lu;District of;;;;;;;;;;;;;x

#Jiao Liao
king_jiao_liao;Wang;;;;;;;;;;;;;x
king_female_jiao_liao;Nuwang;;;;;;;;;;;;;x
kingdom_of_jiao_liao;Kingdom of;;;;;;;;;;;;;x
duke_jiao_liao;Gong;;;;;;;;;;;;;x
duke_female_jiao_liao;Duchess;;;;;;;;;;;;;x
duchy_of_jiao_liao;Province of;;;;;;;;;;;;;x
count_jiao_liao;Lord;;;;;;;;;;;;;x
count_female_jiao_liao;Lady;;;;;;;;;;;;;x
county_of_jiao_liao;Prefecture of;;;;;;;;;;;;;x
emperor_jiao_liao;Huangdi;;;;;;;;;;;;;x
emperor_female_jiao_liao;Huanghou;;;;;;;;;;;;;x
empire_of_jiao_liao;Empire of;;;;;;;;;;;;;x
baron_jiao_liao;Councilor;;;;;;;;;;;;;x
baron_female_jiao_liao;Councilor;;;;;;;;;;;;;x
barony_of_jiao_liao;District of;;;;;;;;;;;;;x

#Beijing
king_beijing;Wang;;;;;;;;;;;;;x
king_female_beijing;Nuwang;;;;;;;;;;;;;x
kingdom_of_beijing;Kingdom of;;;;;;;;;;;;;x
duke_beijing;Gong;;;;;;;;;;;;;x
duke_female_beijing;Duchess;;;;;;;;;;;;;x
duchy_of_beijing;Province of;;;;;;;;;;;;;x
count_beijing;Lord;;;;;;;;;;;;;x
count_female_beijing;Lady;;;;;;;;;;;;;x
county_of_beijing;Prefecture of;;;;;;;;;;;;;x
emperor_beijing;Huangdi;;;;;;;;;;;;;x
emperor_female_beijing;Huanghou;;;;;;;;;;;;;x
empire_of_beijing;Empire of;;;;;;;;;;;;;x
baron_beijing;Councilor;;;;;;;;;;;;;x
baron_female_beijing;Councilor;;;;;;;;;;;;;x
barony_of_beijing;District of;;;;;;;;;;;;;x

#Dongbei
king_dongbei;Wang;;;;;;;;;;;;;x
king_female_dongbei;Nuwang;;;;;;;;;;;;;x
kingdom_of_dongbei;Kingdom of;;;;;;;;;;;;;x
duke_dongbei;Gong;;;;;;;;;;;;;x
duke_female_dongbei;Duchess;;;;;;;;;;;;;x
duchy_of_dongbei;Province of;;;;;;;;;;;;;x
count_dongbei;Lord;;;;;;;;;;;;;x
count_female_dongbei;Lady;;;;;;;;;;;;;x
county_of_dongbei;Prefecture of;;;;;;;;;;;;;x
emperor_dongbei;Huangdi;;;;;;;;;;;;;x
emperor_female_dongbei;Huanghou;;;;;;;;;;;;;x
empire_of_dongbei;Empire of;;;;;;;;;;;;;x
baron_dongbei;Councilor;;;;;;;;;;;;;x
baron_female_dongbei;Councilor;;;;;;;;;;;;;x
barony_of_dongbei;District of;;;;;;;;;;;;;x

#Lan Yin
king_lan_yin;Wang;;;;;;;;;;;;;x
king_female_lan_yin;Nuwang;;;;;;;;;;;;;x
kingdom_of_lan_yin;Kingdom of;;;;;;;;;;;;;x
duke_lan_yin;Gong;;;;;;;;;;;;;x
duke_female_lan_yin;Duchess;;;;;;;;;;;;;x
duchy_of_lan_yin;Province of;;;;;;;;;;;;;x
count_lan_yin;Lord;;;;;;;;;;;;;x
count_female_lan_yin;Lady;;;;;;;;;;;;;x
county_of_lan_yin;Prefecture of;;;;;;;;;;;;;x
emperor_lan_yin;Huangdi;;;;;;;;;;;;;x
emperor_female_lan_yin;Huanghou;;;;;;;;;;;;;x
empire_of_lan_yin;Empire of;;;;;;;;;;;;;x
baron_lan_yin;Councilor;;;;;;;;;;;;;x
baron_female_lan_yin;Councilor;;;;;;;;;;;;;x
barony_of_lan_yin;District of;;;;;;;;;;;;;x

#Zhongyang
king_zhongyang;Wang;;;;;;;;;;;;;x
king_female_zhongyang;Nuwang;;;;;;;;;;;;;x
kingdom_of_zhongyang;Kingdom of;;;;;;;;;;;;;x
duke_zhongyang;Gong;;;;;;;;;;;;;x
duke_female_zhongyang;Duchess;;;;;;;;;;;;;x
duchy_of_zhongyang;Province of;;;;;;;;;;;;;x
count_zhongyang;Lord;;;;;;;;;;;;;x
count_female_zhongyang;Lady;;;;;;;;;;;;;x
county_of_zhongyang;Prefecture of;;;;;;;;;;;;;x
emperor_zhongyang;Huangdi;;;;;;;;;;;;;x
emperor_female_zhongyang;Huanghou;;;;;;;;;;;;;x
empire_of_zhongyang;Empire of;;;;;;;;;;;;;x
baron_zhongyang;Councilor;;;;;;;;;;;;;x
baron_female_zhongyang;Councilor;;;;;;;;;;;;;x
barony_of_zhongyang;District of;;;;;;;;;;;;;x

#Jiang Huai
king_jiang_huai;Wang;;;;;;;;;;;;;x
king_female_jiang_huai;Nuwang;;;;;;;;;;;;;x
kingdom_of_jiang_huai;Kingdom of;;;;;;;;;;;;;x
duke_jiang_huai;Gong;;;;;;;;;;;;;x
duke_female_jiang_huai;Duchess;;;;;;;;;;;;;x
duchy_of_jiang_huai;Province of;;;;;;;;;;;;;x
count_jiang_huai;Lord;;;;;;;;;;;;;x
count_female_jiang_huai;Lady;;;;;;;;;;;;;x
county_of_jiang_huai;Prefecture of;;;;;;;;;;;;;x
emperor_jiang_huai;Huangdi;;;;;;;;;;;;;x
emperor_female_jiang_huai;Huanghou;;;;;;;;;;;;;x
empire_of_jiang_huai;Empire of;;;;;;;;;;;;;x
baron_jiang_huai;Councilor;;;;;;;;;;;;;x
baron_female_jiang_huai;Councilor;;;;;;;;;;;;;x
barony_of_jiang_huai;District of;;;;;;;;;;;;;x

#Xinan
king_xinan;Wang;;;;;;;;;;;;;x
king_female_xinan;Nuwang;;;;;;;;;;;;;x
kingdom_of_xinan;Kingdom of;;;;;;;;;;;;;x
duke_xinan;Gong;;;;;;;;;;;;;x
duke_female_xinan;Duchess;;;;;;;;;;;;;x
duchy_of_xinan;Province of;;;;;;;;;;;;;x
count_xinan;Lord;;;;;;;;;;;;;x
count_female_xinan;Lady;;;;;;;;;;;;;x
county_of_xinan;Prefecture of;;;;;;;;;;;;;x
emperor_xinan;Huangdi;;;;;;;;;;;;;x
emperor_female_xinan;Huanghou;;;;;;;;;;;;;x
empire_of_xinan;Empire of;;;;;;;;;;;;;x
baron_xinan;Councilor;;;;;;;;;;;;;x
baron_female_xinan;Councilor;;;;;;;;;;;;;x
barony_of_xinan;District of;;;;;;;;;;;;;x

#Taiwanese
king_taiwanese;Wang;;;;;;;;;;;;;x
king_female_taiwanese;Nuwang;;;;;;;;;;;;;x
kingdom_of_taiwanese;Kingdom of;;;;;;;;;;;;;x
duke_taiwanese;Gong;;;;;;;;;;;;;x
duke_female_taiwanese;Duchess;;;;;;;;;;;;;x
duchy_of_taiwanese;Province of;;;;;;;;;;;;;x
count_taiwanese;Lord;;;;;;;;;;;;;x
count_female_taiwanese;Lady;;;;;;;;;;;;;x
county_of_taiwanese;Prefecture of;;;;;;;;;;;;;x
emperor_taiwanese;Huangdi;;;;;;;;;;;;;x
emperor_female_taiwanese;Huanghou;;;;;;;;;;;;;x
empire_of_taiwanese;Empire of;;;;;;;;;;;;;x
baron_taiwanese;Councilor;;;;;;;;;;;;;x
baron_female_taiwanese;Councilor;;;;;;;;;;;;;x
barony_of_taiwanese;District of;;;;;;;;;;;;;x

#Chungyangren
king_chungyangren;Wang;;;;;;;;;;;;;x
king_female_chungyangren;Nuwang;;;;;;;;;;;;;x
kingdom_of_chungyangren;Kingdom of;;;;;;;;;;;;;x
duke_chungyangren;Gong;;;;;;;;;;;;;x
duke_female_chungyangren;Duchess;;;;;;;;;;;;;x
duchy_of_chungyangren;Province of;;;;;;;;;;;;;x
count_chungyangren;Lord;;;;;;;;;;;;;x
count_female_chungyangren;Lady;;;;;;;;;;;;;x
county_of_chungyangren;Prefecture of;;;;;;;;;;;;;x
emperor_chungyangren;Huangdi;;;;;;;;;;;;;x
emperor_female_chungyangren;Huanghou;;;;;;;;;;;;;x
empire_of_chungyangren;Empire of;;;;;;;;;;;;;x
baron_chungyangren;Councilor;;;;;;;;;;;;;x
baron_female_chungyangren;Councilor;;;;;;;;;;;;;x
barony_of_chungyangren;District of;;;;;;;;;;;;;x

#Lue or Dai
empire_of_lue;Phen-Din;;;;;;;;;;;;;x
emperor_lue;Cao Phaendin;;;;;;;;;;;;;x
emperor_female_lue;Cao Fa Ying;;;;;;;;;;;;;x
kingdom_of_lue;Principality of;;;;;;;;;;;;;x
king_lue;Chau Fa;;;;;;;;;;;;;x
king_female_lue;Cao Fa;;;;;;;;;;;;;x
duchy_of_lue;Muoang;;;;;;;;;;;;;x
duke_lue;Cao Muong;;;;;;;;;;;;;x
duke_female_lue;Cao Nang;;;;;;;;;;;;;x
count_lue;Tao;;;;;;;;;;;;;x
count_female_lue;Tao;;;;;;;;;;;;;x

#Nisu or Yi
king_nisu;Wang;;;;;;;;;;;;;x
king_female_nisu;Nuwang;;;;;;;;;;;;;x
kingdom_of_nisu;Kingdom of;;;;;;;;;;;;;x
duke_nisu;Gong;;;;;;;;;;;;;x
duke_female_nisu;Duchess;;;;;;;;;;;;;x
duchy_of_nisu;Province of;;;;;;;;;;;;;x
count_nisu;Tusi;;;;;;;;;;;;;x
count_female_nisu;Lady;;;;;;;;;;;;;x
county_of_nisu;Prefecture of;;;;;;;;;;;;;x
emperor_nisu;Huangdi;;;;;;;;;;;;;x
emperor_female_nisu;Huanghou;;;;;;;;;;;;;x
empire_of_nisu;Empire of;;;;;;;;;;;;;x
baron_nisu;Councilor;;;;;;;;;;;;;x
baron_female_nisu;Councilor;;;;;;;;;;;;;x
barony_of_nisu;District of;;;;;;;;;;;;;x

#Bali-Sumbawan
baron_bali_sumbawa;Sunan;;;;;;;;;;;;;x
baron_female_bali_sumbawa;Sunan;;;;;;;;;;;;;x
baron_title_ruler_consort_bali_sumbawa;Sunan;;;;;;;;;;;;;x
baron_title_ruler_consort_female_bali_sumbawa;Sunan;;;;;;;;;;;;;x
count_bali_sumbawa;Adipati;;;;;;;;;;;;;x
count_female_bali_sumbawa;Adipati;;;;;;;;;;;;;x
count_title_ruler_consort_bali_sumbawa;Adipat;;;;;;;;;;;;;x
count_title_ruler_consort_female_bali_sumbawa;Adipat;;;;;;;;;;;;;x
duke_bali_sumbawa;Raden;;;;;;;;;;;;;x
duke_female_bali_sumbawa;Radu;;;;;;;;;;;;;x
duke_title_ruler_consort_bali_sumbawa;Raden;;;;;;;;;;;;;x
duke_title_ruler_consort_female_bali_sumbawa;Radu;;;;;;;;;;;;;x
king_bali_sumbawa;Sultan;;;;;;;;;;;;;x
king_female_bali_sumbawa;Sultanah;;;;;;;;;;;;;x
title_ruler_consort_bali_sumbawa;Sultan;;;;;;;;;;;;;x
title_ruler_consort_female_bali_sumbawa;Sultanah;;;;;;;;;;;;;x
emperor_bali_sumbawa;Maharaja;;;;;;;;;;;;;x
emperor_female_bali_sumbawa;Maharani;;;;;;;;;;;;;x
emperor_title_ruler_consort_bali_sumbawa;Sultan;;;;;;;;;;;;;x
emperor_title_ruler_consort_female_bali_sumbawa;Maharadu;;;;;;;;;;;;;x
title_prince_bali_sumbawa;Pangeran;;;;;;;;;;;;;x
title_prince_female_bali_sumbawa;Putri;;;;;;;;;;;;;x
barony_bali_sumbawa;Kota;;;;;;;;;;;;;x
barony_of_bali_sumbawa;Kota;;;;;;;;;;;;;x
county_bali_sumbawa;Daerah;;;;;;;;;;;;;x
county_of_bali_sumbawa;Daerah;;;;;;;;;;;;;x
duchy_bali;Rajyam;;;;;;;;;;;;;x
kingdom_bali;Maharajyam;;;;;;;;;;;;;x
kingdom_of_bali_sumbawa;Maharajyam;;;;;;;;;;;;;x
empire_bali_sumbawa;Samrajyam;;;;;;;;;;;;;x
empire_of_bali;Samrajyam;;;;;;;;;;;;;x
city_baron_bali_sumbawa;Datuk;;;;;;;;;;;;;x
city_barony_bali_sumbawa;Datuk;;;;;;;;;;;;;x
city_barony_of_bali_sumbawa;Datuk;;;;;;;;;;;;;x

#Bandanic
baron_bandanic;Sunan;;;;;;;;;;;;;x
baron_female_bandanic;Sunan;;;;;;;;;;;;;x
baron_title_ruler_consort_bandanic;Sunan;;;;;;;;;;;;;x
baron_title_ruler_consort_female_bandanic;Sunan;;;;;;;;;;;;;x
count_bandanic;Adipati;;;;;;;;;;;;;x
count_female_bandanic;Adipati;;;;;;;;;;;;;x
count_title_ruler_consort_bandanic;Adipat;;;;;;;;;;;;;x
count_title_ruler_consort_female_bandanic;Adipat;;;;;;;;;;;;;x
duke_bandanic;Raden;;;;;;;;;;;;;x
duke_female_bandanic;Radu;;;;;;;;;;;;;x
duke_title_ruler_consort_bandanic;Raden;;;;;;;;;;;;;x
duke_title_ruler_consort_female_bandanic;Radu;;;;;;;;;;;;;x
king_bandanic;Sultan;;;;;;;;;;;;;x
king_female_bandanic;Sultanah;;;;;;;;;;;;;x
title_ruler_consort_bandanic;Sultan;;;;;;;;;;;;;x
title_ruler_consort_female_bandanic;Sultanah;;;;;;;;;;;;;x
emperor_bandanic;Maharaja;;;;;;;;;;;;;x
emperor_female_bandanic;Maharani;;;;;;;;;;;;;x
emperor_title_ruler_consort_bandanic;Sultan;;;;;;;;;;;;;x
emperor_title_ruler_consort_female_bandanic;Maharadu;;;;;;;;;;;;;x
title_prince_bandanic;Pangeran;;;;;;;;;;;;;x
title_prince_female_bandanic;Putri;;;;;;;;;;;;;x
barony_bandanic;Kota;;;;;;;;;;;;;x
barony_of_bandanic;Kota;;;;;;;;;;;;;x
county_bandanic;Daerah;;;;;;;;;;;;;x
county_of_bandanic;Daerah;;;;;;;;;;;;;x
duchy_bali;Rajyam;;;;;;;;;;;;;x
kingdom_bali;Maharajyam;;;;;;;;;;;;;x
kingdom_of_bandanic;Maharajyam;;;;;;;;;;;;;x
empire_bandanic;Samrajyam;;;;;;;;;;;;;x
empire_of_bali;Samrajyam;;;;;;;;;;;;;x
city_baron_bandanic;Datuk;;;;;;;;;;;;;x
city_barony_bandanic;Datuk;;;;;;;;;;;;;x
city_barony_of_bandanic;Datuk;;;;;;;;;;;;;x
##Pancasila
job_chancellor_pancasila;Minister of Relations;;;;;;;;;;;;;x
job_treasurer_pancasila;Finance Councilor;;;;;;;;;;;;;x
job_marshal_pancasila;Defense Councilor;;;;;;;;;;;;;x
job_spymaster_pancasila;Minister of Information;;;;;;;;;;;;;x
job_spiritual_pancasila;Speaker;;;;;;;;;;;;;x

baron_pancasila;Lurah;;;;;;;;;;;;;x
baron_female_pancasila;Lurah;;;;;;;;;;;;;x
count_pancasila;Mantri;;;;;;;;;;;;;x
count_female_pancasila;Mantri;;;;;;;;;;;;;x
duke_pancasila;Bupati;;;;;;;;;;;;;x
duke_female_pancasila;Bupati;;;;;;;;;;;;;x
king_pancasila;Gubernur;;;;;;;;;;;;;x
king_female_pancasila;Gubernur;;;;;;;;;;;;;x
emperor_pancasila;Koordinator;;;;;;;;;;;;;x
emperor_female_pancasila;Koordinator;;;;;;;;;;;;;x
;;;;;;;;;;;;;;

#Gyeonggi
king_gyeonggi;Wang;;;;;;;;;;;;;x
king_female_gyeonggi;Yeowang;;;;;;;;;;;;;x
kingdom_of_gyeonggi;Kingdom of;;;;;;;;;;;;;x
duke_gyeonggi;Governor;;;;;;;;;;;;;x
duke_female_gyeonggi;Governor;;;;;;;;;;;;;x
duchy_of_gyeonggi;Province of;;;;;;;;;;;;;x
count_gyeonggi;Lord;;;;;;;;;;;;;x
count_female_gyeonggi;Lady;;;;;;;;;;;;;x
county_of_gyeonggi;County of;;;;;;;;;;;;;x
emperor_gyeonggi;Hwangje;;;;;;;;;;;;;x
emperor_female_gyeonggi;Hwanghu;;;;;;;;;;;;;x
empire_of_gyeonggi;Empire of;;;;;;;;;;;;;x
baron_gyeonggi;Magistrate;;;;;;;;;;;;;x
baron_female_gyeonggi;Magistrate;;;;;;;;;;;;;x
barony_of_gyeonggi;District of;;;;;;;;;;;;;x

#Gyeongsang
king_gyeongsang;Wang;;;;;;;;;;;;;x
king_female_gyeongsang;Yeowang;;;;;;;;;;;;;x
kingdom_of_gyeongsang;Kingdom of;;;;;;;;;;;;;x
duke_gyeongsang;Governor;;;;;;;;;;;;;x
duke_female_gyeongsang;Governor;;;;;;;;;;;;;x
duchy_of_gyeongsang;Province of;;;;;;;;;;;;;x
count_gyeongsang;Lord;;;;;;;;;;;;;x
count_female_gyeongsang;Lady;;;;;;;;;;;;;x
county_of_gyeongsang;County of;;;;;;;;;;;;;x
emperor_gyeongsang;Hwangje;;;;;;;;;;;;;x
emperor_female_gyeongsang;Hwanghu;;;;;;;;;;;;;x
empire_of_gyeongsang;Empire of;;;;;;;;;;;;;x
baron_gyeongsang;Magistrate;;;;;;;;;;;;;x
baron_female_gyeongsang;Magistrate;;;;;;;;;;;;;x
barony_of_gyeongsang;District of;;;;;;;;;;;;;x

#Jeolla
king_jeolla;Wang;;;;;;;;;;;;;x
king_female_jeolla;Yeowang;;;;;;;;;;;;;x
kingdom_of_jeolla;Kingdom of;;;;;;;;;;;;;x
duke_jeolla;Governor;;;;;;;;;;;;;x
duke_female_jeolla;Governor;;;;;;;;;;;;;x
duchy_of_jeolla;Province of;;;;;;;;;;;;;x
count_jeolla;Lord;;;;;;;;;;;;;x
count_female_jeolla;Lady;;;;;;;;;;;;;x
county_of_jeolla;County of;;;;;;;;;;;;;x
emperor_jeolla;Hwangje;;;;;;;;;;;;;x
emperor_female_jeolla;Hwanghu;;;;;;;;;;;;;x
empire_of_jeolla;Empire of;;;;;;;;;;;;;x
baron_jeolla;Magistrate;;;;;;;;;;;;;x
baron_female_jeolla;Magistrate;;;;;;;;;;;;;x
barony_of_jeolla;District of;;;;;;;;;;;;;x

#Jeju
king_jeju;Wang;;;;;;;;;;;;;x
king_female_jeju;Yeowang;;;;;;;;;;;;;x
kingdom_of_jeju;Kingdom of;;;;;;;;;;;;;x
duke_jeju;Governor;;;;;;;;;;;;;x
duke_female_jeju;Governor;;;;;;;;;;;;;x
duchy_of_jeju;Province of;;;;;;;;;;;;;x
count_jeju;Lord;;;;;;;;;;;;;x
count_female_jeju;Lady;;;;;;;;;;;;;x
county_of_jeju;County of;;;;;;;;;;;;;x
emperor_jeju;Hwangje;;;;;;;;;;;;;x
emperor_female_jeju;Hwanghu;;;;;;;;;;;;;x
empire_of_jeju;Empire of;;;;;;;;;;;;;x
baron_jeju;Magistrate;;;;;;;;;;;;;x
baron_female_jeju;Magistrate;;;;;;;;;;;;;x
barony_of_jeju;District of;;;;;;;;;;;;;x

#Yanbian
king_yanbian;Wang;;;;;;;;;;;;;x
king_female_yanbian;Yeowang;;;;;;;;;;;;;x
kingdom_of_yanbian;Kingdom of;;;;;;;;;;;;;x
duke_yanbian;Gong;;;;;;;;;;;;;x
duke_female_yanbian;Duchess;;;;;;;;;;;;;x
duchy_of_yanbian;Province of;;;;;;;;;;;;;x
count_yanbian;Lord;;;;;;;;;;;;;x
count_female_yanbian;Lady;;;;;;;;;;;;;x
county_of_yanbian;Prefecture of;;;;;;;;;;;;;x
emperor_yanbian;Hwangje;;;;;;;;;;;;;x
emperor_female_yanbian;Hwanghu;;;;;;;;;;;;;x
empire_of_yanbian;Empire of;;;;;;;;;;;;;x
baron_yanbian;Councilor;;;;;;;;;;;;;x
baron_female_yanbian;Councilor;;;;;;;;;;;;;x
barony_of_yanbian;District of;;;;;;;;;;;;;x

#Yukchin
king_yukchin;Wang;;;;;;;;;;;;;x
king_female_yukchin;Yeowang;;;;;;;;;;;;;x
kingdom_of_yukchin;Kingdom of;;;;;;;;;;;;;x
duke_yukchin;Governor;;;;;;;;;;;;;x
duke_female_yukchin;Governor;;;;;;;;;;;;;x
duchy_of_yukchin;Province of;;;;;;;;;;;;;x
count_yukchin;Lord;;;;;;;;;;;;;x
count_female_yukchin;Lady;;;;;;;;;;;;;x
county_of_yukchin;County of;;;;;;;;;;;;;x
emperor_yukchin;Hwangje;;;;;;;;;;;;;x
emperor_female_yukchin;Hwanghu;;;;;;;;;;;;;x
empire_of_yukchin;Empire of;;;;;;;;;;;;;x
baron_yukchin;Magistrate;;;;;;;;;;;;;x
baron_female_yukchin;Magistrate;;;;;;;;;;;;;x
barony_of_yukchin;District of;;;;;;;;;;;;;x

#Hamgyong
king_hamgyong;Wang;;;;;;;;;;;;;x
king_female_hamgyong;Yeowang;;;;;;;;;;;;;x
kingdom_of_hamgyong;Kingdom of;;;;;;;;;;;;;x
duke_hamgyong;Governor;;;;;;;;;;;;;x
duke_female_hamgyong;Governor;;;;;;;;;;;;;x
duchy_of_hamgyong;Province of;;;;;;;;;;;;;x
count_hamgyong;Lord;;;;;;;;;;;;;x
count_female_hamgyong;Lady;;;;;;;;;;;;;x
county_of_hamgyong;County of;;;;;;;;;;;;;x
emperor_hamgyong;Hwangje;;;;;;;;;;;;;x
emperor_female_hamgyong;Hwanghu;;;;;;;;;;;;;x
empire_of_hamgyong;Empire of;;;;;;;;;;;;;x
baron_hamgyong;Magistrate;;;;;;;;;;;;;x
baron_female_hamgyong;Magistrate;;;;;;;;;;;;;x
barony_of_hamgyong;District of;;;;;;;;;;;;;x

#Pyongyan
king_pyongyan;Wang;;;;;;;;;;;;;x
king_female_pyongyan;Yeowang;;;;;;;;;;;;;x
kingdom_of_pyongyan;Kingdom of;;;;;;;;;;;;;x
duke_pyongyan;Governor;;;;;;;;;;;;;x
duke_female_pyongyan;Governor;;;;;;;;;;;;;x
duchy_of_pyongyan;Province of;;;;;;;;;;;;;x
count_pyongyan;Lord;;;;;;;;;;;;;x
count_female_pyongyan;Lady;;;;;;;;;;;;;x
county_of_pyongyan;County of;;;;;;;;;;;;;x
emperor_pyongyan;Hwangje;;;;;;;;;;;;;x
emperor_female_pyongyan;Hwanghu;;;;;;;;;;;;;x
empire_of_pyongyan;Empire of;;;;;;;;;;;;;x
baron_pyongyan;Magistrate;;;;;;;;;;;;;x
baron_female_pyongyan;Magistrate;;;;;;;;;;;;;x
barony_of_pyongyan;District of;;;;;;;;;;;;;x

#Juche temple loc
temple_barony_of_juche;Temple of;;;;;;;;;;;;;x
temple_baron_juche;Secretary;;;;;;;;;;;;;x
temple_baron_female_juche;Secretary;;;;;;;;;;;;;x
temple_county_of_juche;Grand Temple of;;;;;;;;;;;;;x
temple_count_juche;Representative;;;;;;;;;;;;;x
temple_count_female_juche;Representative;;;;;;;;;;;;;x
temple_duchy_of_juche;Provincial Temple of;;;;;;;;;;;;;x
temple_duke_juche;Provincial Chairman;;;;;;;;;;;;;x
temple_duke_female_juche;Provincial Chairman;;;;;;;;;;;;;x
temple_kingdom_of_juche;Grand Council of;;;;;;;;;;;;;x
temple_king_juche;Grand Councilor;;;;;;;;;;;;;x
temple_king_female_juche;Grand Councilor;;;;;;;;;;;;;x
;;;;;;;;;;;;;;

#Shindo temple loc
temple_barony_of_shindo;Shrine of;;;;;;;;;;;;;x
temple_baron_shindo;Mudang;;;;;;;;;;;;;x
temple_baron_female_shindo;Mudang;;;;;;;;;;;;;x
temple_county_of_shindo;Provincial Shrine of;;;;;;;;;;;;;x
temple_count_shindo;Emboldened Mudang;;;;;;;;;;;;;x
temple_count_female_shindo;Emboldened Mudang;;;;;;;;;;;;;x
temple_duchy_of_shindo;Regional Shrine of;;;;;;;;;;;;;x
temple_duke_shindo;Great Mudang;;;;;;;;;;;;;x
temple_duke_female_shindo;Great Mudang;;;;;;;;;;;;;x
temple_kingdom_of_shindo;Spiritual State of;;;;;;;;;;;;;x
temple_king_shindo;Exalted Mudang;;;;;;;;;;;;;x
temple_king_female_shindo;Exalted Mudang;;;;;;;;;;;;;x
;;;;;;;;;;;;;;

#Reformed Shindo temple loc
temple_barony_of_shindo_reformed;Shrine of;;;;;;;;;;;;;x
temple_baron_shindo_reformed;Mudang;;;;;;;;;;;;;x
temple_baron_female_shindo_reformed;Mudang;;;;;;;;;;;;;x
temple_county_of_shindo_reformed;Provincial Shrine of;;;;;;;;;;;;;x
temple_count_shindo_reformed;Emboldened Mudang;;;;;;;;;;;;;x
temple_count_female_shindo_reformed;Emboldened Mudang;;;;;;;;;;;;;x
temple_duchy_of_shindo_reformed;Regional Shrine of;;;;;;;;;;;;;x
temple_duke_shindo_reformed;Great Mudang;;;;;;;;;;;;;x
temple_duke_female_shindo_reformed;Great Mudang;;;;;;;;;;;;;x
temple_kingdom_of_shindo_reformed;Spiritual State of;;;;;;;;;;;;;x
temple_king_shindo_reformed;Exalted Mudang;;;;;;;;;;;;;x
temple_king_female_shindo_reformed;Exalted Mudang;;;;;;;;;;;;;x
;;;;;;;;;;;;;;

#Oroqen
king_oroqen;Khan;;;;;;;;;;;;;x
king_female_oroqen;Queen;;;;;;;;;;;;;x
kingdom_of_oroqen;Khanate of;;;;;;;;;;;;;x
duke_oroqen;Gong;;;;;;;;;;;;;x
duke_female_oroqen;Duchess;;;;;;;;;;;;;x
duchy_of_oroqen;Governorship of;;;;;;;;;;;;;x
count_oroqen;Lord;;;;;;;;;;;;;x
count_female_oroqen;Lady;;;;;;;;;;;;;x
county_of_oroqen;Lordship of;;;;;;;;;;;;;x
emperor_oroqen;Khagan;;;;;;;;;;;;;x
emperor_female_oroqen;Empress;;;;;;;;;;;;;x
empire_of_oroqen;Khaganate of;;;;;;;;;;;;;x
baron_oroqen;Chieftain;;;;;;;;;;;;;x
baron_female_oroqen;Chieftess;;;;;;;;;;;;;x
barony_of_oroqen;Chiefdom of;;;;;;;;;;;;;x

#Mongrzzirhof
king_mongrzzirhof;Wang;;;;;;;;;;;;;x
king_female_mongrzzirhof;Nuwang;;;;;;;;;;;;;x
kingdom_of_mongrzzirhof;Kingdom of;;;;;;;;;;;;;x
duke_mongrzzirhof;Gong;;;;;;;;;;;;;x
duke_female_mongrzzirhof;Duchess;;;;;;;;;;;;;x
duchy_of_mongrzzirhof;Province of;;;;;;;;;;;;;x
count_mongrzzirhof;Lord;;;;;;;;;;;;;x
count_female_mongrzzirhof;Lady;;;;;;;;;;;;;x
county_of_mongrzzirhof;Prefecture of;;;;;;;;;;;;;x
emperor_mongrzzirhof;Huangdi;;;;;;;;;;;;;x
emperor_female_mongrzzirhof;Huanghou;;;;;;;;;;;;;x
empire_of_mongrzzirhof;Empire of;;;;;;;;;;;;;x
baron_mongrzzirhof;Councilor;;;;;;;;;;;;;x
baron_female_mongrzzirhof;Councilor;;;;;;;;;;;;;x
barony_of_mongrzzirhof;District of;;;;;;;;;;;;;x

#Legalist temple loc
temple_barony_of_legalist;Courthouse of;;;;;;;;;;;;;x
temple_baron_legalist;Magistrate;;;;;;;;;;;;;x
temple_baron_female_legalist;Magistrate;;;;;;;;;;;;;x
temple_county_of_legalist;Grand Courthouse of;;;;;;;;;;;;;x
temple_count_legalist;Head Magistrate;;;;;;;;;;;;;x
temple_count_female_legalist;Head Magistrate;;;;;;;;;;;;;x
temple_duchy_of_legalist;District of;;;;;;;;;;;;;x
temple_duke_legalist;Jurist;;;;;;;;;;;;;x
temple_duke_female_legalist;Jurist;;;;;;;;;;;;;x
temple_kingdom_of_legalist;State of;;;;;;;;;;;;;x
temple_king_legalist;Statesman;;;;;;;;;;;;;x
temple_king_female_legalist;Stateswoman;;;;;;;;;;;;;x
;;;;;;;;;;;;;;

#Nuosu or Yi
king_nuosu;Wang;;;;;;;;;;;;;x
king_female_nuosu;Nuwang;;;;;;;;;;;;;x
kingdom_of_nuosu;Kingdom of;;;;;;;;;;;;;x
duke_nuosu;Gong;;;;;;;;;;;;;x
duke_female_nuosu;Duchess;;;;;;;;;;;;;x
duchy_of_nuosu;Province of;;;;;;;;;;;;;x
count_nuosu;Lord;;;;;;;;;;;;;x
count_female_nuosu;Lady;;;;;;;;;;;;;x
county_of_nuosu;Prefecture of;;;;;;;;;;;;;x
emperor_nuosu;Huangdi;;;;;;;;;;;;;x
emperor_female_nuosu;Huanghou;;;;;;;;;;;;;x
empire_of_nuosu;Empire of;;;;;;;;;;;;;x
baron_nuosu;Councilor;;;;;;;;;;;;;x
baron_female_nuosu;Councilor;;;;;;;;;;;;;x
barony_of_nuosu;District of;;;;;;;;;;;;;x

#Nisu
king_nisu;Wang;;;;;;;;;;;;;x
king_female_nisu;Nuwang;;;;;;;;;;;;;x
kingdom_of_nisu;Kingdom of;;;;;;;;;;;;;x
duke_nisu;Gong;;;;;;;;;;;;;x
duke_female_nisu;Duchess;;;;;;;;;;;;;x
duchy_of_nisu;Province of;;;;;;;;;;;;;x
count_nisu;Lord;;;;;;;;;;;;;x
count_female_nisu;Lady;;;;;;;;;;;;;x
county_of_nisu;Prefecture of;;;;;;;;;;;;;x
emperor_nisu;Huangdi;;;;;;;;;;;;;x
emperor_female_nisu;Huanghou;;;;;;;;;;;;;x
empire_of_nisu;Empire of;;;;;;;;;;;;;x
baron_nisu;Councilor;;;;;;;;;;;;;x
baron_female_nisu;Councilor;;;;;;;;;;;;;x
barony_of_nisu;District of;;;;;;;;;;;;;x

#White Lotus temple loc
temple_barony_of_white_lotus;Temple of;;;;;;;;;;;;;x
temple_baron_white_lotus;Priest;;;;;;;;;;;;;x
temple_baron_female_white_lotus;Priestess;;;;;;;;;;;;;x
temple_county_of_white_lotus;Grand Temple of;;;;;;;;;;;;;x
temple_count_white_lotus;Grand Priest;;;;;;;;;;;;;x
temple_count_female_white_lotus;Grand Priestess;;;;;;;;;;;;;x
temple_duchy_of_white_lotus;Repentant Society of;;;;;;;;;;;;;x
temple_duke_white_lotus;Exalted Priest;;;;;;;;;;;;;x
temple_duke_female_white_lotus;Exalted Priestess;;;;;;;;;;;;;x
temple_kingdom_of_white_lotus;Bright Kingdom of;;;;;;;;;;;;;x
temple_king_white_lotus;King of Heaven;;;;;;;;;;;;;x
temple_king_female_white_lotus;Queen of Heaven;;;;;;;;;;;;;x
;;;;;;;;;;;;;;

#Wuist temple loc
temple_barony_of_wuist;Shrine of;;;;;;;;;;;;;x
temple_baron_wuist;Wu;;;;;;;;;;;;;x
temple_baron_female_wuist;Wu;;;;;;;;;;;;;x
temple_county_of_wuist;Grand Shrine of;;;;;;;;;;;;;x
temple_count_wuist;Tongji;;;;;;;;;;;;;x
temple_count_female_wuist;Tongji;;;;;;;;;;;;;x
temple_duchy_of_wuist;Divine Realm of;;;;;;;;;;;;;x
temple_duke_wuist;Diviner;;;;;;;;;;;;;x
temple_duke_female_wuist;Diviner;;;;;;;;;;;;;x
temple_kingdom_of_wuist;Divine Kingdom of;;;;;;;;;;;;;x
temple_king_wuist;Enlightened Diviner;;;;;;;;;;;;;x
temple_king_female_wuist;Enlightened Diviner;;;;;;;;;;;;;x
;;;;;;;;;;;;;;

#Wuxia temple loc
temple_barony_of_wuxia;Monastery of;;;;;;;;;;;;;x
temple_baron_wuxia;Follower;;;;;;;;;;;;;x
temple_baron_female_wuxia;Follower;;;;;;;;;;;;;x
temple_county_of_wuxia;Temple of;;;;;;;;;;;;;x
temple_count_wuxia;Apprentice;;;;;;;;;;;;;x
temple_count_female_wuxia;Apprentice;;;;;;;;;;;;;x
temple_duchy_of_wuxia;Grand Temple of;;;;;;;;;;;;;x
temple_duke_wuxia;Master;;;;;;;;;;;;;x
temple_duke_female_wuxia;Master;;;;;;;;;;;;;x
temple_kingdom_of_wuxia;Shaolin Realm of;;;;;;;;;;;;;x
temple_king_wuxia;Grand Master;;;;;;;;;;;;;x
temple_king_female_wuxia;Grand Master;;;;;;;;;;;;;x
;;;;;;;;;;;;;;

#Taoist temple loc
temple_barony_of_taoist;Temple of;;;;;;;;;;;;;x
temple_baron_taoist;Daoshi;;;;;;;;;;;;;x
temple_baron_female_taoist;Daoshi;;;;;;;;;;;;;x
temple_county_of_taoist;Grand Temple of;;;;;;;;;;;;;x
temple_count_taoist;Daozhang;;;;;;;;;;;;;x
temple_count_female_taoist;Daozhang;;;;;;;;;;;;;x
temple_duchy_of_taoist;Grand Temple of;;;;;;;;;;;;;x
temple_duke_taoist;Zhenren;;;;;;;;;;;;;x
temple_duke_female_taoist;Zhenren;;;;;;;;;;;;;x
temple_kingdom_of_taoist;Celestial Kingdom of;;;;;;;;;;;;;x
temple_king_taoist;Celestial Master;;;;;;;;;;;;;x
temple_king_female_taoist;Celestial Master;;;;;;;;;;;;;x
;;;;;;;;;;;;;;

#Sino Sibetan loc
king_sinoshan;Wang;;;;;;;;;;;;;x
king_female_sinoshan;Nuwang;;;;;;;;;;;;;x
kingdom_of_sinoshan;Kingdom of;;;;;;;;;;;;;x
duke_sinoshan;Gong;;;;;;;;;;;;;x
duke_female_sinoshan;Duchess;;;;;;;;;;;;;x
duchy_of_sinoshan;Province of;;;;;;;;;;;;;x
count_sinoshan;Lord;;;;;;;;;;;;;x
count_female_sinoshan;Lady;;;;;;;;;;;;;x
county_of_sinoshan;Prefecture of;;;;;;;;;;;;;x
emperor_sinoshan;Huangdi;;;;;;;;;;;;;x
emperor_female_sinoshan;Huanghou;;;;;;;;;;;;;x
empire_of_sinoshan;Empire of;;;;;;;;;;;;;x
baron_sinoshan;Councilor;;;;;;;;;;;;;x
baron_female_sinoshan;Councilor;;;;;;;;;;;;;x
barony_of_sinoshan;District of;;;;;;;;;;;;;x

#Neon Cult temple loc
temple_barony_of_neoncult;Temple of;;;;;;;;;;;;;x
temple_baron_neoncult;Priest;;;;;;;;;;;;;x
temple_baron_female_neoncult;Priestess;;;;;;;;;;;;;x
temple_county_of_neoncult;Glowing Temple of;;;;;;;;;;;;;x
temple_count_neoncult;Glowing Priest;;;;;;;;;;;;;x
temple_count_female_neoncult;Glowing Priestess;;;;;;;;;;;;;x
temple_duchy_of_neoncult;Luminous Temple of;;;;;;;;;;;;;x
temple_duke_neoncult;Shining Priest;;;;;;;;;;;;;x
temple_duke_female_neoncult;Shining Priestess;;;;;;;;;;;;;x
temple_kingdom_of_neoncult;Neon Realm of;;;;;;;;;;;;;x
temple_king_neoncult;Neon Priest;;;;;;;;;;;;;x
temple_king_female_neoncult;Neon Priestess;;;;;;;;;;;;;x

#Neon Cult reformed temple loc
temple_barony_of_neoncult_reformed;Temple of;;;;;;;;;;;;;x
temple_baron_neoncult_reformed;Priest;;;;;;;;;;;;;x
temple_baron_female_neoncult_reformed;Priestess;;;;;;;;;;;;;x
temple_county_of_neoncult_reformed;Glowing Temple of;;;;;;;;;;;;;x
temple_count_neoncult_reformed;Glowing Priest;;;;;;;;;;;;;x
temple_count_female_neoncult_reformed;Glowing Priestess;;;;;;;;;;;;;x
temple_duchy_of_neoncult_reformed;Luminous Temple of;;;;;;;;;;;;;x
temple_duke_neoncult_reformed;Shining Priest;;;;;;;;;;;;;x
temple_duke_female_neoncult_reformed;Shining Priestess;;;;;;;;;;;;;x
temple_kingdom_of_neoncult_reformed;Neon Realm of;;;;;;;;;;;;;x
temple_king_neoncult_reformed;Neon Priest;;;;;;;;;;;;;x
temple_king_female_neoncult_reformed;Neon Priestess;;;;;;;;;;;;;x

#Shinko temple loc
temple_barony_of_shinko;Shrine of;;;;;;;;;;;;;x
temple_baron_shinko;Priest;;;;;;;;;;;;;x
temple_baron_female_shinko;Noro;;;;;;;;;;;;;x
temple_county_of_shinko;Grand Shrine of;;;;;;;;;;;;;x
temple_count_shinko;Grand Priest;;;;;;;;;;;;;x
temple_count_female_shinko;Grand Noro;;;;;;;;;;;;;x
temple_duchy_of_shinko;Blessed Shrine of;;;;;;;;;;;;;x
temple_duke_shinko;Master of Ceremonies;;;;;;;;;;;;;x
temple_duke_female_shinko;Master of Ceremonies;;;;;;;;;;;;;x
temple_kingdom_of_shinko;Shinko State of;;;;;;;;;;;;;x
temple_king_shinko;Priest King;;;;;;;;;;;;;x
temple_king_female_shinko;Noro Queen;;;;;;;;;;;;;x

#Tridemism temple loc
temple_barony_of_tridemism;Azure Shrine of;;;;;;;;;;;;;x
temple_baron_tridemism;Priest;;;;;;;;;;;;;x
temple_baron_female_tridemism;Priestess;;;;;;;;;;;;;x
temple_county_of_tridemism;Cerulean Shrine of;;;;;;;;;;;;;x
temple_count_tridemism;Grand Priest;;;;;;;;;;;;;x
temple_count_female_tridemism;Grand Priestess;;;;;;;;;;;;;x
temple_duchy_of_tridemism;Indigo Shrine of;;;;;;;;;;;;;x
temple_duke_tridemism;Master of Ceremonies;;;;;;;;;;;;;x
temple_duke_female_tridemism;Master of Ceremonies;;;;;;;;;;;;;x
temple_kingdom_of_tridemism;Sapphire State of;;;;;;;;;;;;;x
temple_king_tridemism;Sapphire Priest King;;;;;;;;;;;;;x
temple_king_female_tridemism;Sapphire Priest Queen;;;;;;;;;;;;;x

#Syafi temple loc
temple_barony_of_syafi;Mosque of;;;;;;;;;;;;;x
temple_baron_syafi;Imam;;;;;;;;;;;;;x
temple_county_of_syafi;Grand Mosque of;;;;;;;;;;;;;x
temple_count_syafi;Mufti;;;;;;;;;;;;;x
temple_duchy_of_syafi;Imamate of;;;;;;;;;;;;;x
temple_duke_syafi;Grand Imam;;;;;;;;;;;;;x
temple_kingdom_of_syafi;Muftiate of;;;;;;;;;;;;;x
temple_king_syafi;Grand Mufti;;;;;;;;;;;;;x

#Ramadi temple loc
temple_barony_of_ramadi;Temple of;;;;;;;;;;;;;x
temple_baron_ramadi;Priest;;;;;;;;;;;;;x
temple_county_of_ramadi;Grand Temple of;;;;;;;;;;;;;x
temple_count_ramadi;Grand Priest;;;;;;;;;;;;;x
temple_duchy_of_ramadi;Priestdom of;;;;;;;;;;;;;x
temple_duke_ramadi;Head Priest;;;;;;;;;;;;;x
temple_kingdom_of_ramadi;Grand Priestdom of;;;;;;;;;;;;;x
temple_king_ramadi;Priest King;;;;;;;;;;;;;x

#Borneo cultures loc
king_borneonic;Sultan;;;;;;;;;;;;;x
king_female_borneonic;Sultanah;;;;;;;;;;;;;x
kingdom_of_borneonic;Kingdom of;;;;;;;;;;;;;x
duke_borneonic;Raja;;;;;;;;;;;;;x
duke_female_borneonic;Ratu;;;;;;;;;;;;;x
duchy_of_borneonic;Princedom of;;;;;;;;;;;;;x
count_borneonic;Tun;;;;;;;;;;;;;x
count_female_borneonic;Tun;;;;;;;;;;;;;x
county_of_borneonic;County of;;;;;;;;;;;;;x
emperor_borneonic;Maharaja;;;;;;;;;;;;;x
emperor_female_borneonic;Permaisuri;;;;;;;;;;;;;x
empire_of_borneonic;Empire of;;;;;;;;;;;;;x
baron_borneonic;Dato';;;;;;;;;;;;;x
baron_female_borneonic;Dato';;;;;;;;;;;;;x
barony_of_borneonic;Barony of;;;;;;;;;;;;;x

#Sumatran cultures loc
king_sumatric;Sultan;;;;;;;;;;;;;x
king_female_sumatric;Sultanah;;;;;;;;;;;;;x
kingdom_of_sumatric;Kingdom of;;;;;;;;;;;;;x
duke_sumatric;Raja;;;;;;;;;;;;;x
duke_female_sumatric;Ratu;;;;;;;;;;;;;x
duchy_of_sumatric;Princedom of;;;;;;;;;;;;;x
count_sumatric;Tun;;;;;;;;;;;;;x
count_female_sumatric;Tun;;;;;;;;;;;;;x
county_of_sumatric;County of;;;;;;;;;;;;;x
emperor_sumatric;Maharaja;;;;;;;;;;;;;x
emperor_female_sumatric;Permaisuri;;;;;;;;;;;;;x
empire_of_sumatric;Empire of;;;;;;;;;;;;;x
baron_sumatric;Dato';;;;;;;;;;;;;x
baron_female_sumatric;Dato';;;;;;;;;;;;;x
barony_of_sumatric;Barony of;;;;;;;;;;;;;x

#Hmong religion temple loc
temple_barony_of_hmongism;Temple of;;;;;;;;;;;;;x
temple_baron_hmongism;Shaman;;;;;;;;;;;;;x
temple_baron_female_hmongism;Shaman;;;;;;;;;;;;;x
temple_county_of_hmongism;Grand Temple of;;;;;;;;;;;;;x
temple_count_hmongism;Grand Shaman;;;;;;;;;;;;;x
temple_count_female_hmongism;Grand Shaman;;;;;;;;;;;;;x
temple_duchy_of_hmongism;Spiritual Temple of;;;;;;;;;;;;;x
temple_duke_hmongism;Spiritual Shaman;;;;;;;;;;;;;x
temple_duke_female_hmongism;Spiritual Shaman;;;;;;;;;;;;;x
temple_kingdom_of_hmongism;Shaman Kingdom of;;;;;;;;;;;;;x
temple_king_hmongism;Shaman King;;;;;;;;;;;;;x
temple_king_female_hmongism;Shaman Queen;;;;;;;;;;;;;x

#Hmong Mien cultures loc
king_hmong_mien;Wang;;;;;;;;;;;;;x
king_female_hmong_mien;Nuwang;;;;;;;;;;;;;x
kingdom_of_hmong_mien;Kingdom of;;;;;;;;;;;;;x
duke_hmong_mien;Gong;;;;;;;;;;;;;x
duke_female_hmong_mien;Duchess;;;;;;;;;;;;;x
duchy_of_hmong_mien;Province of;;;;;;;;;;;;;x
count_hmong_mien;Lord;;;;;;;;;;;;;x
count_female_hmong_mien;Lady;;;;;;;;;;;;;x
county_of_hmong_mien;Prefecture of;;;;;;;;;;;;;x
emperor_hmong_mien;Huangdi;;;;;;;;;;;;;x
emperor_female_hmong_mien;Huanghou;;;;;;;;;;;;;x
empire_of_hmong_mien;Empire of;;;;;;;;;;;;;x
baron_hmong_mien;Councilor;;;;;;;;;;;;;x
baron_female_hmong_mienu;Councilor;;;;;;;;;;;;;x
barony_of_hmong_mien;District of;;;;;;;;;;;;;x

#Agamatirta loc
temple_baron_agamatirta;Pujari;;;;;;;;;x
temple_barony_of_agamatirta;Temple of;;;;;;;;;;;;;x
temple_county_of_agamatirta;Grand Temple of;;;;;;;;;;;;;x
temple_count_agamatirta;Grand Pujari;;;;;;;;;;;;;x
temple_duchy_of_agamatirta;Exalted Temple of;;;;;;;;;;;;;x
temple_duke_agamatirta;Exalted Pujari;;;;;;;;;;;;;x
temple_kingdom_of_agamatirta;Divine Princedom of;;;;;;;;;;;;;x
temple_king_agamatirta;Pujari Prince;;;;;;;;;;;;;x
;;;;;;;;;;;;;;