#NENW,,,,,
,,,,,
choose_arboreal_patron;Choose a Patron Diety;;;;;;;;;;;;;x,,,,,
choose_arboreal_patron_desc;The Arboreal faith has many Gods. I should associate myself with one of them.;;;;;;;;;;;;;x,,,,,
arboreal1Desc;The Great Architect is the creator of the universe, but there are many gods that can be worshiped among the Arboreal faithful, while others must be kept away. You should choose one to follow.;;;;;;;;;;;;;x,,,
EVTOPTA_arboreal1;I shall follow the teachings of our Mother, Gaia.;;;;;;;;;;;;;x,,,,
EVTOPTB_arboreal1;The Great Architect is the greatest, may he guide me!;;;;;;;;;;;;;x,,,,
EVTOPTC_arboreal1;The Lesser Gods rule over many things, they deserve my worship.;;;;;;;;;;;;;x,,,,
EVTOPTD_arboreal1;I will instead devote myself to halting the Old Ones.;;;;;;;;;;;;;x,,,,,
arboreal_gaian_opinion;Gaian Lodge Opinion;;;;;;;;;;;;;x,,,,,
arboreal_architect_opinion;Architectural Lodge Opinion;;;;;;;;;;;;;x,,,,,
arboreal_murican_opinion;Hero Lodge Opinion;;;;;;;;;;;;;x,,,,,
arboreal_old_ones_opinion;Sacrificial Lodge Opinion;;;;;;;;;;;;;x,,,,,
arboreal_reformed_gaian_opinion;Gaian Lodge Opinion;;;;;;;;;;;;;x,,,,,
arboreal_reformed_architect_opinion;Architectural Lodge Opinion;;;;;;;;;;;;;x,,,,,
arboreal_reformed_murican_opinion;Hero Lodge Opinion;;;;;;;;;;;;;x,,,,,
arboreal_reformed_old_ones_opinion;Sacrificial Lodge Opinion;;;;;;;;;;;;;x,,,,,
lobsterfolk_opinion;Lobsterfolk Opinion;;;;;;;;;;;;;x,,,,,
kolorantoi_opinion;[kolorantoi.GetName] Opinion;;;;;;;;;;;;;x,,,,,
westerosi_valyrian_opinion;[westerosi_valyrian.GetName] Opinion;;;;;;;;;;;;;x,,,,,
florintoi_opinion;[florintoi.GetName] Opinion;;;;;;;;;;;;;x,,,,,
intianoi_opinion;[intianoi.GetName] Opinion;;;;;;;;;;;;;x,,,,,
gaian_opinion;Gaian Opinion;;;;;;;;;;;;;x,,,,,
ny_asian_opinion;Dongren Opinion;;;;;;;;;;;;;x,,,,,
californian_opinion;Anglofornian Opinion;;;;;;;;;;;;;x,,,,,
californio_group_opinion;Hispanifornian Opinion;;;;;;;;;;;;;x,,,,,
celtic_pagan_opinion;Fogwatcher Opinion;;;;;;;;;;;;;x,,,,,
celtic_pagan_reformed_opinion;Reformed Fogwatcher Opinion;;;;;;;;;;;;;x,,,,,
mainline_opinion;Mainline Opinion;;;;;;;;;;;;;x,,,,,
crawfisher_opinion;Crawfisher Opinion;;;;;;;;;;;;;x,,,,,
antiquarianist_opinion;[antiquarianist.GetName] Opinion;;;;;;;;;;;;;x,,,,,
antiquarianist_reformed_opinion;Reformed Industrialist Opinion;;;;;;;;;;;;;x,,,,,
loyalist_opinion;Knight-Regent Opinion;;;;;;;;;;;;;x,,,,,
sedevacantist_opinion;Gallicanist Opinion;;;;;;;;;;;;;x,,,,,
raelian_opinion;[raelian.GetName] Opinion;;;;;;;;;;;;;x,,,,,
delver_opinion;[delver.GetName] Opinion;;;;;;;;;;;;;x,,,,,
delver_reformed_opinion;Reformed Delver Opinion;;;;;;;;;;;;;x,,,,,
quaker_opinion;[quaker.GetName] Opinion;;;;;;;;;;;;;x,,,,,
tquaker_opinion;[tquaker.GetName] Opinion;;;;;;;;;;;;;x,,,,,
salihi_opinion;[salihi.GetName] Opinion;;;;;;;;;;;;;x,,,,,
mahayana_opinion;[mahayana.GetName] Opinion;;;;;;;;;;;;;x,,,,,
triumphant_opinion;[triumphant.GetName] Opinion;;;;;;;;;;;;;x,,,,,
ojibwe_opinion;[ojibwe.GetGroupName] Opinion;;;;;;;;;;;;;x,,,,,
peyotist_opinion;[peyotist.GetName] Opinion;;;;;;;;;;;;;x,,,,,
dragon_group_opinion;[dragon_group.GetGroupName] Opinion;;;;;;;;;;;;;x,,,,,
high_american_opinion;[high_american.GetGroupName] Opinion;;;;;;;;;;;;;x,,,,,
low_american_opinion;[low_american.GetGroupName] Opinion;;;;;;;;;;;;;x,,,,,
laurentine_anglo_opinion;[laurentine_anglo.GetGroupName] Opinion;;;;;;;;;;;;;x,,,,,
franco_canadian_opinion;[franco_canadian.GetGroupName] Opinion;;;;;;;;;;;;;x,,,,,
patron_isis_opinion;Isis Cult Opinion;;;;;;;;;;;;;x,,,,,
patron_horus_opinion;Horus-Ra Cult Opinion;;;;;;;;;;;;;x,,,,,
patron_linkon_opinion;Linkon Cult Opinion;;;;;;;;;;;;;x,,,,,
patron_osiris_opinion;Osiris Cult Opinion;;;;;;;;;;;;;x,,,,,
patron_thoth_opinion;Thoth Cult Opinion;;;;;;;;;;;;;x,,,,,
patron_hathor_opinion;Hathor Cult Opinion;;;;;;;;;;;;;x,,,,,
patron_sekhmet_opinion;Sekhmet Cult Opinion;;;;;;;;;;;;;x,,,,,
patron_anubis_opinion;Anubis Cult Opinion;;;;;;;;;;;;;x,,,,,
,,,,,
EVTNAME_kemetic_300;Choosing a Patron God;;;;;;;;;x,,,,,
EVTDESC_kemetic_300;Kemetics have many divine beings, which one will you choose as your Patron?;;;;;;;;;x,,,,
EVTNAME_kemetic_301;Choosing a Patron God;;;;;;;;;x,,,,,
EVTDESC_kemetic_301;Kemetics have many divine beings, which one will you choose as your Patron?;;;;;;;;;x,,,,
EVTNAME_kemetic_303;Choosing a Patron God;;;;;;;;;x,,,,,
EVTDESC_kemetic_303;Kemetics have many divine beings, which one will you choose as your Patron?;;;;;;;;;x,,,,
EVTOPTA_kemetic_300;I will join the Cult of Osiris;;;;;;;;;x,,,,,
EVTOPTB_kemetic_300;I will join the Cult of Isis;;;;;;;;;x,,,,,
EVTOPTC_kemetic_300;I will join the Cult of Horus-Ra;;;;;;;;;x,,,,,
EVTOPTD_kemetic_300;I will join the Cult of Linkon;;;;;;;;;x,,,,,
EVTOPTE_kemetic_300;Perhaps there are other options.;;;;;;;;;x,,,,,
EVTOPTA_kemetic_301;I will join the Cult of Thoth;;;;;;;;;x,,,,,
EVTOPTB_kemetic_301;I will join the Cult of Hathor;;;;;;;;;x,,,,,
EVTOPTC_kemetic_301;I will join the Cult of Sekhmet;;;;;;;;;x,,,,,
EVTOPTD_kemetic_301;I will join the Cult of Anubis;;;;;;;;;x,,,,,
EVTOPTE_kemetic_301;Perhaps there are other options.;;;;;;;;;x,,,,,
EVTOPTF_kemetic_301;Perhaps those were better options?;;;;;;;;;x,,,,,
choose_kemetic_cult;Choose a Kemetic Patron God;;;;;;;;;x,,,,,
choose_kemetic_cult_desc;As a Kemetic I must choose one of the Divine Eigth to worship.;;;;;;;;;x,,,,,
wonder_pyramid_memphis;Memphis Pyramid;;;;;;;;;x,,,,,
wonder_pyramid_memphis_desc;This pyramid was built by order of Pharaoh Klemens, the founder of the first Mississippi Empire. Tradition has it that the Pharaoh had the pyramid built on top of the remains of an antediviludian pyramid that was too damaged to be restored.;;;;;;;;;x,,,,
wonder_slc_temple_square;Temple Square;;;;;;;;;x,,,,,
wonder_slc_temple_square_desc;Ever the heart of Salt Lake City, Temple Square has slowly recovered from the Brighamite riots and provides religious fervor for all Mormons.;;;;;;;;;x,,,,
wonder_hoover_dam;Hoover Dam;;;;;;;;;x,,,,,
wonder_hoover_dam_desc;Las Vegas would have been pillaged and sacked countless times over if not for Hoover Dam, which has provided water to drink and a defensible chokepoint that many would-be invaders have broken their armies upon.;;;;;;;;;x,,,,
wonder_tepeyac;Tepeyac;;;;;;;;;x,,,,,
wonder_tepeyac_desc;The religious complex at Tepeyac hosts numerous shrines and temples from almost every faith in Mexico. It became the administrative center of the Cristero Catholic Church, from which the Patriarch exercises both spiritual and political authority.;;;;;;;;;x,,,,
federal_way;Federal Way;;;;;;;;;x,,,,,
ninety_five_south;I-95S;;;;;;;;;x,,,,,
CLOWNPRINCE;Clown Prince;;;;;;;;;x,,,,,
CESAR;César;;;;;;;;;x,,,,,
COMMISSAR;Commissar;;;;;;;;;x,,,,,
COMMANDERINCHIEF;Commander-in-Chief;;;;;;;;;x,,,,,
BOSS;Boss;;;;;;;;;x,,,,,
REVEREND-EMPEROR;Reverend-Emperor;;;;;;;;;x,,,,,
REVEREND-EMPRESS;Reverend-Empress;;;;;;;;;x,,,,,
GREATGURU;Great Guru;;;;;;;;;x,,,,,
GREATGURU_FOA;Great Guru;;;;;;;;;x,,,,,
PREFIX_CELESTIAL_EMPIRE;Celestial Empire of;;;;;;;;;x,,,,,
,,,,,
EVTNAME_delver_300;Choosing a Lodge;;;;;;;;;x,,,,,
EVTDESC_delver_300;All Delvers are part of a Lodge, and now I must make a decision of which one I shall join.;;;;;;;;;x,,,,
EVTOPTA_delver_300;I will join the Triadic Lodge;;;;;;;;;x,,,,,
EVTOPTB_delver_300;I will join the Draconic Lodge;;;;;;;;;x,,,,,
EVTOPTC_delver_300;I will join the Imperial Lodge;;;;;;;;;x,,,,,
EVTOPTD_delver_300;I will join the Chaotic Lodge;;;;;;;;;x,,,,,
choose_delver_cult;Choose a Delver Lodge;;;;;;;;;x,,,,,
choose_delver_cult_desc;As a Delver I must choose one of the four main Lodges to join.;;;;;;;;;x,,,,,
,,,,,
ca_culture_lil_egyptian_1;Maryannu Knight Grounds;;;;;;;;;;;;;x,,,,,
ca_culture_lil_egyptian_2;Maryannu Knight Grounds;;;;;;;;;;;;;x,,,,,
ca_culture_lil_egyptian_3;Maryannu Knight Grounds;;;;;;;;;;;;;x,,,,,
ca_culture_lil_egyptian_4;Maryannu Knight Grounds;;;;;;;;;;;;;x,,,,,
ca_culture_lil_egyptian_1_desc;The Pride of Mississipian Nobility, these Charioteers represent the power and chivalry of the lands of Egypt. Established under the rule of Klemens I, they have long since changed and have adopted heavier armor from Cahokia while keeping their unique Kemetic style.;;;;;;;;;;;;;x,,,
,,,,,
ca_culture_watcher_1;Watchman Barracks;;;;;;;;;;;;;x,,,,,
ca_culture_watcher_2;Watchman Barracks;;;;;;;;;;;;;x,,,,,
ca_culture_watcher_3;Watchman Barracks;;;;;;;;;;;;;x,,,,,
ca_culture_watcher_4;Watchman Barracks;;;;;;;;;;;;;x,,,,,
ca_culture_watcher_1_desc;The Watchers's main force live in these buildings, ready for battle at a minute's notice. The Watchman pledge their whole lives to defend and fight for christiandom and thus are counted as the Order's most elite troops on the battlefield regardless of their rank within the Order. With some higher ranking and skilled members fighting on the field as Heavy Cavalry.;;;;;;;;;;;;;x,,,,
,,,,,
ca_culture_mis_auxilia_1;Mississipian Auxiliary Camp;;;;;;;;;;;;;x,,,,,
ca_culture_mis_auxilia_2;Mississipian Auxiliary Camp;;;;;;;;;;;;;x,,,,,
ca_culture_mis_auxilia_3;Mississipian Auxiliary Camp;;;;;;;;;;;;;x,,,,,
ca_culture_mis_auxilia_4;Mississipian Auxiliary Camp;;;;;;;;;;;;;x,,,,,
ca_culture_mis_auxilia_1_desc;Coming from the border regions of the Upper Mississippi or smaller groups within it, these men form the first response to any attack on its borders.;;;;;;;;;;;;;x,,,,
,,,,,
ca_culture_pennsilfaanisch_1;Grenzsoldaat Barracks;;;;;;;;;;;;;x,,,,,
ca_culture_pennsilfaanisch_2;Grenzsoldaat Barracks;;;;;;;;;;;;;x,,,,,
ca_culture_pennsilfaanisch_3;Grenzsoldaat Barracks;;;;;;;;;;;;;x,,,,,
ca_culture_pennsilfaanisch_4;Grenzsoldaat Barracks;;;;;;;;;;;;;x,,,,,
ca_culture_pennsilfaanisch_1_desc;These barracks house the Grenzsoldaaten, protectors of the east coast german communities. These men come from those who wish to protect their homeland and families from the ever changing times the Old Order's believers are facing, giving up their way of life so others may continue to practice it in peace from foreign invaders.;;;;;;;;;;;;;x,,,
,,,,,
ca_culture_azure_1;Companion Camp;;;;;;;;;;;;;x,,,,,
ca_culture_azure_1;Companion Camp;;;;;;;;;;;;;x,,,,,
ca_culture_azure_1;Companion Camp;;;;;;;;;;;;;x,,,,,
ca_culture_azure_1;Companion Camp;;;;;;;;;;;;;x,,,,,
ca_culture_azure_1_desc;The Companions are the elite of the Mississipian Armies, these trained Swordsman and Zouaves come from the core regions of the Mississippi and excel in urban combat. Originally the soldiers under the commmand of at the time Prince Basil I, they have been expended in role during his later conquests as Azure Emperor. They have since been divided into many smaller companies of Men-At-Arms, whos loyalty may be closer to that of their local ruler then the Azure Throne.;;;;;;;;;;;;;x,,
,,,,,
ca_culture_shomrim_1;Shomrim Range;;;;;;;;;;;;;x,,,,,
ca_culture_shomrim_2;Shomrim Range;;;;;;;;;;;;;x,,,,,
ca_culture_shomrim_3;Shomrim Range;;;;;;;;;;;;;x,,,,,
ca_culture_shomrim_4;Shomrim Range;;;;;;;;;;;;;x,,,,,
tb_culture_shomrim_1;Shomrim Camp;;;;;;;;;;;;;x,,,,,
tb_culture_shomrim_2;Shomrim Camp;;;;;;;;;;;;;x,,,,,
tb_culture_shomrim_3;Shomrim Camp;;;;;;;;;;;;;x,,,,,
tb_culture_shomrim_4;Shomrim Camp;;;;;;;;;;;;;x,,,,,
ca_culture_shomrim_1_desc;The Shomrim are a civilian militia patrol specializing in peacekeeping in their realms. In wartime, they turn into an auxillary unit for their lieges.;;;;;;;;;;;;;x,,,,
,,,,,
ca_culture_federalist_1;Columbian Minutemen Garrison;;;;;;;;;;;;;x,,,,,
ca_culture_federalist_2;Columbian Minutemen Garrison;;;;;;;;;;;;;x,,,,,
ca_culture_federalist_3;Columbian Minutemen Garrison;;;;;;;;;;;;;x,,,,,
ca_culture_federalist_4;Columbian Minutemen Garrison;;;;;;;;;;;;;x,,,,,
tb_culture_federalist_1;Columbian Minutemen Watchtower;;;;;;;;;;;;;x,,,,,
tb_culture_federalist_2;Columbian Minutemen Watchtower;;;;;;;;;;;;;x,,,,,
tb_culture_federalist_3;Columbian Minutemen Watchtower;;;;;;;;;;;;;x,,,,,
tb_culture_federalist_4;Columbian Minutemen Watchtower;;;;;;;;;;;;;x,,,,,
ca_culture_federalist_1_desc;The Columbian Minutemen while not part of the Military or National Guard are an important irregular force, being skilled in outmaneuvering any foe while unleashing volleys of musket fire.;;;;;;;;;;;;;x,,,,
,,,,,
ca_culture_politan_1;City Guard Station;;;;;;;;;;;;;x,,,,,
ca_culture_politan_2;City Guard Station;;;;;;;;;;;;;x,,,,,
ca_culture_politan_3;City Guard Station;;;;;;;;;;;;;x,,,,,
ca_culture_politan_4;City Guard Station;;;;;;;;;;;;;x,,,,,
tb_culture_politan_1;City Guard Watchtower;;;;;;;;;;;;;x,,,,,
tb_culture_politan_2;City Guard Watchtower;;;;;;;;;;;;;x,,,,,
tb_culture_politan_3;City Guard Watchtower;;;;;;;;;;;;;x,,,,,
tb_culture_politan_4;City Guard Watchtower;;;;;;;;;;;;;x,,,,,
ca_culture_politan_1_desc;The Politan City Guard are a military unit tasked with being the first line of defense against any invader. In times of peace however, they are tasked with keeping the peace along the realm.;;;;;;;;;;;;;x,,,,
,,,,,
ca_culture_appalachian_1;Appalachian Volunteer Barracks;;;;;;;;;;;;;x,,,,,
ca_culture_appalachian_2;Appalachian Volunteer Barracks;;;;;;;;;;;;;x,,,,,
ca_culture_appalachian_3;Appalachian Volunteer Barracks;;;;;;;;;;;;;x,,,,,
ca_culture_appalachian_4;Appalachian Volunteer Barracks;;;;;;;;;;;;;x,,,,,
tb_culture_appalachian_1;Appalachian Volunteer Grounds;;;;;;;;;;;;;x,,,,,
tb_culture_appalachian_2;Appalachian Volunteer Grounds;;;;;;;;;;;;;x,,,,,
tb_culture_appalachian_3;Appalachian Volunteer Grounds;;;;;;;;;;;;;x,,,,,
tb_culture_appalachian_4;Appalachian Volunteer Grounds;;;;;;;;;;;;;x,,,,,
ca_culture_appalachian_1_desc;The tight-knit dynasties and septs of southern Applachia, while not prone to maintaining permanent armies, raise great quantities of eager young men eager for glory in times of war, with such men needing to be willing to traverse the rugged terrain of their homelands. These Volunteers are generally armed with what their households can provide, whether that be a yeoman's axe or a chieftain's claymore, and are men who know the nooks and crannies of the valleys and hollers who are comfortable sustaining themselves from the land.;;;;;;;;;;;;;x
,,,,,
ca_culture_vandalian_1;Vandalian Longhunter Barracks;;;;;;;;;;;;;x,,,,,
ca_culture_vandalian_2;Vandalian Longhunter Barracks;;;;;;;;;;;;;x,,,,,
ca_culture_vandalian_3;Vandalian Longhunter Barracks;;;;;;;;;;;;;x,,,,,
ca_culture_vandalian_4;Vandalian Longhunter Barracks;;;;;;;;;;;;;x,,,,,
tb_culture_vandalian_1;Vandalian Longhunter Meeting Ground;;;;;;;;;;;;;x,,,,,
tb_culture_vandalian_2;Vandalian Longhunter Meeting Ground;;;;;;;;;;;;;x,,,,,
tb_culture_vandalian_3;Vandalian Longhunter Meeting Ground;;;;;;;;;;;;;x,,,,,
tb_culture_vandalian_4;Vandalian Longhunter Meeting Ground;;;;;;;;;;;;;x,,,,,
ca_culture_vandalian_1_desc;The Vandalians have regularly suffered from invasions from lowlanders who have persecuted them not just for their land, but for their beliefs, and the Longhunters emerged from these continual struggles against those outsiders who would wish to break the Vandalian people. The Longhunter order recruits primarily from the ranks of trappers and huntsmen, men who are comfortable traversing very far from their homelands, and who take pleasure at denying succor to their enemies. Members of the Longstriders have been known to be absent from the otherwise close-knit Vandalian homesteads for years at a time, earning them a eerie reputation among their kin whenever they see their red scarfs.;;;;;;;;;;;;;x
,,,,,
ca_culture_nashvillian_1;Nashviller Hoplite Barracks;;;;;;;;;;;;;x,,,,,
ca_culture_nashvillian_2;Nashviller Hoplite Barracks;;;;;;;;;;;;;x,,,,,
ca_culture_nashvillian_3;Nashviller Hoplite Barracks;;;;;;;;;;;;;x,,,,,
ca_culture_nashvillian_4;Nashviller Hoplite Barracks;;;;;;;;;;;;;x,,,,,
tb_culture_nashvillian_1;Nashviller Hoplite Proving Grounds;;;;;;;;;;;;;x,,,,,
tb_culture_nashvillian_2;Nashviller Hoplite Proving Grounds;;;;;;;;;;;;;x,,,,,
tb_culture_nashvillian_3;Nashviller Hoplite Proving Grounds;;;;;;;;;;;;;x,,,,,
tb_culture_nashvillian_4;Nashviller Hoplite Proving Grounds;;;;;;;;;;;;;x,,,,,
ca_culture_nashvillian_1_desc;The Hoplites of Nashville are a one of the most famed Phalanx men among the peoples of America, having participated in many wars trough out its history, aided by their elephant companions, with them said to be emulating the army of a King of Old who had victory named after him an Ocean away.;;;;;;;;;;;;;x,,
,,,,,
ca_culture_kaintucker_1;Derby Cavalry Stables;;;;;;;;;;;;;x,,,,,
ca_culture_kaintucker_2;Derby Cavalry Stables;;;;;;;;;;;;;x,,,,,
ca_culture_kaintucker_3;Derby Cavalry Stables;;;;;;;;;;;;;x,,,,,
ca_culture_kaintucker_4;Derby Cavalry Stables;;;;;;;;;;;;;x,,,,,
tb_culture_kaintucker_1;Derby Cavalry Fields;;;;;;;;;;;;;x,,,,,
tb_culture_kaintucker_2;Derby Cavalry Fields;;;;;;;;;;;;;x,,,,,
tb_culture_kaintucker_3;Derby Cavalry Fields;;;;;;;;;;;;;x,,,,,
tb_culture_kaintucker_4;Derby Cavalry Fields;;;;;;;;;;;;;x,,,,,
ca_culture_kaintucker_1_desc;The Derby Cavalry hail from Kentucky's rich history of horses. These men and their trusty steeds bond for a life long partnership, wearing extravagantly painted markings on their armor.;;;;;;;;;;;;;x,,,,
,,,,,
ca_culture_hellfighters_1;Hellfighter Garrison;;;;;;;;;;;;;x,,,,,
ca_culture_hellfighters_2;Hellfighter Garrison;;;;;;;;;;;;;x,,,,,
ca_culture_hellfighters_3;Hellfighter Garrison;;;;;;;;;;;;;x,,,,,
ca_culture_hellfighters_4;Hellfighter Garrison;;;;;;;;;;;;;x,,,,,
tb_culture_hellfighters_1;Hellfighter Watchtower;;;;;;;;;;;;;x,,,,,
tb_culture_hellfighters_2;Hellfighter Watchtower;;;;;;;;;;;;;x,,,,,
tb_culture_hellfighters_3;Hellfighter Watchtower;;;;;;;;;;;;;x,,,,,
tb_culture_hellfighters_4;Hellfighter Watchtower;;;;;;;;;;;;;x,,,,,
ca_culture_hellfighters_1_desc;The Hellfighters are a unit of Afro-Americans who venerate an antediviludian unit made out of their kin, who fought with gallantry and bravery. These men aim to do the same, striking deep into their enemies.;;;;;;;;;;;;;x,,,
,,,,,
ca_culture_maroon_1;Maroon Garrison;;;;;;;;;;;;;x,,,,,
ca_culture_maroon_2;Maroon Garrison;;;;;;;;;;;;;x,,,,,
ca_culture_maroon_3;Maroon Garrison;;;;;;;;;;;;;x,,,,,
ca_culture_maroon_4;Maroon Garrison;;;;;;;;;;;;;x,,,,,
tb_culture_maroon_1;Maroon Watchtower;;;;;;;;;;;;;x,,,,,
tb_culture_maroon_2;Maroon Watchtower;;;;;;;;;;;;;x,,,,,
tb_culture_maroon_3;Maroon Watchtower;;;;;;;;;;;;;x,,,,,
tb_culture_maroon_4;Maroon Watchtower;;;;;;;;;;;;;x,,,,,
ca_culture_maroon_1_desc;The Maroons are men who fight for the freedom of their Afro-southerner bretheren. Their deeds are known far and wide, and are a symbol of justice as a consequence.;;;;;;;;;;;;;x,,,,
,,,,,
ca_culture_redtail_1;Red-Tails Stables;;;;;;;;;;;;x,,,,,
ca_culture_redtail_2;Red-Tails Stables;;;;;;;;;;;;x,,,,,
ca_culture_redtail_3;Red-Tails Stables;;;;;;;;;;;;x,,,,,
ca_culture_redtail_4;Red-Tails Stables;;;;;;;;;;;;x,,,,,
tb_culture_redtail_1;Red-Tails Fields;;;;;;;;;;;;x,,,,,
tb_culture_redtail_2;Red-Tails Fields;;;;;;;;;;;;x,,,,,
tb_culture_redtail_3;Red-Tails Fields;;;;;;;;;;;;x,,,,,
tb_culture_redtail_4;Red-Tails Fields;;;;;;;;;;;;x,,,,,
ca_culture_redtail_1_desc;The Tuskegee Red-Tails are a group of cavalrymen adopting a name of an antediviludian unit who charge in the battlefield with extreme pride in their name and their strength.;;;;;;;;;;;;x,,,,,
,,,,,
ca_culture_melungeon_1;Melung'n Infantry Training Grounds;;;;;;;;;;;;x,,,,,
ca_culture_melungeon_2;Melung'n Infantry Training Grounds;;;;;;;;;;;;x,,,,,
ca_culture_melungeon_3;Melung'n Infantry Training Grounds;;;;;;;;;;;;x,,,,,
ca_culture_melungeon_4;Melung'n Infantry Training Grounds;;;;;;;;;;;;x,,,,,
tb_culture_melungeon_1;Melung'n Infantry Proving Grounds;;;;;;;;;;;;x,,,,,
tb_culture_melungeon_2;Melung'n Infantry Proving Grounds;;;;;;;;;;;;x,,,,,
tb_culture_melungeon_3;Melung'n Infantry Proving Grounds;;;;;;;;;;;;x,,,,,
tb_culture_melungeon_4;Melung'n Infantry Proving Grounds;;;;;;;;;;;;x,,,,,
ca_culture_melungeon_1_desc;The Melung'n Infantry are a special unit of their culture that specialize in defense, even in the most dire of times.;;;;;;;;;;;;x,,,,
,,,,,
ca_culture_dominion_1;Royal Mounties;;;;;;;;;;;;;x,,,,,
ca_culture_dominion_2;Royal Mounties;;;;;;;;;;;;;x,,,,,
ca_culture_dominion_3;Royal Mounties;;;;;;;;;;;;;x,,,,,
ca_culture_dominion_4;Royal Mounties;;;;;;;;;;;;;x,,,,,
ca_culture_dominion_1_desc;The Royal Mounties are men of the saddle and sword, being expert skirmishers and heavy cavalry. They uphold their ancient duty to protect the lands of Canada be enforcing law or fighting on the battlefield.;;;;;;;;;;;;;x,,,,
,,,,,
ca_culture_southron_1;Southron Cavalrymen;;;;;;;;;;;;;x,,,,,
ca_culture_southron_2;Southron Cavalrymen;;;;;;;;;;;;;x,,,,,
ca_culture_southron_3;Southron Cavalrymen;;;;;;;;;;;;;x,,,,,
ca_culture_southron_4;Southron Cavalrymen;;;;;;;;;;;;;x,,,,,
ca_culture_southron_1_desc;Southron Cavalrymen make use of their light cavalry in massive charges while harassing their foes with their gunpowder wielding units.;;;;;;;;;;;;;x,,,,,
,,,,,
ca_culture_crabber_1;Crabber Spearmen Piers;;;;;;;;;;;;;x,,,,,
ca_culture_crabber_2;Crabber Spearmen Piers;;;;;;;;;;;;;x,,,,,
ca_culture_crabber_3;Crabber Spearmen Piers;;;;;;;;;;;;;x,,,,,
ca_culture_crabber_4;Crabber Spearmen Piers;;;;;;;;;;;;;x,,,,,
tb_culture_crabber_1;Crabber Spearmen Docks;;;;;;;;;;;;;x,,,,,
tb_culture_crabber_2;Crabber Spearmen Docks;;;;;;;;;;;;;x,,,,,
tb_culture_crabber_3;Crabber Spearmen Docks;;;;;;;;;;;;;x,,,,,
tb_culture_crabber_4;Crabber Spearmen Docks;;;;;;;;;;;;;x,,,,,
ca_culture_crabber_1_desc;These spearmen of Crabber descent use their crab-fishing skills into battle, with their thrusting power from their hardy lifestyle.;;;;;;;;;;;;;x,,,,
,,,,,
ca_culture_southern_1;Southern Gallant Manors;;;;;;;;;;;;;x,,,,,
ca_culture_southern_2;Southern Gallant Manors;;;;;;;;;;;;;x,,,,,
ca_culture_southern_3;Southern Gallant Manors;;;;;;;;;;;;;x,,,,,
ca_culture_southern_4;Southern Gallant Manors;;;;;;;;;;;;;x,,,,,
tb_culture_southern_1;Southern Gallant Halls;;;;;;;;;;;;;x,,,,,
tb_culture_southern_2;Southern Gallant Halls;;;;;;;;;;;;;x,,,,,
tb_culture_southern_3;Southern Gallant Halls;;;;;;;;;;;;;x,,,,,
tb_culture_southern_4;Southern Gallant Halls;;;;;;;;;;;;;x,,,,,
ca_culture_southern_1_desc;The Southern Gallants are Southern people who have adpoted a tradition of chivalry and consequently have transformed into knights, travelling amongst the lands in elegant fashion. Still, this does not take away their marvelous military prowress.;;;;;;;;;;;;;x,,,
,,,,,
ca_culture_carolino_1;Carolino Pikemen Barracks;;;;;;;;;;;;;x,,,,,
ca_culture_carolino_2;Carolino Pikemen Barracks;;;;;;;;;;;;;x,,,,,
ca_culture_carolino_3;Carolino Pikemen Barracks;;;;;;;;;;;;;x,,,,,
ca_culture_carolino_4;Carolino Pikemen Barracks;;;;;;;;;;;;;x,,,,,
tb_culture_carolino_1;Carolino Pikemen Grounds;;;;;;;;;;;;;x,,,,,
tb_culture_carolino_2;Carolino Pikemen Grounds;;;;;;;;;;;;;x,,,,,
tb_culture_carolino_3;Carolino Pikemen Grounds;;;;;;;;;;;;;x,,,,,
tb_culture_carolino_4;Carolino Pikemen Grounds;;;;;;;;;;;;;x,,,,,
ca_culture_carolino_1_desc;The Carolino, ever since settling on the banks of Carolina, have adopted to their Anglo neighbors' tactics. With their pikes and bows, they clean up the battlefield.;;;;;;;;;;;;;x,,
,,,,,
ca_culture_wicker_1;Wicker Swordsmen Barracks;;;;;;;;;;;;x,,,,,
ca_culture_wicker_2;Wicker Swordsmen Barracks;;;;;;;;;;;;x,,,,,
ca_culture_wicker_3;Wicker Swordsmen Barracks;;;;;;;;;;;;x,,,,,
ca_culture_wicker_4;Wicker Swordsmen Barracks;;;;;;;;;;;;x,,,,,
ca_culture_wicker_1_desc;These barracks house the proud swordsmen of the Wicker. They break up the enemy armies with their unyielding spirit.;;;;;;;;;;;;x,,,,,
tb_culture_wicker_1;Wicker Swordsmen Proving Grounds;;;;;;;;;;;;x,,,,,
tb_culture_wicker_2;Wicker Swordsmen Proving Grounds;;;;;;;;;;;;x,,,,,
tb_culture_wicker_3;Wicker Swordsmen Proving Grounds;;;;;;;;;;;;x,,,,,
tb_culture_wicker_4;Wicker Swordsmen Proving Grounds;;;;;;;;;;;;x,,,,,
tb_culture_wicker_1_desc;These grounds house the proud swordsmen of the Wicker. They break up the enemy armies with their unyielding spirit.;;;;;;;;;;;;x,,,,,
,,,,,
ca_culture_connec_1;Nutmegger Foot Guards Smithery;;;;;;;;;;;;;x,,,,,
ca_culture_connec_1;Nutmegger Foot Guards Smithery;;;;;;;;;;;;;x,,,,,
ca_culture_connec_1;Nutmegger Foot Guards Smithery;;;;;;;;;;;;;x,,,,,
ca_culture_connec_1;Nutmegger Foot Guards Smithery;;;;;;;;;;;;;x,,,,,
ca_culture_connec_1_desc;The Foot Guards of Connecticut are the successors of the Governor's Guards serving as Mercenaries or local Lords and Merchants alike known by their Scarlet Coats and Shakos. They fight in pike formations with handgunner support.;;;;;;;;;;;;;x,,,,,
tb_culture_connec_1;Nutmegger Foot Guards Smithy;;;;;;;;;;;;;x,,,,,
tb_culture_connec_2;Nutmegger Foot Guards Smithy;;;;;;;;;;;;;x,,,,,
tb_culture_connec_3;Nutmegger Foot Guards Smithy;;;;;;;;;;;;;x,,,,,
tb_culture_connec_4;Nutmegger Foot Guards Smithy;;;;;;;;;;;;;x,,,,,
,,,,,
ca_culture_boston_1;National Lancers Stables;;;;;;;;;;;;;x,,,,,
ca_culture_boston_2;National Lancers Stables;;;;;;;;;;;;;x,,,,,
ca_culture_boston_3;National Lancers Stables;;;;;;;;;;;;;x,,,,,
ca_culture_boston_4;National Lancers Stables;;;;;;;;;;;;;x,,,,,
tb_culture_boston_1;National Lancers Fields;;;;;;;;;;;;;x,,,,,
tb_culture_boston_2;National Lancers Fields;;;;;;;;;;;;;x,,,,,
tb_culture_boston_3;National Lancers Fields;;;;;;;;;;;;;x,,,,,
tb_culture_boston_4;National Lancers Fields;;;;;;;;;;;;;x,,,,,
ca_culture_boston_1_desc;Massachusetts is home to the National Lancers, created as a cavalry militia ages ago which has fought in wars across the world. Their presence on the battlefield often gives morale to people of Massachusetts with their famed charges.;;;;;;;;;;;;;x,,,,
,,,,,
ca_culture_vermont_1;Green Mountaineer Armory;;;;;;;;;;;;;x,,,,,
ca_culture_vermont_2;Green Mountaineer Armory;;;;;;;;;;;;;x,,,,,
ca_culture_vermont_3;Green Mountaineer Armory;;;;;;;;;;;;;x,,,,,
ca_culture_vermont_4;Green Mountaineer Armory;;;;;;;;;;;;;x,,,,,
ca_culture_vermont_1_desc;These armories house Vyrmont's finest Green Mountaineers. The Green Mountaineers are an antediviludian unit with roots in Vyrmont, and these men seek to emulate the spirit of their forefathers.;;;;;;;;;;;;;x,,,,
tb_culture_vermont_1;Green Mountaineer Smithy;;;;;;;;;;;;;x,,,,,
tb_culture_vermont_2;Green Mountaineer Smithy;;;;;;;;;;;;;x,,,,,
tb_culture_vermont_3;Green Mountaineer Smithy;;;;;;;;;;;;;x,,,,,
tb_culture_vermont_4;Green Mountaineer Smithy;;;;;;;;;;;;;x,,,,,
tb_culture_vermont_1_desc;These smithies house Vyrmont's finest Green Mountaineers. The Green Mountaineers are an antediviludian unit with roots in Vyrmont, and these men seek to emulate the spirit of their forefathers.;;;;;;;;;;;;;x,,,,
,,,,,
ca_culture_albmonter_1;Albmonter Skirmisher Armory;;;;;;;;;;;;;x,,,,,
ca_culture_albmonter_2;Albmonter Skirmisher Armory;;;;;;;;;;;;;x,,,,,
ca_culture_albmonter_3;Albmonter Skirmisher Armory;;;;;;;;;;;;;x,,,,,
ca_culture_albmonter_4;Albmonter Skirmisher Armory;;;;;;;;;;;;;x,,,,,
ca_culture_albmonter_1_desc;These armories house the skirmishers of Albmoner heritage, guarding their lands from enemies in the horizon.;;;;;;;;;;;;;x,,,,
tb_culture_albmonter_1;Albmonter Skirmisher Fields;;;;;;;;;;;;;x,,,,,
tb_culture_albmonter_2;Albmonter Skirmisher Fields;;;;;;;;;;;;;x,,,,,
tb_culture_albmonter_3;Albmonter Skirmisher Fields;;;;;;;;;;;;;x,,,,,
tb_culture_albmonter_4;Albmonter Skirmisher Fields;;;;;;;;;;;;;x,,,,,
tb_culture_albmonter_1_desc;These fields house the skirmishers of Albmoner heritage, guarding their lands from enemies in the horizon.;;;;;;;;;;;;;x,,,,
,,,,,
ca_culture_mainer_1;Mainer Guardsmen Barracks;;;;;;;;;;;;;x,,,,,
ca_culture_mainer_2;Mainer Guardsmen Barracks;;;;;;;;;;;;;x,,,,,
ca_culture_mainer_3;Mainer Guardsmen Barracks;;;;;;;;;;;;;x,,,,,
ca_culture_mainer_4;Mainer Guardsmen Barracks;;;;;;;;;;;;;x,,,,,
ca_culture_mainer_1_desc;These barracks house the guardsmen who keep the peace in Maine. They are trained men who know the in and outs of their land, and can therefore assume any position against enemies with ease.;;;;;;;;;;;;;x,,,,
ca_fog_wardens_1;Fog Wardens;;;;;;;;;;;;;x,,,,,
ca_fog_wardens_1_desc;These pre-Event lighthouses have been converted into outposts housing many soldiers and watchmen. They endlessly watch over the ocean before them, both to look out for danger and to guard those who venture out to fish and whale.;;;;;;;;;;;;;x,,,,
tb_fog_wardens_1;Fog Wardens;;;;;;;;;;;;;x,,,,,
tb_fog_wardens_1_desc;These pre-Event lighthouses have been converted into outposts housing many soldiers and watchmen. They endlessly watch over the ocean before them, both to look out for danger and to guard those who venture out to fish and whale.;;;;;;;;;;;;;x,,,,
tb_culture_mainer_1;Mainer Guardsmen Proving Grounds;;;;;;;;;;;;;x,,,,,
tb_culture_mainer_2;Mainer Guardsmen Proving Grounds;;;;;;;;;;;;;x,,,,,
tb_culture_mainer_3;Mainer Guardsmen Proving Grounds;;;;;;;;;;;;;x,,,,,
tb_culture_mainer_4;Mainer Guardsmen Proving Grounds;;;;;;;;;;;;;x,,,,,
tb_culture_mainer_1_desc;These grounds house the guardsmen who keep the peace in Maine. They are trained men who know the in and outs of their land, and can therefore assume any position against enemies with ease.;;;;;;;;;;;;;x,,,,
,,,,,
ca_culture_goldengater_1;Goldengater Mariner Ports;;;;;;;;;;;;;x,,,,,
ca_culture_goldengater_2;Goldengater Mariner Ports;;;;;;;;;;;;;x,,,,,
ca_culture_goldengater_3;Goldengater Mariner Ports;;;;;;;;;;;;;x,,,,,
ca_culture_goldengater_4;Goldengater Mariner Ports;;;;;;;;;;;;;x,,,,,
tb_culture_goldengater_1;Goldengater Mariner Docks;;;;;;;;;;;;;x,,,,,
tb_culture_goldengater_2;Goldengater Mariner Docks;;;;;;;;;;;;;x,,,,,
tb_culture_goldengater_3;Goldengater Mariner Docks;;;;;;;;;;;;;x,,,,,
tb_culture_goldengater_4;Goldengater Mariner Docks;;;;;;;;;;;;;x,,,,,
ca_culture_goldengater_1_desc;The Goldengater Mariners are fishermen drafted for serving the force. Their hardy attitude bleeds over to the battlefield, unbreaking against any wave.;;;;;;;;;;;;;x,,,,
,,,,,
ca_culture_valleyan_1;Valleyan Rancher Stables;;;;;;;;;;;;;x,,,,,
ca_culture_valleyan_2;Valleyan Rancher Stables;;;;;;;;;;;;;x,,,,,
ca_culture_valleyan_3;Valleyan Rancher Stables;;;;;;;;;;;;;x,,,,,
ca_culture_valleyan_4;Valleyan Rancher Stables;;;;;;;;;;;;;x,,,,,
tb_culture_valleyan_1;Valleyan Rancher Fields;;;;;;;;;;;;;x,,,,,
tb_culture_valleyan_2;Valleyan Rancher Fields;;;;;;;;;;;;;x,,,,,
tb_culture_valleyan_3;Valleyan Rancher Fields;;;;;;;;;;;;;x,,,,,
tb_culture_valleyan_4;Valleyan Rancher Fields;;;;;;;;;;;;;x,,,,,
ca_culture_valleyan_1_desc;The Valleyan Ranchers are frontiersmen who alert enemy positions to their allies. Do not be fooled by their job however, as they can become the responding force instead.;;;;;;;;;;;;;x,,,,
,,,,,
ca_culture_siliconite_1;Siliconite Guardsmen Armory;;;;;;;;;;;;;x,,,,,
ca_culture_siliconite_2;Siliconite Guardsmen Armory;;;;;;;;;;;;;x,,,,,
ca_culture_siliconite_3;Siliconite Guardsmen Armory;;;;;;;;;;;;;x,,,,,
ca_culture_siliconite_4;Siliconite Guardsmen Armory;;;;;;;;;;;;;x,,,,,
tb_culture_siliconite_1;Siliconite Guardsmen Grounds;;;;;;;;;;;;;x,,,,,
tb_culture_siliconite_2;Siliconite Guardsmen Grounds;;;;;;;;;;;;;x,,,,,
tb_culture_siliconite_3;Siliconite Guardsmen Grounds;;;;;;;;;;;;;x,,,,,
tb_culture_siliconite_4;Siliconite Guardsmen Grounds;;;;;;;;;;;;;x,,,,,
ca_culture_siliconite_1_desc;The Siliconite Guardsmen are heavily armored men who march around their respective realm. Unmovable in defense, they are sometimes compared to forts in their defensive prowress.;;;;;;;;;;;;;x,,,,
,,,,,
ca_culture_winelander_1;Winelander Infantry Barracks;;;;;;;;;;;;;x,,,,,
ca_culture_winelander_2;Winelander Infantry Barracks;;;;;;;;;;;;;x,,,,,
ca_culture_winelander_3;Winelander Infantry Barracks;;;;;;;;;;;;;x,,,,,
ca_culture_winelander_4;Winelander Infantry Barracks;;;;;;;;;;;;;x,,,,,
tb_culture_winelander_1;Winelander Infantry Halls;;;;;;;;;;;;;x,,,,,
tb_culture_winelander_2;Winelander Infantry Halls;;;;;;;;;;;;;x,,,,,
tb_culture_winelander_3;Winelander Infantry Halls;;;;;;;;;;;;;x,,,,,
tb_culture_winelander_4;Winelander Infantry Halls;;;;;;;;;;;;;x,,,,,
ca_culture_winelander_1_desc;The Winelander Infantry are renowned for their rage-filled attacks. Smart leaders do not engage against them, lest they face their wrath.;;;;;;;;;;;;;x,,,,
,,,,,
ca_culture_jeffersonian_1;Jeffersonian Forest Ranger Station;;;;;;;;;;;;;x,,,,,
ca_culture_jeffersonian_2;Jeffersonian Forest Ranger Station;;;;;;;;;;;;;x,,,,,
ca_culture_jeffersonian_3;Jeffersonian Forest Ranger Station;;;;;;;;;;;;;x,,,,,
ca_culture_jeffersonian_4;Jeffersonian Forest Ranger Station;;;;;;;;;;;;;x,,,,,
tb_culture_jeffersonian_1;Jeffersonian Forest Ranger Outposts;;;;;;;;;;;;;x,,,,,
tb_culture_jeffersonian_2;Jeffersonian Forest Ranger Outposts;;;;;;;;;;;;;x,,,,,
tb_culture_jeffersonian_3;Jeffersonian Forest Ranger Outposts;;;;;;;;;;;;;x,,,,,
tb_culture_jeffersonian_4;Jeffersonian Forest Ranger Outposts;;;;;;;;;;;;;x,,,,,
ca_culture_jeffersonian_1_desc;The Forest Rangers of Jefferson have served for the preservation of forests ever since before the Event. Agile and sneaky, they clear out any miscreant that tries to defile their sacred groves.;;;;;;;;;;;;;x,,,,
,,,,,
ca_culture_cascadian_1;Cascadian Forest Ranger Station;;;;;;;;;;;;;x,,,,,
ca_culture_cascadian_2;Cascadian Forest Ranger Station;;;;;;;;;;;;;x,,,,,
ca_culture_cascadian_3;Cascadian Forest Ranger Station;;;;;;;;;;;;;x,,,,,
ca_culture_cascadian_4;Cascadian Forest Ranger Station;;;;;;;;;;;;;x,,,,,
tb_culture_cascadian_1;Cascadian Forest Ranger Outposts;;;;;;;;;;;;;x,,,,,
tb_culture_cascadian_2;Cascadian Forest Ranger Outposts;;;;;;;;;;;;;x,,,,,
tb_culture_cascadian_3;Cascadian Forest Ranger Outposts;;;;;;;;;;;;;x,,,,,
tb_culture_cascadian_4;Cascadian Forest Ranger Outposts;;;;;;;;;;;;;x,,,,,
ca_culture_cascadian_1_desc;The Forest Rangers of Cascadia have served for the preservation of forests ever since before the Event. Heavy-hitting and fast, they dispatch any miscreant who dares defile or loiter their divine forests.;;;;;;;;;;;;;x,,,,
,,,,,
ca_culture_neo-latin_1;Neolatinum Legionnaire Armory;;;;;;;;;;;;;x,,,,,
ca_culture_neo-latin_2;Neolatinum Legionnaire Armory;;;;;;;;;;;;;x,,,,,
ca_culture_neo-latin_3;Neolatinum Legionnaire Armory;;;;;;;;;;;;;x,,,,,
ca_culture_neo-latin_4;Neolatinum Legionnaire Armory;;;;;;;;;;;;;x,,,,,
tb_culture_neo-latin_1;Neolatinum Legionnaire Camps;;;;;;;;;;;;;x,,,,,
tb_culture_neo-latin_2;Neolatinum Legionnaire Camps;;;;;;;;;;;;;x,,,,,
tb_culture_neo-latin_3;Neolatinum Legionnaire Camps;;;;;;;;;;;;;x,,,,,
tb_culture_neo-latin_4;Neolatinum Legionnaire Camps;;;;;;;;;;;;;x,,,,,
"ca_culture_neo-latin_1_desc;The Legionnaires are a ""revived"" version of the historical counterpart. Using the same weapons", they strike with conviction and strength.;;;;;;;;;;;;;x,,,,
,,,,,
ca_culture_doukhobors_1;Doukhobor Swordsmen Smithery;;;;;;;;;;;;;x,,,,,
ca_culture_doukhobors_2;Doukhobor Swordsmen Smithery;;;;;;;;;;;;;x,,,,,
ca_culture_doukhobors_3;Doukhobor Swordsmen Smithery;;;;;;;;;;;;;x,,,,,
ca_culture_doukhobors_4;Doukhobor Swordsmen Smithery;;;;;;;;;;;;;x,,,,,
tb_culture_doukhobors_1;Doukhobor Swordsmen Camps;;;;;;;;;;;;;x,,,,,
tb_culture_doukhobors_2;Doukhobor Swordsmen Camps;;;;;;;;;;;;;x,,,,,
tb_culture_doukhobors_3;Doukhobor Swordsmen Camps;;;;;;;;;;;;;x,,,,,
tb_culture_doukhobors_4;Doukhobor Swordsmen Camps;;;;;;;;;;;;;x,,,,,
ca_culture_doukhobors_1_desc;The Doukhobor Swordsmen are highly fanatical warriors who will willingly swing their swords agaist the enemy, no matter the situation.;;;;;;;;;;;;;x,,,,
,,,,,
ca_culture_alaskan_1;Ulaskun Raider Barracks;;;;;;;;;;;;;x,,,,,
ca_culture_alaskan_2;Ulaskun Raider Barracks;;;;;;;;;;;;;x,,,,,
ca_culture_alaskan_3;Ulaskun Raider Barracks;;;;;;;;;;;;;x,,,,,
ca_culture_alaskan_4;Ulaskun Raider Barracks;;;;;;;;;;;;;x,,,,,
tb_culture_alaskan_1;Ulaskun Raider Proving Grounds;;;;;;;;;;;;;x,,,,,
tb_culture_alaskan_2;Ulaskun Raider Proving Grounds;;;;;;;;;;;;;x,,,,,
tb_culture_alaskan_3;Ulaskun Raider Proving Grounds;;;;;;;;;;;;;x,,,,,
tb_culture_alaskan_4;Ulaskun Raider Proving Grounds;;;;;;;;;;;;;x,,,,,
ca_culture_alaskan_1_desc;The Ulaskun Raiders are highly feared berserkers who roam the seas of the North Pacific. Their rage-filled attacks leave enemy forces down on the ground, and realms ripe for ransacking.;;;;;;;;;;;;;x,,,,
,,,,,
ca_culture_zouave_lui_1;Louisiana Tiger Range;;;;;;;;;;;;;x,,,,,
ca_culture_zouave_lui_2;Louisiana Tiger Range;;;;;;;;;;;;;x,,,,,
ca_culture_zouave_lui_3;Louisiana Tiger Range;;;;;;;;;;;;;x,,,,,
ca_culture_zouave_lui_4;Louisiana Tiger Range;;;;;;;;;;;;;x,,,,,
tb_culture_zouave_lui_1;Louisiana Tiger Grounds;;;;;;;;;;;;;x,,,,,
tb_culture_zouave_lui_2;Louisiana Tiger Grounds;;;;;;;;;;;;;x,,,,,
tb_culture_zouave_lui_3;Louisiana Tiger Grounds;;;;;;;;;;;;;x,,,,,
tb_culture_zouave_lui_4;Louisiana Tiger Grounds;;;;;;;;;;;;;x,,,,,
ca_culture_zouave_lui_1_desc;Louisiana Tigers are similar to the Zouaves of the Mississipian Empire, yet are said to have existed ages before the Empire came to be. They fight with guerrilla tactics against their opponents, with few even having access to texan firearms.;;;;;;;;;;;;;x,,,
,,,,,
ca_culture_zouave_missi_1;Chicago Zouave Range;;;;;;;;;;;;;x,,,,,
ca_culture_zouave_missi_2;Chicago Zouave Range;;;;;;;;;;;;;x,,,,,
ca_culture_zouave_missi_3;Chicago Zouave Range;;;;;;;;;;;;;x,,,,,
ca_culture_zouave_missi_1;Chicago Zouave Range;;;;;;;;;;;;;x,,,,,
tb_culture_zouave_missi_1;Chicago Zouave Grounds;;;;;;;;;;;;;x,,,,,
tb_culture_zouave_missi_2;Chicago Zouave Grounds;;;;;;;;;;;;;x,,,,,
tb_culture_zouave_missi_3;Chicago Zouave Grounds;;;;;;;;;;;;;x,,,,,
tb_culture_zouave_missi_4;Chicago Zouave Grounds;;;;;;;;;;;;;x,,,,,
ca_culture_zouave_missi_1_desc;The Zouaves of Chicago are an unique sight in the Northern Mississippi, wearing red felt hats and chasseur trousers. Their renown comes from their combat prowess, fast movement, and exceptional marksmanship. This has lead to Zouaves becoming widespread trough out the Mississippi.;;;;;;;;;;;;;x,,
,,,,,
ca_culture_hudsunite_1;Hudsunite Infantry Barracks;;;;;;;;;;;;;x,,,,,
ca_culture_hudsunite_2;Hudsunite Infantry Barracks;;;;;;;;;;;;;x,,,,,
ca_culture_hudsunite_3;Hudsunite Infantry Barracks;;;;;;;;;;;;;x,,,,,
ca_culture_hudsunite_4;Hudsunite Infantry Barracks;;;;;;;;;;;;;x,,,,,
ca_culture_hudsunite_1_desc;These barracks train the proud infantry born from the banks of the Hudson River. These men specialize in both offense and defense, giving their enemies shock.;;;;;;;;;;;;;x,,,,
tb_culture_hudsunite_1;Hudsunite Infantry Shacks;;;;;;;;;;;;;x,,,,,
tb_culture_hudsunite_2;Hudsunite Infantry Shacks;;;;;;;;;;;;;x,,,,,
tb_culture_hudsunite_3;Hudsunite Infantry Shacks;;;;;;;;;;;;;x,,,,,
tb_culture_hudsunite_4;Hudsunite Infantry Shacks;;;;;;;;;;;;;x,,,,,
tb_culture_hudsunite_1_desc;These shacks train the proud infantry born from the banks of the Hudson River. These men specialize in both offense and defense, giving their enemies shock.;;;;;;;;;;;;;x,,,,
,,,,,
ca_culture_catskiller_1;Catskiller Archer Range;;;;;;;;;;;;;x,,,,,
ca_culture_catskiller_2;Catskiller Archer Range;;;;;;;;;;;;;x,,,,,
ca_culture_catskiller_3;Catskiller Archer Range;;;;;;;;;;;;;x,,,,,
ca_culture_catskiller_4;Catskiller Archer Range;;;;;;;;;;;;;x,,,,,
ca_culture_catskiller_1_desc;These ranges train the archers of the Catskiller, who hail down their flurry of arrows with relative ease.;;;;;;;;;;;;;x,,,,
tb_culture_catskiller_1;Catskiller Archer Grounds;;;;;;;;;;;;;x,,,,,
tb_culture_catskiller_2;Catskiller Archer Grounds;;;;;;;;;;;;;x,,,,,
tb_culture_catskiller_3;Catskiller Archer Grounds;;;;;;;;;;;;;x,,,,,
tb_culture_catskiller_4;Catskiller Archer Grounds;;;;;;;;;;;;;x,,,,,
tb_culture_catskiller_1_desc;These grounds train the archers of the Catskiller, who hail down their flurry of arrows with relative ease.;;;;;;;;;;;;;x,,,,
,,,,,
ca_culture_finger_laker_1;Fingerlaiker Skirmisher Drillhouse;;;;;;;;;;;;;x,,,,,
ca_culture_finger_laker_2;Fingerlaiker Skirmisher Drillhouse;;;;;;;;;;;;;x,,,,,
ca_culture_finger_laker_3;Fingerlaiker Skirmisher Drillhouse;;;;;;;;;;;;;x,,,,,
ca_culture_finger_laker_4;Fingerlaiker Skirmisher Drillhouse;;;;;;;;;;;;;x,,,,,
ca_culture_finger_laker_1_desc;These houses drill the skirmishers of the Fingerlaiker. They guard the frontiers of the realm, keeping off any straglers who dare come near.;;;;;;;;;;;;;x,,,,
tb_culture_finger_laker_1;Fingerlaiker Skirmisher Proving Grounds;;;;;;;;;;;;;x,,,,,
tb_culture_finger_laker_2;Fingerlaiker Skirmisher Proving Grounds;;;;;;;;;;;;;x,,,,,
tb_culture_finger_laker_3;Fingerlaiker Skirmisher Proving Grounds;;;;;;;;;;;;;x,,,,,
tb_culture_finger_laker_4;Fingerlaiker Skirmisher Proving Grounds;;;;;;;;;;;;;x,,,,,
tb_culture_finger_laker_1_desc;These grounds drill the skirmishers of the Fingerlaiker. They guard the frontiers of the realm, keeping off any straglers who dare come near.;;;;;;;;;;;;;x,,,,
,,,,,
ca_culture_associators_1;Associator Hall;;;;;;;;;;;;;x,,,,,
ca_culture_associators_2;Associator Hall;;;;;;;;;;;;;x,,,,,
ca_culture_associators_3;Associator Hall;;;;;;;;;;;;;x,,,,,
ca_culture_associators_4;Associator Hall;;;;;;;;;;;;;x,,,,,
tb_culture_associators_1;Associator Meeting Grounds;;;;;;;;;;;;;x,,,,,
tb_culture_associators_2;Associator Meeting Grounds;;;;;;;;;;;;;x,,,,,
tb_culture_associators_3;Associator Meeting Grounds;;;;;;;;;;;;;x,,,,,
tb_culture_associators_4;Associator Meeting Grounds;;;;;;;;;;;;;x,,,,,
ca_culture_associators_1_desc;The Associators are a antediviludian group of Pennsylvanians who were volunteer militias who fought for Old America. Today, these men are of the same volunteer nature, helping whoever needs aid.;;;;;;;;;;;;;x,,,
,,,,,
ca_culture_gaoshan_1;Gaoshan Crossbow Range;;;;;;;;;;;;;x,,,,,
ca_culture_gaoshan_2;Gaoshan Crossbow Range;;;;;;;;;;;;;x,,,,,
ca_culture_gaoshan_3;Gaoshan Crossbow Range;;;;;;;;;;;;;x,,,,,
ca_culture_gaoshan_4;Gaoshan Crossbow Range;;;;;;;;;;;;;x,,,,,
tb_culture_gaoshan_1;Gaoshan Crossbow Camp;;;;;;;;;;;;;x,,,,,
tb_culture_gaoshan_2;Gaoshan Crossbow Camp;;;;;;;;;;;;;x,,,,,
tb_culture_gaoshan_3;Gaoshan Crossbow Camp;;;;;;;;;;;;;x,,,,,
tb_culture_gaoshan_4;Gaoshan Crossbow Camp;;;;;;;;;;;;;x,,,,,
ca_culture_gaoshan_1_desc;The Crossbowmen of Gaoshan are one of the best skirmishers the East Coast has to offer, having exceptional training from an early age and knowledge of their homeland.;;;;;;;;;;;;;x,,,,
,,,,,
ca_culture_angcarib_1;Merikin Barracks;;;;;;;;;;;;;x,,,,,
ca_culture_angcarib_2;Merikin Barracks;;;;;;;;;;;;;x,,,,,
ca_culture_angcarib_3;Merikin Barracks;;;;;;;;;;;;;x,,,,,
ca_culture_angcarib_4;Merikin Barracks;;;;;;;;;;;;;x,,,,,
ca_culture_angcarib_1_desc;These Barracks house the Merikins, warriors who claim descent from freedmen of the North American continent who fought for an Empire in which the Sun never set.;;;;;;;;;;;;;x,,,,
,,,,,
ca_culture_group_north_germanic_1_desc;Lake Superior is home to the Hockey Axemen, cladding themselves heavy armor and wielding unique axes which are told to have been used for generations in combat and sports.;;;;;;;;;x,,,,
ca_culture_group_north_germanic_1;Hockey Axemen Barracks;;;;;;;;;;;;;x,,,,,
ca_culture_group_north_germanic_2;Hockey Axemen Barracks;;;;;;;;;;;;;x,,,,,
ca_culture_group_north_germanic_3;Hockey Axemen Barracks;;;;;;;;;;;;;x,,,,,
ca_culture_group_north_germanic_4;Hockey Axemen Barracks;;;;;;;;;;;;;x,,,,,
tb_culture_group_north_germanic_1;Hockey Axemen Camp;;;;;;;;;;;;;x,,,,,
tb_culture_group_north_germanic_2;Hockey Axemen Camp;;;;;;;;;;;;;x,,,,,
tb_culture_group_north_germanic_3;Hockey Axemen Camp;;;;;;;;;;;;;x,,,,,
tb_culture_group_north_germanic_4;Hockey Axemen Camp;;;;;;;;;;;;;x,,,,,
,,,,,
ca_culture_albertan_1;Albertan Infantry Barracks;;;;;;;;;;;;;x,,,,,
ca_culture_albertan_2;Albertan Infantry Barracks;;;;;;;;;;;;;x,,,,,
ca_culture_albertan_3;Albertan Infantry Barracks;;;;;;;;;;;;;x,,,,,
ca_culture_albertan_4;Albertan Infantry Barracks;;;;;;;;;;;;;x,,,,,
tb_culture_albertan_1;Albertan Infantry Camp;;;;;;;;;;;;;x,,,,,
tb_culture_albertan_2;Albertan Infantry Camp;;;;;;;;;;;;;x,,,,,
tb_culture_albertan_3;Albertan Infantry Camp;;;;;;;;;;;;;x,,,,,
tb_culture_albertan_4;Albertan Infantry Camp;;;;;;;;;;;;;x,,,,,
ca_culture_albertan_1_desc;The Albertan Infantry are men who defend the realms of Alberta with pride. Their excellent defence makes them perfect walls against any enemy at the gates.;;;;;;;;;;;;;x,,,,,
,,,,,
ca_culture_flatlander_1;Flatlander Cavalrymen Stables;;;;;;;;;;;;;x,,,,,
ca_culture_flatlander_2;Flatlander Cavalrymen Stables;;;;;;;;;;;;;x,,,,,
ca_culture_flatlander_3;Flatlander Cavalrymen Stables;;;;;;;;;;;;;x,,,,,
ca_culture_flatlander_4;Flatlander Cavalrymen Stables;;;;;;;;;;;;;x,,,,,
tb_culture_flatlander_1;Flatlander Cavalrymen Fields;;;;;;;;;;;;;x,,,,,
tb_culture_flatlander_2;Flatlander Cavalrymen Fields;;;;;;;;;;;;;x,,,,,
tb_culture_flatlander_3;Flatlander Cavalrymen Fields;;;;;;;;;;;;;x,,,,,
tb_culture_flatlander_4;Flatlander Cavalrymen Fields;;;;;;;;;;;;;x,,,,,
ca_culture_flatlander_1_desc;The Flatlander Cavalrymen are horsemen who ride towards the praries with high spirits and vicious offense. With their camaraderie towards each other, they fight side by side with unbreaking resolve.;;;;;;;;;;;;;x,,,,
,,,,,
ca_culture_yupi_1;Jaakeri Range;;;;;;;;;;;;;x,,,,,
ca_culture_yupi_2;Jaakeri Range;;;;;;;;;;;;;x,,,,,
ca_culture_yupi_3;Jaakeri Range;;;;;;;;;;;;;x,,,,,
ca_culture_yupi_4;Jaakeri Range;;;;;;;;;;;;;x,,,,,
tb_culture_yupi_1;Jaakeri Camp;;;;;;;;;;;;;x,,,,,
tb_culture_yupi_2;Jaakeri Camp;;;;;;;;;;;;;x,,,,,
tb_culture_yupi_3;Jaakeri Camp;;;;;;;;;;;;;x,,,,,
tb_culture_yupi_4;Jaakeri Camp;;;;;;;;;;;;;x,,,,,
ca_culture_yupi_1_desc;The Jaakeri are a notable ranger unit. With knowledge of the forest in the back of their palms, they effortlessly hunt down their adversaries.;;;;;;;;;;;;;x,,,,
,,,,,
ca_culture_usa_camel_1;Southwestern Camelry;;;;;;;;;;;;;x,,,,,
ca_culture_usa_camel_2;Southwestern Camelry;;;;;;;;;;;;;x,,,,,
ca_culture_usa_camel_2;Southwestern Camelry;;;;;;;;;;;;;x,,,,,
ca_culture_usa_camel_4;Southwestern Camelry;;;;;;;;;;;;;x,,,,,
tb_culture_usa_camel_1;Southwestern Camelry;;;;;;;;;;;;;x,,,,,
tb_culture_usa_camel_2;Southwestern Camelry;;;;;;;;;;;;;x,,,,,
tb_culture_usa_camel_3;Southwestern Camelry;;;;;;;;;;;;;x,,,,,
tb_culture_usa_camel_4;Southwestern Camelry;;;;;;;;;;;;;x,,,,,
ca_culture_usa_camel_1_desc;Camelry is an unique phenomenon among the people of the Southwest," with tales told of a far away land called ""Africa"" where their ancestors brought them from. Camels have become the most widely used mounts in these regions thanks to their adaption to the climate and large population thanks to wild populations and breeding.;;;;;;;;;;;;;x",,,,
,,,,,
ca_culture_pnw_camel_1;Northwestern Camelry;;;;;;;;;;;;;x,,,,,
ca_culture_pnw_camel_2;Northwestern Camelry;;;;;;;;;;;;;x,,,,,
ca_culture_pnw_camel_3;Northwestern Camelry;;;;;;;;;;;;;x,,,,,
ca_culture_pnw_camel_4;Northwestern Camelry;;;;;;;;;;;;;x,,,,,
tb_culture_pnw_camel_1;Northwestern Camelry;;;;;;;;;;;;;x,,,,,
tb_culture_pnw_camel_2;Northwestern Camelry;;;;;;;;;;;;;x,,,,,
tb_culture_pnw_camel_3;Northwestern Camelry;;;;;;;;;;;;;x,,,,,
tb_culture_pnw_camel_4;Northwestern Camelry;;;;;;;;;;;;;x,,,,,
ca_culture_pnw_camel_1_desc;Camelry in the Northwest have been a shockingly common sight, as the Southwestern Camels have either been imported or naturally migrated to the temperate Northwest. Surprisingly, they have adapted in the cold temperatures, and have been used as mounts and bred.;;;;;;;;;;;;;x,,
,,,,,
ca_culture_east_texas_1;Texan Gunslingers;;;;;;;;;;;;;x,,,,,
ca_culture_east_texas_2;Texan Gunslingers;;;;;;;;;;;;;x,,,,,
ca_culture_east_texas_3;Texan Gunslingers;;;;;;;;;;;;;x,,,,,
ca_culture_east_texas_4;Texan Gunslingers;;;;;;;;;;;;;x,,,,,
ca_culture_east_texas_1_desc;Texan Gunslingers are one of the few men left who continue the use of gunpowder. Their use of roughly made firearms has made them legendary among tribals, nomads and settled peoples alike in the lands of the Old West.;;;;;;;;;;;;;x,,,,
,,,,,
tb_culture_newfie_1;Newfie Archer Shacks;;;;;;;;;;;;x,,,,,
tb_culture_newfie_2;Newfie Archer Shacks;;;;;;;;;;;;x,,,,,
tb_culture_newfie_3;Newfie Archer Shacks;;;;;;;;;;;;x,,,,,
tb_culture_newfie_4;Newfie Archer Shacks;;;;;;;;;;;;x,,,,,
tb_culture_newfie_1_desc;These shacks house archers hardened by The Rock. Their long-standing tradition of using the longbow gives them an edge on the skill of archery.;;;;;;;;;;;;x,,,,,
ca_culture_newfie_1;Newfie Archer Range;;;;;;;;;;;;x,,,,,
ca_culture_newfie_2;Newfie Archer Range;;;;;;;;;;;;x,,,,,
ca_culture_newfie_3;Newfie Archer Range;;;;;;;;;;;;x,,,,,
ca_culture_newfie_4;Newfie Archer Range;;;;;;;;;;;;x,,,,,
ca_culture_newfie_1_desc;These ranges house archers hardened by The Rock. Their long-standing tradition of using the longbow gives them an edge on the skill of archery.;;;;;;;;;;;;x,,,,,
,,,,,
ca_culture_michif_1;Michif Skirmisher Barracks;;;;;;;;;;;;x,,,,,
ca_culture_michif_2;Michif Skirmisher Barracks;;;;;;;;;;;;x,,,,,
ca_culture_michif_3;Michif Skirmisher Barracks;;;;;;;;;;;;x,,,,,
ca_culture_michif_4;Michif Skirmisher Barracks;;;;;;;;;;;;x,,,,,
tb_culture_michif_1;Michif Skirmisher Grounds;;;;;;;;;;;;x,,,,,
tb_culture_michif_2;Michif Skirmisher Grounds;;;;;;;;;;;;x,,,,,
tb_culture_michif_3;Michif Skirmisher Grounds;;;;;;;;;;;;x,,,,,
tb_culture_michif_4;Michif Skirmisher Grounds;;;;;;;;;;;;x,,,,,
ca_culture_michif_1_desc;The Michif Skirmishers are soldiers with methods of defense drilled into their very soul. They defend their realm from any threat, whether hail or sun.;;;;;;;;;;;;x,,,,
,,,,,
ca_culture_mikmaq_1;Mi'kmaq Spearmen Barracks;;;;;;;;;;;;x,,,,,
ca_culture_mikmaq_2;Mi'kmaq Spearmen Barracks;;;;;;;;;;;;x,,,,,
ca_culture_mikmaq_3;Mi'kmaq Spearmen Barracks;;;;;;;;;;;;x,,,,,
ca_culture_mikmaq_4;Mi'kmaq Spearmen Barracks;;;;;;;;;;;;x,,,,,
ca_culture_mikmaq_1_desc;These barracks house the proud spearmen of the Mi'kmaq. They use their nets from their peacetime fishing to catch the enemy's foot, then pull the net towards them for an easy kill.;;;;;;;;;;;;x,,,,
tb_culture_mikmaq_1;Mi'kmaq Spearmen Tents;;;;;;;;;;;;x,,,,,
tb_culture_mikmaq_2;Mi'kmaq Spearmen Tents;;;;;;;;;;;;x,,,,,
tb_culture_mikmaq_3;Mi'kmaq Spearmen Tents;;;;;;;;;;;;x,,,,,
tb_culture_mikmaq_4;Mi'kmaq Spearmen Tents;;;;;;;;;;;;x,,,,,
tb_culture_mikmaq_1_desc;These tents house the proud spearmen of the Mi'kmaq. They use their nets from their peacetime fishing to catch the enemy's foot, then pull the net towards them for an easy kill.;;;;;;;;;;;;x,,,,
,,,,,
tb_culture_penobscot_1;Panawahpskewi Archer Grounds;;;;;;;;;;;;x,,,,,
tb_culture_penobscot_2;Panawahpskewi Archer Grounds;;;;;;;;;;;;x,,,,,
tb_culture_penobscot_3;Panawahpskewi Archer Grounds;;;;;;;;;;;;x,,,,,
tb_culture_penobscot_4;Panawahpskewi Archer Grounds;;;;;;;;;;;;x,,,,,
tb_culture_penobscot_1_desc;These grounds house archers hailing from the Panawahspkewi. Using their unique bows, they hail death down their enemies.;;;;;;;;;;;;x,,,,
ca_culture_penobscot_1;Panawahpskewi Archer Range;;;;;;;;;;;;x,,,,,
ca_culture_penobscot_2;Panawahpskewi Archer Range;;;;;;;;;;;;x,,,,,
ca_culture_penobscot_3;Panawahpskewi Archer Range;;;;;;;;;;;;x,,,,,
ca_culture_penobscot_4;Panawahpskewi Archer Range;;;;;;;;;;;;x,,,,,
ca_culture_penobscot_1_desc;These ranges house archers hailing from the Panawahspkewi. Using their unique bows, they hail death down their enemies.;;;;;;;;;;;;x,,,,
,,,,,
ca_culture_wampanoag_1;Wopanaak Whaler Ports;;;;;;;;;;;;x,,,,,
ca_culture_wampanoag_2;Wopanaak Whaler Ports;;;;;;;;;;;;x,,,,,
ca_culture_wampanoag_3;Wopanaak Whaler Ports;;;;;;;;;;;;x,,,,,
ca_culture_wampanoag_4;Wopanaak Whaler Ports;;;;;;;;;;;;x,,,,,
ca_culture_wampanoag_1_desc;These ports give shelter to the esteemed whalers of the Wopanaak. Using their skills in whaling, they skewer their opponents with the same force as against a whale.;;;;;;;;;;;;x,,,,
tb_culture_wampanoag_1;Wopanaak Whaler Docks;;;;;;;;;;;;x,,,,,
tb_culture_wampanoag_2;Wopanaak Whaler Docks;;;;;;;;;;;;x,,,,,
tb_culture_wampanoag_3;Wopanaak Whaler Docks;;;;;;;;;;;;x,,,,,
tb_culture_wampanoag_4;Wopanaak Whaler Docks;;;;;;;;;;;;x,,,,,
tb_culture_wampanoag_1_desc;These docks give shelter to the esteemed whalers of the Wopanaak. Using their skills in whaling, they skewer their opponents with the same force as against a whale.;;;;;;;;;;;;x,,,,
,,,,,
ca_culture_mohican_1;Muhhekunneuw Axemen Armory;;;;;;;;;;;;x,,,,,
ca_culture_mohican_2;Muhhekunneuw Axemen Armory;;;;;;;;;;;;x,,,,,
ca_culture_mohican_3;Muhhekunneuw Axemen Armory;;;;;;;;;;;;x,,,,,
ca_culture_mohican_4;Muhhekunneuw Axemen Armory;;;;;;;;;;;;x,,,,,
ca_culture_mohican_1_desc;These armories house the Muhhekunneuw men who wield their axes to battle, with no fear in their eyes.;;;;;;;;;;;;x,,,,
tb_culture_mohican_1;Muhhekunneuw Axemen Smithery;;;;;;;;;;;;x,,,,,
tb_culture_mohican_2;Muhhekunneuw Axemen Smithery;;;;;;;;;;;;x,,,,,
tb_culture_mohican_3;Muhhekunneuw Axemen Smithery;;;;;;;;;;;;x,,,,,
tb_culture_mohican_4;Muhhekunneuw Axemen Smithery;;;;;;;;;;;;x,,,,,
tb_culture_mohican_1_desc;These smitheries house the Muhhekunneuw men who wield their axes to battle, with no fear in their eyes.;;;;;;;;;;;;x,,,,
,,,,,
ca_culture_lenape_1;Lenape Hunter Tents;;;;;;;;;;;;x,,,,,
ca_culture_lenape_2;Lenape Hunter Tents;;;;;;;;;;;;x,,,,,
ca_culture_lenape_3;Lenape Hunter Tents;;;;;;;;;;;;x,,,,,
ca_culture_lenape_4;Lenape Hunter Tents;;;;;;;;;;;;x,,,,,
ca_culture_lenape_1_desc;These tents house the ferocious hunters of the Lenape. Their aggresive approach to hunt prey bleeds into their battle tactics.;;;;;;;;;;;;x,,,,,
tb_culture_lenape_1;Lenape Hunter Grounds;;;;;;;;;;;;x,,,,,
tb_culture_lenape_2;Lenape Hunter Grounds;;;;;;;;;;;;x,,,,,
tb_culture_lenape_3;Lenape Hunter Grounds;;;;;;;;;;;;x,,,,,
tb_culture_lenape_4;Lenape Hunter Grounds;;;;;;;;;;;;x,,,,,
tb_culture_lenape_1_desc;These grounds house the ferocious hunters of the Lenape. Their aggresive approach to hunt prey bleeds into their battle tactics.;;;;;;;;;;;;x,,,,,
,,,,,
ca_culture_haudenosaunee_1;Haudenosaunee Warrior Barracks;;;;;;;;;;;;x,,,,,
ca_culture_haudenosaunee_2;Haudenosaunee Warrior Barracks;;;;;;;;;;;;x,,,,,
ca_culture_haudenosaunee_3;Haudenosaunee Warrior Barracks;;;;;;;;;;;;x,,,,,
ca_culture_haudenosaunee_4;Haudenosaunee Warrior Barracks;;;;;;;;;;;;x,,,,,
tb_culture_haudenosaunee_1;Haudenosaunee Warrior Proving Grounds;;;;;;;;;;;;x,,,,,
tb_culture_haudenosaunee_2;Haudenosaunee Warrior Proving Grounds;;;;;;;;;;;;x,,,,,
tb_culture_haudenosaunee_3;Haudenosaunee Warrior Proving Grounds;;;;;;;;;;;;x,,,,,
tb_culture_haudenosaunee_4;Haudenosaunee Warrior Proving Grounds;;;;;;;;;;;;x,,,,,
ca_culture_haudenosaunee_1_desc;The proud warriors of the Haudenosaunee have been wielding their weapons since antediviludian times, stopping when Old America forced them to surrender their weapons. After the Event, these men have equipped their weapons once more, striking fear into their adversaries.;;;;;;;;;;;;x,,
,,,,,
ca_culture_cree_1;Cree Skirmisher Drillhouse;;;;;;;;;;;;x,,,,,
ca_culture_cree_2;Cree Skirmisher Drillhouse;;;;;;;;;;;;x,,,,,
ca_culture_cree_3;Cree Skirmisher Drillhouse;;;;;;;;;;;;x,,,,,
ca_culture_cree_4;Cree Skirmisher Drillhouse;;;;;;;;;;;;x,,,,,
ca_culture_cree_1_desc;These houses drill the hardy Cree skirmishers. Using their pesistence, they outrun and outlast their opponents.;;;;;;;;;;;;x,,,,
tb_culture_cree_1;Cree Skirmisher Tents;;;;;;;;;;;;x,,,,,
tb_culture_cree_2;Cree Skirmisher Tents;;;;;;;;;;;;x,,,,,
tb_culture_cree_3;Cree Skirmisher Tents;;;;;;;;;;;;x,,,,,
tb_culture_cree_4;Cree Skirmisher Tents;;;;;;;;;;;;x,,,,,
tb_culture_cree_1_desc;These tents drill the hardy Cree skirmishers. Using their pesistence, they outrun and outlast their opponents.;;;;;;;;;;;;x,,,,
,,,,,
ca_culture_ojibwe_1;Ojibwe Hunter Lodge;;;;;;;;;;;;x,,,,,
ca_culture_ojibwe_2;Ojibwe Hunter Lodge;;;;;;;;;;;;x,,,,,
ca_culture_ojibwe_3;Ojibwe Hunter Lodge;;;;;;;;;;;;x,,,,,
ca_culture_ojibwe_4;Ojibwe Hunter Lodge;;;;;;;;;;;;x,,,,,
tb_culture_ojibwe_1;Ojibwe Hunter Tents;;;;;;;;;;;;x,,,,,
tb_culture_ojibwe_2;Ojibwe Hunter Tents;;;;;;;;;;;;x,,,,,
tb_culture_ojibwe_3;Ojibwe Hunter Tents;;;;;;;;;;;;x,,,,,
tb_culture_ojibwe_4;Ojibwe Hunter Tents;;;;;;;;;;;;x,,,,,
ca_culture_ojibwe_1_desc;The Ojibwe Hunters are artic archers who possesses more will than their enemy due to the harsh conditions of their hunting grounds. Patience and persistence gives them an edge against their adversaries.;;;;;;;;;;;;x,,,,,
,,,,,
ca_culture_siouan_1;Sioux Lancer Stables;;;;;;;;;;;;x,,,,,
ca_culture_siouan_2;Sioux Lancer Stables;;;;;;;;;;;;x,,,,,
ca_culture_siouan_3;Sioux Lancer Stables;;;;;;;;;;;;x,,,,,
ca_culture_siouan_4;Sioux Lancer Stables;;;;;;;;;;;;x,,,,,
tb_culture_siouan_1;Sioux Lancer Fields;;;;;;;;;;;;x,,,,,
tb_culture_siouan_2;Sioux Lancer Fields;;;;;;;;;;;;x,,,,,
tb_culture_siouan_3;Sioux Lancer Fields;;;;;;;;;;;;x,,,,,
tb_culture_siouan_4;Sioux Lancer Fields;;;;;;;;;;;;x,,,,,
ca_culture_siouan_1_desc;The lancers of the Sioux boast their magnificent lances in battle, crashing against any who dare be in their path.;;;;;;;;;;;;x,,,,
,,,,,
ca_culture_crow_1;Apsalooke Scout Stables;;;;;;;;;;;;x,,,,,
ca_culture_crow_2;Apsalooke Scout Stables;;;;;;;;;;;;x,,,,,
ca_culture_crow_3;Apsalooke Scout Stables;;;;;;;;;;;;x,,,,,
ca_culture_crow_4;Apsalooke Scout Stables;;;;;;;;;;;;x,,,,,
tb_culture_crow_1;Apsalooke Scout Fields;;;;;;;;;;;;x,,,,,
tb_culture_crow_2;Apsalooke Scout Fields;;;;;;;;;;;;x,,,,,
tb_culture_crow_3;Apsalooke Scout Fields;;;;;;;;;;;;x,,,,,
tb_culture_crow_4;Apsalooke Scout Fields;;;;;;;;;;;;x,,,,,
ca_culture_crow_1_desc;The Apsalooke Scouts have served their people even before the dreaded Event. Nimble in their movement, they shock their enemies with their arrows.;;;;;;;;;;;;x,,,,
,,,,,
ca_culture_cheyenne_1;Cheyenne Warrior Barracks;;;;;;;;;;;;x,,,,,
ca_culture_cheyenne_2;Cheyenne Warrior Barracks;;;;;;;;;;;;x,,,,,
ca_culture_cheyenne_3;Cheyenne Warrior Barracks;;;;;;;;;;;;x,,,,,
ca_culture_cheyenne_4;Cheyenne Warrior Barracks;;;;;;;;;;;;x,,,,,
tb_culture_cheyenne_1;Cheyenne Warrior Halls;;;;;;;;;;;;x,,,,,
tb_culture_cheyenne_2;Cheyenne Warrior Halls;;;;;;;;;;;;x,,,,,
tb_culture_cheyenne_3;Cheyenne Warrior Halls;;;;;;;;;;;;x,,,,,
tb_culture_cheyenne_4;Cheyenne Warrior Halls;;;;;;;;;;;;x,,,,,
ca_culture_cheyenne_1_desc;The Cheyenne Warriors are men (and sometimes women) that take up in the many ancestral ways to fight for their people, doing so even before the Event. The march of time has not dulled their skills.;;;;;;;;;;;;x,,,,
,,,,,
ca_culture_arapaho_1;Arapaho Warrior Barracks;;;;;;;;;;;;x,,,,,
ca_culture_arapaho_2;Arapaho Warrior Barracks;;;;;;;;;;;;x,,,,,
ca_culture_arapaho_3;Arapaho Warrior Barracks;;;;;;;;;;;;x,,,,,
ca_culture_arapaho_4;Arapaho Warrior Barracks;;;;;;;;;;;;x,,,,,
tb_culture_arapaho_1;Arapaho Warrior Halls;;;;;;;;;;;;x,,,,,
tb_culture_arapaho_2;Arapaho Warrior Halls;;;;;;;;;;;;x,,,,,
tb_culture_arapaho_3;Arapaho Warrior Halls;;;;;;;;;;;;x,,,,,
tb_culture_arapaho_4;Arapaho Warrior Halls;;;;;;;;;;;;x,,,,,
ca_culture_arapaho_1_desc;The Arapaho Warriors are men who paint themselves and their mounts with ceremonial paint, to attain spiritual power. This tradition, traced from centuries before the Event, has not eroded, and their skills in combat remain the same.;;;;;;;;;;;;x,
,,,,,
ca_culture_plains_ojibwe_1;Plains Ojibwe Warrior Barracks;;;;;;;;;;;;x,,,,,
ca_culture_plains_ojibwe_2;Plains Ojibwe Warrior Barracks;;;;;;;;;;;;x,,,,,
ca_culture_plains_ojibwe_3;Plains Ojibwe Warrior Barracks;;;;;;;;;;;;x,,,,,
ca_culture_plains_ojibwe_4;Plains Ojibwe Warrior Barracks;;;;;;;;;;;;x,,,,,
tb_culture_plains_ojibwe_1;Plains Ojibwe Warrior Halls;;;;;;;;;;;;x,,,,,
tb_culture_plains_ojibwe_2;Plains Ojibwe Warrior Halls;;;;;;;;;;;;x,,,,,
tb_culture_plains_ojibwe_3;Plains Ojibwe Warrior Halls;;;;;;;;;;;;x,,,,,
tb_culture_plains_ojibwe_4;Plains Ojibwe Warrior Halls;;;;;;;;;;;;x,,,,,
ca_culture_plains_ojibwe_1_desc;The Ojibwe Warriors are men who use the lament they have of being displaced from their true homeland into rage, fighting for the lands they have left.;;;;;;;;;;;;x,,,,
,,,,,
ca_culture_caddoan_1;Caddo Hunter Camps;;;;;;;;;;;;x,,,,,
ca_culture_caddoan_2;Caddo Hunter Camps;;;;;;;;;;;;x,,,,,
ca_culture_caddoan_3;Caddo Hunter Camps;;;;;;;;;;;;x,,,,,
ca_culture_caddoan_4;Caddo Hunter Camps;;;;;;;;;;;;x,,,,,
tb_culture_caddoan_1;Caddo Hunter Huts;;;;;;;;;;;;x,,,,,
tb_culture_caddoan_2;Caddo Hunter Huts;;;;;;;;;;;;x,,,,,
tb_culture_caddoan_3;Caddo Hunter Huts;;;;;;;;;;;;x,,,,,
tb_culture_caddoan_4;Caddo Hunter Huts;;;;;;;;;;;;x,,,,,
ca_culture_caddoan_1_desc;The Caddo Hunters are elite hunters who will track and attack prey with no remose, as how the life on the Plains has made them adapt.;;;;;;;;;;;;x,,,,
,,,,,
ca_culture_kiowa_1;Cauigu Swordsmen Barracks;;;;;;;;;;;;x,,,,,
ca_culture_kiowa_2;Cauigu Swordsmen Barracks;;;;;;;;;;;;x,,,,,
ca_culture_kiowa_3;Cauigu Swordsmen Barracks;;;;;;;;;;;;x,,,,,
ca_culture_kiowa_4;Cauigu Swordsmen Barracks;;;;;;;;;;;;x,,,,,
tb_culture_kiowa_1;Cauigu Swordsmen Grounds;;;;;;;;;;;;x,,,,,
tb_culture_kiowa_2;Cauigu Swordsmen Grounds;;;;;;;;;;;;x,,,,,
tb_culture_kiowa_3;Cauigu Swordsmen Grounds;;;;;;;;;;;;x,,,,,
tb_culture_kiowa_4;Cauigu Swordsmen Grounds;;;;;;;;;;;;x,,,,,
ca_culture_kiowa_1_desc;The Cauigu Swordsmen are fierce warriors who will charge against any foe they see, with formidable strength backing them to do so.;;;;;;;;;;;;x,,,,
,,,,,
ca_culture_muskogean_1;Muskogean Skirmisher Training Grounds;;;;;;;;;;;;x,,,,,
ca_culture_muskogean_2;Muskogean Skirmisher Training Grounds;;;;;;;;;;;;x,,,,,
ca_culture_muskogean_3;Muskogean Skirmisher Training Grounds;;;;;;;;;;;;x,,,,,
ca_culture_muskogean_4;Muskogean Skirmisher Training Grounds;;;;;;;;;;;;x,,,,,
tb_culture_muskogean_1;Muskogean Skirmisher Proving Grounds;;;;;;;;;;;;x,,,,,
tb_culture_muskogean_2;Muskogean Skirmisher Proving Grounds;;;;;;;;;;;;x,,,,,
tb_culture_muskogean_3;Muskogean Skirmisher Proving Grounds;;;;;;;;;;;;x,,,,,
tb_culture_muskogean_4;Muskogean Skirmisher Proving Grounds;;;;;;;;;;;;x,,,,,
ca_culture_muskogean_1_desc;The Muskogee Skirmishers are fast-moving conscripts, hitting hard and moving quick to pick off the enemy.;;;;;;;;;;;;x,,,,
,,,,,
ca_culture_fox_1;Othakiwaki Archer Range;;;;;;;;;;;;x,,,,,
ca_culture_fox_2;Othakiwaki Archer Range;;;;;;;;;;;;x,,,,,
ca_culture_fox_3;Othakiwaki Archer Range;;;;;;;;;;;;x,,,,,
ca_culture_fox_4;Othakiwaki Archer Range;;;;;;;;;;;;x,,,,,
tb_culture_fox_1;Othakiwaki Archer Camps;;;;;;;;;;;;x,,,,,
tb_culture_fox_2;Othakiwaki Archer Camps;;;;;;;;;;;;x,,,,,
tb_culture_fox_3;Othakiwaki Archer Camps;;;;;;;;;;;;x,,,,,
tb_culture_fox_4;Othakiwaki Archer Camps;;;;;;;;;;;;x,,,,,
ca_culture_fox_1_desc;The Othakiwaki Archers are men who's arrows are pin-point accurate in their target. Their pride lies in their ability to fend off any adversary that crosses their paths.;;;;;;;;;;;;x,,,,,
,,,,,
ca_culture_gros_ventre_1;A'aaniinenna Skirmisher Armory;;;;;;;;;;;;x,,,,,
ca_culture_gros_ventre_2;A'aaniinenna Skirmisher Armory;;;;;;;;;;;;x,,,,,
ca_culture_gros_ventre_3;A'aaniinenna Skirmisher Armory;;;;;;;;;;;;x,,,,,
ca_culture_gros_ventre_4;A'aaniinenna Skirmisher Armory;;;;;;;;;;;;x,,,,,
tb_culture_gros_ventre_1;A'aaniinenna Skirmisher Grounds;;;;;;;;;;;;x,,,,,
tb_culture_gros_ventre_2;A'aaniinenna Skirmisher Grounds;;;;;;;;;;;;x,,,,,
tb_culture_gros_ventre_3;A'aaniinenna Skirmisher Grounds;;;;;;;;;;;;x,,,,,
tb_culture_gros_ventre_4;A'aaniinenna Skirmisher Grounds;;;;;;;;;;;;x,,,,,
ca_culture_gros_ventre_1_desc;The A'aaniinenna Skirmishers are a force that uses their horses to harrass their enemies, giving their archers ample time to pin them to the ground.;;;;;;;;;;;;x,,,,
,,,,,
ca_culture_blackfoot_1;Niitsitapi Warrior Barracks;;;;;;;;;;;;x,,,,,
ca_culture_blackfoot_2;Niitsitapi Warrior Barracks;;;;;;;;;;;;x,,,,,
ca_culture_blackfoot_3;Niitsitapi Warrior Barracks;;;;;;;;;;;;x,,,,,
ca_culture_blackfoot_4;Niitsitapi Warrior Barracks;;;;;;;;;;;;x,,,,,
tb_culture_blackfoot_1;Niitsitapi Warrior Halls;;;;;;;;;;;;x,,,,,
tb_culture_blackfoot_2;Niitsitapi Warrior Halls;;;;;;;;;;;;x,,,,,
tb_culture_blackfoot_3;Niitsitapi Warrior Halls;;;;;;;;;;;;x,,,,,
tb_culture_blackfoot_4;Niitsitapi Warrior Halls;;;;;;;;;;;;x,,,,,
ca_culture_blackfoot_1_desc;The Niitsitapi Warriors are men who undergo rigorous trials to properly fight for their people. From the antediviludian roots of this practice, they fight with unwavering conviction.;;;;;;;;;;;;x,,,,
,,,,,
ca_culture_northern_athabaskan_1;Northern Athabaskan Hunter Range;;;;;;;;;;;;x,,,,,
ca_culture_northern_athabaskan_2;Northern Athabaskan Hunter Range;;;;;;;;;;;;x,,,,,
ca_culture_northern_athabaskan_3;Northern Athabaskan Hunter Range;;;;;;;;;;;;x,,,,,
ca_culture_northern_athabaskan_4;Northern Athabaskan Hunter Range;;;;;;;;;;;;x,,,,,
tb_culture_northern_athabaskan_1;Northern Athabaskan Hunter Grounds;;;;;;;;;;;;x,,,,,
tb_culture_northern_athabaskan_2;Northern Athabaskan Hunter Grounds;;;;;;;;;;;;x,,,,,
tb_culture_northern_athabaskan_3;Northern Athabaskan Hunter Grounds;;;;;;;;;;;;x,,,,,
tb_culture_northern_athabaskan_4;Northern Athabaskan Hunter Grounds;;;;;;;;;;;;x,,,,,
ca_culture_northern_athabaskan_1_desc;The hardy hunters of the Northen Athabaskan are men who hunt for their tribe, bringing home their prey for the night. Persistent and accurate, their arrows pierce through their enemies like game.;;;;;;;;;;;;x,,,
,,,,,
ca_culture_yokutian_1;Yokutian Archer Range;;;;;;;;;;;;x,,,,,
ca_culture_yokutian_2;Yokutian Archer Range;;;;;;;;;;;;x,,,,,
ca_culture_yokutian_3;Yokutian Archer Range;;;;;;;;;;;;x,,,,,
ca_culture_yokutian_4;Yokutian Archer Range;;;;;;;;;;;;x,,,,,
tb_culture_yokutian_1;Yokutian Archer Fields;;;;;;;;;;;;x,,,,,
tb_culture_yokutian_2;Yokutian Archer Fields;;;;;;;;;;;;x,,,,,
tb_culture_yokutian_3;Yokutian Archer Fields;;;;;;;;;;;;x,,,,,
tb_culture_yokutian_4;Yokutian Archer Fields;;;;;;;;;;;;x,,,,,
ca_culture_yokutian_1_desc;The Yokutian Archers are mainly men who use their bows to hunt down enemy forces, like simple prey.;;;;;;;;;;;;x,,,,
,,,,,
ca_culture_pomo_1;Pomo Mountaineer Training Grounds;;;;;;;;;;;;x,,,,,
ca_culture_pomo_2;Pomo Mountaineer Training Grounds;;;;;;;;;;;;x,,,,,
ca_culture_pomo_3;Pomo Mountaineer Training Grounds;;;;;;;;;;;;x,,,,,
ca_culture_pomo_4;Pomo Mountaineer Training Grounds;;;;;;;;;;;;x,,,,,
tb_culture_pomo_1;Pomo Mountaineer Tents;;;;;;;;;;;;x,,,,,
tb_culture_pomo_2;Pomo Mountaineer Tents;;;;;;;;;;;;x,,,,,
tb_culture_pomo_3;Pomo Mountaineer Tents;;;;;;;;;;;;x,,,,,
tb_culture_pomo_4;Pomo Mountaineer Tents;;;;;;;;;;;;x,,,,,
ca_culture_pomo_1_desc;The Pomo Mountaineers are a force who uses their surrounding highlands in order to perform a tight defence.;;;;;;;;;;;;x,,,,,
,,,,,
ca_culture_pacific_athabaskan_1;Pacific Athabaskan Spearmen Barracks;;;;;;;;;;;;x,,,,,
ca_culture_pacific_athabaskan_2;Pacific Athabaskan Spearmen Barracks;;;;;;;;;;;;x,,,,,
ca_culture_pacific_athabaskan_3;Pacific Athabaskan Spearmen Barracks;;;;;;;;;;;;x,,,,,
ca_culture_pacific_athabaskan_4;Pacific Athabaskan Spearmen Barracks;;;;;;;;;;;;x,,,,,
tb_culture_pacific_athabaskan_1;Pacific Athabaskan Spearmen Grounds;;;;;;;;;;;;x,,,,,
tb_culture_pacific_athabaskan_2;Pacific Athabaskan Spearmen Grounds;;;;;;;;;;;;x,,,,,
tb_culture_pacific_athabaskan_3;Pacific Athabaskan Spearmen Grounds;;;;;;;;;;;;x,,,,,
tb_culture_pacific_athabaskan_4;Pacific Athabaskan Spearmen Grounds;;;;;;;;;;;;x,,,,,
ca_culture_pacific_athabaskan_1_desc;The Pacific Athabaskan Spearmen are aggresive attackers who thrust their spears deep into enemy armor, like spearing a fish.;;;;;;;;;;;;x,,,,
,,,,,
ca_culture_yurok_1;Yurok Harpooner Ports;;;;;;;;;;;;x,,,,,
ca_culture_yurok_2;Yurok Harpooner Ports;;;;;;;;;;;;x,,,,,
ca_culture_yurok_3;Yurok Harpooner Ports;;;;;;;;;;;;x,,,,,
ca_culture_yurok_4;Yurok Harpooner Ports;;;;;;;;;;;;x,,,,,
tb_culture_yurok_1;Yurok Harpooner Docks;;;;;;;;;;;;x,,,,,
tb_culture_yurok_2;Yurok Harpooner Docks;;;;;;;;;;;;x,,,,,
tb_culture_yurok_3;Yurok Harpooner Docks;;;;;;;;;;;;x,,,,,
tb_culture_yurok_4;Yurok Harpooner Docks;;;;;;;;;;;;x,,,,,
ca_culture_yurok_1_desc;The Yurok Harpooners are drafted fishermen who use their harpoons as weapons towards their adversaries. Although their harpoons are more suited for fish, they still deal massive blows to their enemies.;;;;;;;;;;;;x,,,,
,,,,,
ca_culture_karuk_1;Karuk Skirmisher Barracks;;;;;;;;;;;;x,,,,,
ca_culture_karuk_2;Karuk Skirmisher Barracks;;;;;;;;;;;;x,,,,,
ca_culture_karuk_3;Karuk Skirmisher Barracks;;;;;;;;;;;;x,,,,,
ca_culture_karuk_4;Karuk Skirmisher Barracks;;;;;;;;;;;;x,,,,,
tb_culture_karuk_1;Karuk Skirmisher Proving Grounds;;;;;;;;;;;;x,,,,,
tb_culture_karuk_2;Karuk Skirmisher Proving Grounds;;;;;;;;;;;;x,,,,,
tb_culture_karuk_3;Karuk Skirmisher Proving Grounds;;;;;;;;;;;;x,,,,,
tb_culture_karuk_4;Karuk Skirmisher Proving Grounds;;;;;;;;;;;;x,,,,,
ca_culture_karuk_1_desc;The Karuk Skirmishers are conscripted men who use their loose formations to swarm and overwhelm the enemy even with the most basic of weapons.;;;;;;;;;;;;x,,,,,
,,,,,
ca_culture_sahaptian_1;Sahaptian Lancer Stables;;;;;;;;;;;;x,,,,,
ca_culture_sahaptian_2;Sahaptian Lancer Stables;;;;;;;;;;;;x,,,,,
ca_culture_sahaptian_3;Sahaptian Lancer Stables;;;;;;;;;;;;x,,,,,
ca_culture_sahaptian_4;Sahaptian Lancer Stables;;;;;;;;;;;;x,,,,,
tb_culture_sahaptian_1;Sahaptian Lancer Fields;;;;;;;;;;;;x,,,,,
tb_culture_sahaptian_2;Sahaptian Lancer Fields;;;;;;;;;;;;x,,,,,
tb_culture_sahaptian_3;Sahaptian Lancer Fields;;;;;;;;;;;;x,,,,,
tb_culture_sahaptian_4;Sahaptian Lancer Fields;;;;;;;;;;;;x,,,,,
ca_culture_sahaptian_1_desc;The Sahaptian Lancers are horsemen who ride out the dawn in their steed, charging away anything that stands in their way.;;;;;;;;;;;;x,,,,
,,,,,
ca_culture_chinookan_1;Chinookan Archer Range;;;;;;;;;;;;x,,,,,
ca_culture_chinookan_2;Chinookan Archer Range;;;;;;;;;;;;x,,,,,
ca_culture_chinookan_3;Chinookan Archer Range;;;;;;;;;;;;x,,,,,
ca_culture_chinookan_4;Chinookan Archer Range;;;;;;;;;;;;x,,,,,
tb_culture_chinookan_1;Chinookan Archer Tents;;;;;;;;;;;;x,,,,,
tb_culture_chinookan_2;Chinookan Archer Tents;;;;;;;;;;;;x,,,,,
tb_culture_chinookan_3;Chinookan Archer Tents;;;;;;;;;;;;x,,,,,
tb_culture_chinookan_4;Chinookan Archer Tents;;;;;;;;;;;;x,,,,,
ca_culture_chinookan_1_desc;The Chinookan Archers are relentless men who's hunting persistence bleeds over to war as they will rain down arrows without their arms succumbing to exhaustion.;;;;;;;;;;;;x,,,,,
,,,,,
ca_culture_wakashan_1;Wakashan Whaler Ports;;;;;;;;;;;;x,,,,,
ca_culture_wakashan_2;Wakashan Whaler Ports;;;;;;;;;;;;x,,,,,
ca_culture_wakashan_3;Wakashan Whaler Ports;;;;;;;;;;;;x,,,,,
ca_culture_wakashan_4;Wakashan Whaler Ports;;;;;;;;;;;;x,,,,,
tb_culture_wakashan_1;Wakashan Whaler Docks;;;;;;;;;;;;x,,,,,
tb_culture_wakashan_2;Wakashan Whaler Docks;;;;;;;;;;;;x,,,,,
tb_culture_wakashan_3;Wakashan Whaler Docks;;;;;;;;;;;;x,,,,,
tb_culture_wakashan_4;Wakashan Whaler Docks;;;;;;;;;;;;x,,,,,
ca_culture_wakashan_1_desc;The Wakashan Whalers are harpooners who charge in the Artic waters to hunt down their pray. In war, their throwing power is feared throughout the land.;;;;;;;;;;;;x,,,,
,,,,,
ca_culture_tsimshianic_1;Tsimshainic Watchmen Towers;;;;;;;;;;;;x,,,,,
ca_culture_tsimshianic_2;Tsimshainic Watchmen Towers;;;;;;;;;;;;x,,,,,
ca_culture_tsimshianic_3;Tsimshainic Watchmen Towers;;;;;;;;;;;;x,,,,,
ca_culture_tsimshianic_4;Tsimshainic Watchmen Towers;;;;;;;;;;;;x,,,,,
tb_culture_tsimshianic_1;Tsimshainic Watchmen Outposts;;;;;;;;;;;;x,,,,,
tb_culture_tsimshianic_2;Tsimshainic Watchmen Outposts;;;;;;;;;;;;x,,,,,
tb_culture_tsimshianic_3;Tsimshainic Watchmen Outposts;;;;;;;;;;;;x,,,,,
tb_culture_tsimshianic_4;Tsimshainic Watchmen Outposts;;;;;;;;;;;;x,,,,,
ca_culture_tsimshianic_1_desc;The Tsimshainic Watchmen are patrolmen who venture out even in the darkest corners of the realm to look for missing or injured people. As the raiding parties of their neighbors intensifies, the Watchmen are sure to repel them out.;;;;;;;;;;;;x,,,,
,,,,,
ca_culture_tlingit_1;Tlingit Spearmen Halls;;;;;;;;;;;;x,,,,,
ca_culture_tlingit_2;Tlingit Spearmen Halls;;;;;;;;;;;;x,,,,,
ca_culture_tlingit_3;Tlingit Spearmen Halls;;;;;;;;;;;;x,,,,,
ca_culture_tlingit_4;Tlingit Spearmen Halls;;;;;;;;;;;;x,,,,,
tb_culture_tlingit_1;Tlingit Spearmen Tents;;;;;;;;;;;;x,,,,,
tb_culture_tlingit_2;Tlingit Spearmen Tents;;;;;;;;;;;;x,,,,,
tb_culture_tlingit_3;Tlingit Spearmen Tents;;;;;;;;;;;;x,,,,,
tb_culture_tlingit_4;Tlingit Spearmen Tents;;;;;;;;;;;;x,,,,,
ca_culture_tlingit_1_desc;The Tlingit Spearmen are trained men who use their arms to thrust into enemies. With practice from spearfishing, they cut through bodies quite easily.;;;;;;;;;;;;x,,,,
,,,,,
ca_culture_haida_1;Haida Archer Range;;;;;;;;;;;;x,,,,,
ca_culture_haida_2;Haida Archer Range;;;;;;;;;;;;x,,,,,
ca_culture_haida_3;Haida Archer Range;;;;;;;;;;;;x,,,,,
ca_culture_haida_4;Haida Archer Range;;;;;;;;;;;;x,,,,,
tb_culture_haida_1;Haida Archer Grounds;;;;;;;;;;;;x,,,,,
tb_culture_haida_2;Haida Archer Grounds;;;;;;;;;;;;x,,,,,
tb_culture_haida_3;Haida Archer Grounds;;;;;;;;;;;;x,,,,,
tb_culture_haida_4;Haida Archer Grounds;;;;;;;;;;;;x,,,,,
ca_culture_haida_1_desc;The Haida Archers are feared warriors who march in the battlefield armed with their lethal bows. Feared even before the Event, these men will raid any realm unfortunate enough to be in their midst.;;;;;;;;;;;;x,,,,
,,,,,
ca_culture_raramuri_1;Raramuri Skirmisher Barracks;;;;;;;;;;;;x,,,,,
ca_culture_raramuri_2;Raramuri Skirmisher Barracks;;;;;;;;;;;;x,,,,,
ca_culture_raramuri_3;Raramuri Skirmisher Barracks;;;;;;;;;;;;x,,,,,
ca_culture_raramuri_4;Raramuri Skirmisher Barracks;;;;;;;;;;;;x,,,,,
tb_culture_raramuri_1;Raramuri Skirmisher Grounds;;;;;;;;;;;;x,,,,,
tb_culture_raramuri_2;Raramuri Skirmisher Grounds;;;;;;;;;;;;x,,,,,
tb_culture_raramuri_3;Raramuri Skirmisher Grounds;;;;;;;;;;;;x,,,,,
tb_culture_raramuri_4;Raramuri Skirmisher Grounds;;;;;;;;;;;;x,,,,,
ca_culture_raramuri_1_desc;The Raramuri are well renowned for their atheticism, and they pride themselves of such. Therefore, it is not a surprise seeing this ability adjusted for war: as their speed allows them, they hit fast and reposition as quick.;;;;;;;;;;;;x,,,,,
,,,,,
ca_culture_cahitan_1;Cahitan Watchmen Towers;;;;;;;;;;;;x,,,,,
ca_culture_cahitan_2;Cahitan Watchmen Towers;;;;;;;;;;;;x,,,,,
ca_culture_cahitan_3;Cahitan Watchmen Towers;;;;;;;;;;;;x,,,,,
ca_culture_cahitan_4;Cahitan Watchmen Towers;;;;;;;;;;;;x,,,,,
tb_culture_cahitan_1;Cahitan Watchmen Posts;;;;;;;;;;;;x,,,,,
tb_culture_cahitan_2;Cahitan Watchmen Posts;;;;;;;;;;;;x,,,,,
tb_culture_cahitan_3;Cahitan Watchmen Posts;;;;;;;;;;;;x,,,,,
tb_culture_cahitan_4;Cahitan Watchmen Posts;;;;;;;;;;;;x,,,,,
ca_culture_cahitan_1_desc;The Cahitan have been pummeled by external threats since antediviludian times, and the current situation is no exception. The Watchmen are the latest iteration of Cahitan protectors, suited to counter the Vaquero threat.;;;;;;;;;;;;x,,,,,
,,,,,
ca_culture_corachol_1;Corachol Archer Range;;;;;;;;;;;;x,,,,,
ca_culture_corachol_2;Corachol Archer Range;;;;;;;;;;;;x,,,,,
ca_culture_corachol_3;Corachol Archer Range;;;;;;;;;;;;x,,,,,
ca_culture_corachol_4;Corachol Archer Range;;;;;;;;;;;;x,,,,,
tb_culture_corachol_1;Corachol Archer Grounds;;;;;;;;;;;;x,,,,,
tb_culture_corachol_2;Corachol Archer Grounds;;;;;;;;;;;;x,,,,,
tb_culture_corachol_3;Corachol Archer Grounds;;;;;;;;;;;;x,,,,,
tb_culture_corachol_4;Corachol Archer Grounds;;;;;;;;;;;;x,,,,,
ca_culture_corachol_1_desc;The Corachol use their archery skills to pick off the men who dare invade their sacred lands.;;;;;;;;;;;;x,,,,,
,,,,,
ca_culture_oto-manguean_1;Oto-Manguean Skirmisher Barracks;;;;;;;;;;;;x,,,,,
ca_culture_oto-manguean_2;Oto-Manguean Skirmisher Barracks;;;;;;;;;;;;x,,,,,
ca_culture_oto-manguean_3;Oto-Manguean Skirmisher Barracks;;;;;;;;;;;;x,,,,,
ca_culture_oto-manguean_4;Oto-Manguean Skirmisher Barracks;;;;;;;;;;;;x,,,,,
tb_culture_oto-manguean_1;Oto-Manguean Skirmisher Grounds;;;;;;;;;;;;x,,,,,
tb_culture_oto-manguean_2;Oto-Manguean Skirmisher Grounds;;;;;;;;;;;;x,,,,,
tb_culture_oto-manguean_3;Oto-Manguean Skirmisher Grounds;;;;;;;;;;;;x,,,,,
tb_culture_oto-manguean_4;Oto-Manguean Skirmisher Grounds;;;;;;;;;;;;x,,,,,
ca_culture_oto-manguean_1_desc;Whether known as fierce raiders or staunch defenders, the Oto-Manguean people arm themselves and fight for their respective communities with their swords and bows.;;;;;;;;;;;;x,,,,,
,,,,,
ca_culture_purepecha_1;Purepecha Warrior Armory;;;;;;;;;;;;x,,,,,
ca_culture_purepecha_2;Purepecha Warrior Armory;;;;;;;;;;;;x,,,,,
ca_culture_purepecha_3;Purepecha Warrior Armory;;;;;;;;;;;;x,,,,,
ca_culture_purepecha_4;Purepecha Warrior Armory;;;;;;;;;;;;x,,,,,
tb_culture_purepecha_1;Purepecha Warrior Smithy;;;;;;;;;;;;x,,,,,
tb_culture_purepecha_2;Purepecha Warrior Smithy;;;;;;;;;;;;x,,,,,
tb_culture_purepecha_3;Purepecha Warrior Smithy;;;;;;;;;;;;x,,,,,
tb_culture_purepecha_4;Purepecha Warrior Smithy;;;;;;;;;;;;x,,,,,
ca_culture_purepecha_1_desc;The Purepecha have been practicing metallurgy even before the Event struck the world. As such, their warriors are suited with these armors and swords made by such methods.;;;;;;;;;;;;x,,,,,
,,,,,
ca_culture_totonac_1;Totonac Rider Stables;;;;;;;;;;;;x,,,,,
ca_culture_totonac_2;Totonac Rider Stables;;;;;;;;;;;;x,,,,,
ca_culture_totonac_3;Totonac Rider Stables;;;;;;;;;;;;x,,,,,
ca_culture_totonac_4;Totonac Rider Stables;;;;;;;;;;;;x,,,,,
tb_culture_totonac_1;Totonac Rider Fields;;;;;;;;;;;;x,,,,,
tb_culture_totonac_2;Totonac Rider Fields;;;;;;;;;;;;x,,,,,
tb_culture_totonac_3;Totonac Rider Fields;;;;;;;;;;;;x,,,,,
tb_culture_totonac_4;Totonac Rider Fields;;;;;;;;;;;;x,,,,,
ca_culture_totonac_1_desc;The Totonac patrol their lands with the help of these Riders, galloping away with support from infantry.;;;;;;;;;;;;x,,,,,
,,,,,
ca_culture_mayan_1;Maya Warrior Barracks;;;;;;;;;;;;x,,,,,
ca_culture_mayan_2;Maya Warrior Barracks;;;;;;;;;;;;x,,,,,
ca_culture_mayan_3;Maya Warrior Barracks;;;;;;;;;;;;x,,,,,
ca_culture_mayan_4;Maya Warrior Barracks;;;;;;;;;;;;x,,,,,
tb_culture_mayan_1;Maya Warrior Proving Grounds;;;;;;;;;;;;x,,,,,
tb_culture_mayan_2;Maya Warrior Proving Grounds;;;;;;;;;;;;x,,,,,
tb_culture_mayan_3;Maya Warrior Proving Grounds;;;;;;;;;;;;x,,,,,
tb_culture_mayan_4;Maya Warrior Proving Grounds;;;;;;;;;;;;x,,,,,
ca_culture_mayan_1_desc;The Maya have always donned spears and cudgels to battle. Now with the knowledge of metallurgy, they improve on their fiercest warriors.;;;;;;;;;;;;x,,,,,
,,,,,
tb_culture_upper_quebecois_1;Upper Quebecois Luge Smithy;;;;;;;;;;;;x,,,,,
tb_culture_upper_quebecois_2;Upper Quebecois Luge Smithy;;;;;;;;;;;;x,,,,,
tb_culture_upper_quebecois_3;Upper Quebecois Luge Smithy;;;;;;;;;;;;x,,,,,
tb_culture_upper_quebecois_4;Upper Quebecois Luge Smithy;;;;;;;;;;;;x,,,,,
tb_culture_upper_quebecois_1_desc;These smithies create the sleds that make up the Luge. Using their tamed canines to push their sleds, they shock their enemies with their prowress.;;;;;;;;;;;;x,,,,
ca_culture_upper_quebecois_1;Upper Quebecois Luge Workshops;;;;;;;;;;;;x,,,,,
ca_culture_upper_quebecois_2;Upper Quebecois Luge Workshops;;;;;;;;;;;;x,,,,,
ca_culture_upper_quebecois_3;Upper Quebecois Luge Workshops;;;;;;;;;;;;x,,,,,
ca_culture_upper_quebecois_4;Upper Quebecois Luge Workshops;;;;;;;;;;;;x,,,,,
ca_culture_upper_quebecois_1_desc;These workshops create the sleds that make up the Luge. Using their tamed canines to push their sleds, they shock their enemies with their prowress.;;;;;;;;;;;;x,,,,
,,,,,
tb_culture_lower_quebecois_1;Lower Quebecois Luge Smithy;;;;;;;;;;;;x,,,,,
tb_culture_lower_quebecois_2;Lower Quebecois Luge Smithy;;;;;;;;;;;;x,,,,,
tb_culture_lower_quebecois_3;Lower Quebecois Luge Smithy;;;;;;;;;;;;x,,,,,
tb_culture_lower_quebecois_4;Lower Quebecois Luge Smithy;;;;;;;;;;;;x,,,,,
tb_culture_lower_quebecois_1_desc;These smithies create the sleds that make up the Luge. Using their tamed canines to push their sleds, they overrun their enemies with their speed.;;;;;;;;;;;;x,,,,
ca_culture_lower_quebecois_1;Lower Quebecois Luge Workshops;;;;;;;;;;;;x,,,,,
ca_culture_lower_quebecois_2;Lower Quebecois Luge Workshops;;;;;;;;;;;;x,,,,,
ca_culture_lower_quebecois_3;Lower Quebecois Luge Workshops;;;;;;;;;;;;x,,,,,
ca_culture_lower_quebecois_4;Lower Quebecois Luge Workshops;;;;;;;;;;;;x,,,,,
ca_culture_lower_quebecois_1_desc;These workshops create the sleds that make up the Luge. Using their tamed canines to push their sleds, they overrun their enemies with their speed.;;;;;;;;;;;;x,,,,
,,,,,
ca_culture_mountainer_1;Mountainer Skirmisher Barracks;;;;;;;;;;;;x,,,,,
ca_culture_mountainer_2;Mountainer Skirmisher Barracks;;;;;;;;;;;;x,,,,,
ca_culture_mountainer_3;Mountainer Skirmisher Barracks;;;;;;;;;;;;x,,,,,
ca_culture_mountainer_4;Mountainer Skirmisher Barracks;;;;;;;;;;;;x,,,,,
tb_culture_mountainer_1;Mountainer Skirmisher Grounds;;;;;;;;;;;;x,,,,,
tb_culture_mountainer_2;Mountainer Skirmisher Grounds;;;;;;;;;;;;x,,,,,
tb_culture_mountainer_3;Mountainer Skirmisher Grounds;;;;;;;;;;;;x,,,,,
tb_culture_mountainer_4;Mountainer Skirmisher Grounds;;;;;;;;;;;;x,,,,,
ca_culture_mountainer_1_desc;The Maintainer Skirmishers blend in the crevices and shadows of the terrain they were born in. Pelting the enemy with their assault, they make sure none survive in their wake.;;;;;;;;;;;;x,,,,
,,,,,
ca_culture_badgerlander_1;Badgerlander Militia Barracks;;;;;;;;;;;;x,,,,,
ca_culture_badgerlander_2;Badgerlander Militia Barracks;;;;;;;;;;;;x,,,,,
ca_culture_badgerlander_3;Badgerlander Militia Barracks;;;;;;;;;;;;x,,,,,
ca_culture_badgerlander_4;Badgerlander Militia Barracks;;;;;;;;;;;;x,,,,,
tb_culture_badgerlander_1;Badgerlander Militia Grounds;;;;;;;;;;;;x,,,,,
tb_culture_badgerlander_2;Badgerlander Militia Grounds;;;;;;;;;;;;x,,,,,
tb_culture_badgerlander_3;Badgerlander Militia Grounds;;;;;;;;;;;;x,,,,,
tb_culture_badgerlander_4;Badgerlander Militia Grounds;;;;;;;;;;;;x,,,,,
ca_culture_badgerlander_1_desc;The militiamen hailing from Badgerlander men are renowned from their high morale and heavy attack.;;;;;;;;;;;;x,,,,,
,,,,,
ca_culture_thunderlander_1;Thunderlander Raider Blacksmiths;;;;;;;;;;;;x,,,,,
ca_culture_thunderlander_2;Thunderlander Raider Blacksmiths;;;;;;;;;;;;x,,,,,
ca_culture_thunderlander_3;Thunderlander Raider Blacksmiths;;;;;;;;;;;;x,,,,,
ca_culture_thunderlander_4;Thunderlander Raider Blacksmiths;;;;;;;;;;;;x,,,,,
tb_culture_thunderlander_1;Thunderlander Raider Workshops;;;;;;;;;;;;x,,,,,
tb_culture_thunderlander_2;Thunderlander Raider Workshops;;;;;;;;;;;;x,,,,,
tb_culture_thunderlander_3;Thunderlander Raider Workshops;;;;;;;;;;;;x,,,,,
tb_culture_thunderlander_4;Thunderlander Raider Workshops;;;;;;;;;;;;x,,,,,
ca_culture_thunderlander_1_desc;The feared Thunderlander Raiders are a terror in the battlefield, as their brutal attacks leave armies in awe and fear.;;;;;;;;;;;;x,,,,
,,,,,
ca_culture_plainslander_1;Plainslander Cavalry Stables;;;;;;;;;;;;x,,,,,
ca_culture_plainslander_2;Plainslander Cavalry Stables;;;;;;;;;;;;x,,,,,
ca_culture_plainslander_3;Plainslander Cavalry Stables;;;;;;;;;;;;x,,,,,
ca_culture_plainslander_4;Plainslander Cavalry Stables;;;;;;;;;;;;x,,,,,
tb_culture_plainslander_1;Plainslander Cavalry Fields;;;;;;;;;;;;x,,,,,
tb_culture_plainslander_2;Plainslander Cavalry Fields;;;;;;;;;;;;x,,,,,
tb_culture_plainslander_3;Plainslander Cavalry Fields;;;;;;;;;;;;x,,,,,
tb_culture_plainslander_4;Plainslander Cavalry Fields;;;;;;;;;;;;x,,,,,
ca_culture_plainslander_1_desc;Trained from the fields and farms they were raised on and protect, the cavalrymen of the Plains fight with speed and shock.;;;;;;;;;;;;x,,,,
,,,,,
ca_culture_somali_1;Soomali High Guard Armory;;;;;;;;;;;;x,,,,,
ca_culture_somali_2;Soomali High Guard Armory;;;;;;;;;;;;x,,,,,
ca_culture_somali_3;Soomali High Guard Armory;;;;;;;;;;;;x,,,,,
ca_culture_somali_4;Soomali High Guard Armory;;;;;;;;;;;;x,,,,,
tb_culture_somali_1;Soomali High Guard Smithy;;;;;;;;;;;;x,,,,,
tb_culture_somali_2;Soomali High Guard Smithy;;;;;;;;;;;;x,,,,,
tb_culture_somali_3;Soomali High Guard Smithy;;;;;;;;;;;;x,,,,,
tb_culture_somali_4;Soomali High Guard Smithy;;;;;;;;;;;;x,,,,,
ca_culture_somali_1_desc;The Soomali High Guards are a renowned and mighty force employed by their lieges. Their high offense gives them a seemingly unfair advantage towards their adversaries.;;;;;;;;;;;;x,,,,,
,,,,,
ca_culture_ozarkian_1;Ozarkian Lancer Stables;;;;;;;;;;;;x,,,,,
ca_culture_ozarkian_2;Ozarkian Lancer Stables;;;;;;;;;;;;x,,,,,
ca_culture_ozarkian_3;Ozarkian Lancer Stables;;;;;;;;;;;;x,,,,,
ca_culture_ozarkian_4;Ozarkian Lancer Stables;;;;;;;;;;;;x,,,,,
tb_culture_ozarkian_1;Ozarkian Lancer Fields;;;;;;;;;;;;x,,,,,
tb_culture_ozarkian_2;Ozarkian Lancer Fields;;;;;;;;;;;;x,,,,,
tb_culture_ozarkian_3;Ozarkian Lancer Fields;;;;;;;;;;;;x,,,,,
tb_culture_ozarkian_4;Ozarkian Lancer Fields;;;;;;;;;;;;x,,,,,
ca_culture_ozarkian_1_desc;The Ozarkian Lancers are horsemen who charge in the battlefield, defending their homeland in pride. Their lances pierce any armor their foes don on their body.;;;;;;;;;;;;x,,,,
,,,,,
ca_culture_arkensawyer_1;Arkensawyer Militia Barracks;;;;;;;;;;;;x,,,,,
ca_culture_arkensawyer_2;Arkensawyer Militia Barracks;;;;;;;;;;;;x,,,,,
ca_culture_arkensawyer_3;Arkensawyer Militia Barracks;;;;;;;;;;;;x,,,,,
ca_culture_arkensawyer_4;Arkensawyer Militia Barracks;;;;;;;;;;;;x,,,,,
tb_culture_arkensawyer_1;Arkensawyer Militia Grounds;;;;;;;;;;;;x,,,,,
tb_culture_arkensawyer_2;Arkensawyer Militia Grounds;;;;;;;;;;;;x,,,,,
tb_culture_arkensawyer_3;Arkensawyer Militia Grounds;;;;;;;;;;;;x,,,,,
tb_culture_arkensawyer_4;Arkensawyer Militia Grounds;;;;;;;;;;;;x,,,,,
ca_culture_arkensawyer_1_desc;The Arkensawyer Militia are able men who posses great zeal to their service in order to attack and defend with great will. Armed with swords and pikes, they fight with fanatic morale.;;;;;;;;;;;;x,,,,
,,,,,
ca_culture_californio_group_1;Californio Frontiersman Towers;;;;;;;;;;;;x,,,,,
ca_culture_californio_group_2;Californio Frontiersman Towers;;;;;;;;;;;;x,,,,,
ca_culture_californio_group_3;Californio Frontiersman Towers;;;;;;;;;;;;x,,,,,
ca_culture_californio_group_4;Californio Frontiersman Towers;;;;;;;;;;;;x,,,,,
tb_culture_californio_group_1;Californio Frontiersman Outposts;;;;;;;;;;;;x,,,,,
tb_culture_californio_group_2;Californio Frontiersman Outposts;;;;;;;;;;;;x,,,,,
tb_culture_californio_group_3;Californio Frontiersman Outposts;;;;;;;;;;;;x,,,,,
tb_culture_californio_group_4;Californio Frontiersman Outposts;;;;;;;;;;;;x,,,,,
ca_culture_californio_group_1_desc;The Californio Frontiersmen are conscripts or sometimes hired arms that look over the borderlands of the realms. Warriors first and law enforcers second, they ride throughout with no worry unless about pay.;;;;;;;;;;;;x,,,,
,,,,,
ca_culture_tejano_1;Tejano Vaquero Stables;;;;;;;;;;;;x,,,,,
ca_culture_tejano_2;Tejano Vaquero Stables;;;;;;;;;;;;x,,,,,
ca_culture_tejano_3;Tejano Vaquero Stables;;;;;;;;;;;;x,,,,,
ca_culture_tejano_4;Tejano Vaquero Stables;;;;;;;;;;;;x,,,,,
tb_culture_tejano_1;Tejano Vaquero Grazing Fields;;;;;;;;;;;;x,,,,,
tb_culture_tejano_2;Tejano Vaquero Grazing Fields;;;;;;;;;;;;x,,,,,
tb_culture_tejano_3;Tejano Vaquero Grazing Fields;;;;;;;;;;;;x,,,,,
tb_culture_tejano_4;Tejano Vaquero Grazing Fields;;;;;;;;;;;;x,,,,,
ca_culture_tejano_1_desc;The Vaqueros of the Tejano differ from their kin: they wield guns instead of bows, thanks to the abundance of such in the Lone Star State. Alongside the usual shock cavalry, the extra firepower mows through the enemy.;;;;;;;;;;;;x,,,,,
,,,,,
ca_culture_regio_1;Regio Lancero Stables;;;;;;;;;;;;x,,,,,
ca_culture_regio_2;Regio Lancero Stables;;;;;;;;;;;;x,,,,,
ca_culture_regio_3;Regio Lancero Stables;;;;;;;;;;;;x,,,,,
ca_culture_regio_4;Regio Lancero Stables;;;;;;;;;;;;x,,,,,
tb_culture_regio_1;Regio Lancero Grazing Fields;;;;;;;;;;;;x,,,,,
tb_culture_regio_2;Regio Lancero Grazing Fields;;;;;;;;;;;;x,,,,,
tb_culture_regio_3;Regio Lancero Grazing Fields;;;;;;;;;;;;x,,,,,
tb_culture_regio_4;Regio Lancero Grazing Fields;;;;;;;;;;;;x,,,,,
ca_culture_regio_1_desc;The Regio have more centralized settlements than their Nortenyo kin, but could not simply abandon the Vaquero tradition. The solution? Give them heavy weapons! The Lanceros are transformed Vaqueros with heavy armor and heavier weapons, rampaging through battlefields.;;;;;;;;;;;;x,,,,,
,,,,,
ca_culture_north_mexican_1;Nortenyo Vaquero Stables;;;;;;;;;;;;x,,,,,
ca_culture_north_mexican_2;Nortenyo Vaquero Stables;;;;;;;;;;;;x,,,,,
ca_culture_north_mexican_3;Nortenyo Vaquero Stables;;;;;;;;;;;;x,,,,,
ca_culture_north_mexican_4;Nortenyo Vaquero Stables;;;;;;;;;;;;x,,,,,
tb_culture_north_mexican_1;Nortenyo Vaquero Grazing Fields;;;;;;;;;;;;x,,,,,
tb_culture_north_mexican_2;Nortenyo Vaquero Grazing Fields;;;;;;;;;;;;x,,,,,
tb_culture_north_mexican_3;Nortenyo Vaquero Grazing Fields;;;;;;;;;;;;x,,,,,
tb_culture_north_mexican_4;Nortenyo Vaquero Grazing Fields;;;;;;;;;;;;x,,,,,
ca_culture_north_mexican_1_desc;The Nortenyo frontier is seen as harsh and unforgiving, and the Vaqueros do not help that reputation. The Vaqueros are quick cavalrymen who strike terror and fear to any poor person who has the misfortune of facing them.;;;;;;;;;;;;x,,,,,
,,,,,
ca_culture_chilangos_1;Guardia Imperial Barracks;;;;;;;;;;;;x,,,,,
ca_culture_chilangos_2;Guardia Imperial Barracks;;;;;;;;;;;;x,,,,,
ca_culture_chilangos_3;Guardia Imperial Barracks;;;;;;;;;;;;x,,,,,
ca_culture_chilangos_4;Guardia Imperial Barracks;;;;;;;;;;;;x,,,,,
tb_culture_chilangos_1;Guardia Imperial Grounds;;;;;;;;;;;;x,,,,,
tb_culture_chilangos_2;Guardia Imperial Grounds;;;;;;;;;;;;x,,,,,
tb_culture_chilangos_3;Guardia Imperial Grounds;;;;;;;;;;;;x,,,,,
tb_culture_chilangos_4;Guardia Imperial Grounds;;;;;;;;;;;;x,,,,,
ca_culture_chilangos_1_desc;The Guardia Imperial are the grandest of Mexico's men-at-arms. Protecting the heart of the Empire, their task is backed with their armor and weaponry.;;;;;;;;;;;;x,,,,,
,,,,,
ca_culture_norteabajeno_1;Abajenyo Trooper Stables;;;;;;;;;;;;x,,,,,
ca_culture_norteabajeno_2;Abajenyo Trooper Stables;;;;;;;;;;;;x,,,,,
ca_culture_norteabajeno_3;Abajenyo Trooper Stables;;;;;;;;;;;;x,,,,,
ca_culture_norteabajeno_4;Abajenyo Trooper Stables;;;;;;;;;;;;x,,,,,
tb_culture_norteabajeno_1;Abajenyo Trooper Grounds;;;;;;;;;;;;x,,,,,
tb_culture_norteabajeno_2;Abajenyo Trooper Grounds;;;;;;;;;;;;x,,,,,
tb_culture_norteabajeno_3;Abajenyo Trooper Grounds;;;;;;;;;;;;x,,,,,
tb_culture_norteabajeno_4;Abajenyo Trooper Grounds;;;;;;;;;;;;x,,,,,
ca_culture_norteabajeno_1_desc;The Abajenyo Troopers are men who are well suited to wander the plains like their homeland's. Roaming the battlefield, they pick out and pin down enemies.;;;;;;;;;;;;x,,,,,
,,,,,
ca_culture_fronterizo_1;Fronterizo Guardsmen Barracks;;;;;;;;;;;;x,,,,,
ca_culture_fronterizo_2;Fronterizo Guardsmen Barracks;;;;;;;;;;;;x,,,,,
ca_culture_fronterizo_3;Fronterizo Guardsmen Barracks;;;;;;;;;;;;x,,,,,
ca_culture_fronterizo_4;Fronterizo Guardsmen Barracks;;;;;;;;;;;;x,,,,,
tb_culture_fronterizo_1;Fronterizo Guardsmen Halls;;;;;;;;;;;;x,,,,,
tb_culture_fronterizo_2;Fronterizo Guardsmen Halls;;;;;;;;;;;;x,,,,,
tb_culture_fronterizo_3;Fronterizo Guardsmen Halls;;;;;;;;;;;;x,,,,,
tb_culture_fronterizo_4;Fronterizo Guardsmen Halls;;;;;;;;;;;;x,,,,,
ca_culture_fronterizo_1_desc;The Fronterizos only have one job: protect most of the Empire from the northern threat. The Fronterizo Guardsmen are the pinnacle of that thinking, with their pikes and swords slashing through the battle.;;;;;;;;;;;;x,,,,,
,,,,,
ca_culture_ocaseno_1;Tapatio Infantry Barracks;;;;;;;;;;;;x,,,,,
ca_culture_ocaseno_2;Tapatio Infantry Barracks;;;;;;;;;;;;x,,,,,
ca_culture_ocaseno_3;Tapatio Infantry Barracks;;;;;;;;;;;;x,,,,,
ca_culture_ocaseno_4;Tapatio Infantry Barracks;;;;;;;;;;;;x,,,,,
tb_culture_ocaseno_1;Tapatio Infantry Halls;;;;;;;;;;;;x,,,,,
tb_culture_ocaseno_2;Tapatio Infantry Halls;;;;;;;;;;;;x,,,,,
tb_culture_ocaseno_3;Tapatio Infantry Halls;;;;;;;;;;;;x,,,,,
tb_culture_ocaseno_4;Tapatio Infantry Halls;;;;;;;;;;;;x,,,,,
ca_culture_ocaseno_1_desc;The terrain of the Tapatio homeland is ruthless and full with dangers. Due to this, their special infantry is suited and armed with their best equipment to deal with whatever ails their community.;;;;;;;;;;;;x,,,,,
,,,,,
ca_culture_sudabajeno_1;Calentano Milita Barracks;;;;;;;;;;;;x,,,,,
ca_culture_sudabajeno_2;Calentano Milita Barracks;;;;;;;;;;;;x,,,,,
ca_culture_sudabajeno_3;Calentano Milita Barracks;;;;;;;;;;;;x,,,,,
ca_culture_sudabajeno_4;Calentano Milita Barracks;;;;;;;;;;;;x,,,,,
tb_culture_sudabajeno_1;Calentano Milita Grounds;;;;;;;;;;;;x,,,,,
tb_culture_sudabajeno_2;Calentano Milita Grounds;;;;;;;;;;;;x,,,,,
tb_culture_sudabajeno_3;Calentano Milita Grounds;;;;;;;;;;;;x,,,,,
tb_culture_sudabajeno_4;Calentano Milita Grounds;;;;;;;;;;;;x,,,,,
ca_culture_sudabajeno_1_desc;The Calentano Militia are a flexible unit suited to the challenges that they face travelling through their land.;;;;;;;;;;;;x,,,,,
,,,,,
ca_culture_ribereno_1;Jarocho Skirmisher Barracks;;;;;;;;;;;;x,,,,,
ca_culture_ribereno_2;Jarocho Skirmisher Barracks;;;;;;;;;;;;x,,,,,
ca_culture_ribereno_3;Jarocho Skirmisher Barracks;;;;;;;;;;;;x,,,,,
ca_culture_ribereno_4;Jarocho Skirmisher Barracks;;;;;;;;;;;;x,,,,,
tb_culture_ribereno_1;Jarocho Skirmisher Grounds;;;;;;;;;;;;x,,,,,
tb_culture_ribereno_2;Jarocho Skirmisher Grounds;;;;;;;;;;;;x,,,,,
tb_culture_ribereno_3;Jarocho Skirmisher Grounds;;;;;;;;;;;;x,,,,,
tb_culture_ribereno_4;Jarocho Skirmisher Grounds;;;;;;;;;;;;x,,,,,
ca_culture_ribereno_1_desc;The Jarocho Skirmishers are a unit made due to the vast farmlands that their people occupy. Their fast action towards threats gives their people a defense against their adversaries.;;;;;;;;;;;;x,,,,,
,,,,,
ca_culture_oaxaqueno_1;Fraylescano Infantry Barracks;;;;;;;;;;;;x,,,,,
ca_culture_oaxaqueno_2;Fraylescano Infantry Barracks;;;;;;;;;;;;x,,,,,
ca_culture_oaxaqueno_3;Fraylescano Infantry Barracks;;;;;;;;;;;;x,,,,,
ca_culture_oaxaqueno_4;Fraylescano Infantry Barracks;;;;;;;;;;;;x,,,,,
tb_culture_oaxaqueno_1;Fraylescano Infantry Grounds;;;;;;;;;;;;x,,,,,
tb_culture_oaxaqueno_2;Fraylescano Infantry Grounds;;;;;;;;;;;;x,,,,,
tb_culture_oaxaqueno_3;Fraylescano Infantry Grounds;;;;;;;;;;;;x,,,,,
tb_culture_oaxaqueno_4;Fraylescano Infantry Grounds;;;;;;;;;;;;x,,,,,
ca_culture_oaxaqueno_1_desc;The Fraylescano Infantry are combatants who sweep out any danger that comes out of the jungles they find themselves inhabiting.;;;;;;;;;;;;x,,,,,
,,,,,
ca_culture_yucatanense_1;Yucatanense Crossbowmen Range;;;;;;;;;;;;x,,,,,
ca_culture_yucatanense_2;Yucatanense Crossbowmen Range;;;;;;;;;;;;x,,,,,
ca_culture_yucatanense_3;Yucatanense Crossbowmen Range;;;;;;;;;;;;x,,,,,
ca_culture_yucatanense_4;Yucatanense Crossbowmen Range;;;;;;;;;;;;x,,,,,
tb_culture_yucatanense_1;Yucatanense Crossbowmen Fields;;;;;;;;;;;;x,,,,,
tb_culture_yucatanense_2;Yucatanense Crossbowmen Fields;;;;;;;;;;;;x,,,,,
tb_culture_yucatanense_3;Yucatanense Crossbowmen Fields;;;;;;;;;;;;x,,,,,
tb_culture_yucatanense_4;Yucatanense Crossbowmen Fields;;;;;;;;;;;;x,,,,,
ca_culture_yucatanense_1_desc;The Yucatanense field the finest crossbows their side of the Yucatan can offer. A powerful punch paired with piercing through armor gives them their reputation.;;;;;;;;;;;;x,,,,,
,,,,,
ca_culture_hmong_1;Hmong Highlander Barracks;;;;;;;;;;;;x,,,,,
ca_culture_hmong_2;Hmong Highlander Barracks;;;;;;;;;;;;x,,,,,
ca_culture_hmong_3;Hmong Highlander Barracks;;;;;;;;;;;;x,,,,,
ca_culture_hmong_4;Hmong Highlander Barracks;;;;;;;;;;;;x,,,,,
tb_culture_hmong_1;Hmong Highlander Grounds;;;;;;;;;;;;x,,,,,
tb_culture_hmong_2;Hmong Highlander Grounds;;;;;;;;;;;;x,,,,,
tb_culture_hmong_3;Hmong Highlander Grounds;;;;;;;;;;;;x,,,,,
tb_culture_hmong_4;Hmong Highlander Grounds;;;;;;;;;;;;x,,,,,
ca_culture_hmong_1_desc;The Hmong Highlanders are men who dwell in the mountains, showcasing excellent defence against any foe.;;;;;;;;;;;;x,,,,
,,,,,
ca_culture_amero_japonic_1;Amero-Japonic Ronin Armory;;;;;;;;;;;;x,,,,,
ca_culture_amero_japonic_2;Amero-Japonic Ronin Armory;;;;;;;;;;;;x,,,,,
ca_culture_amero_japonic_3;Amero-Japonic Ronin Armory;;;;;;;;;;;;x,,,,,
ca_culture_amero_japonic_4;Amero-Japonic Ronin Armory;;;;;;;;;;;;x,,,,,
tb_culture_amero_japonic_1;Amero-Japonic Ronin Outposts;;;;;;;;;;;;x,,,,,
tb_culture_amero_japonic_2;Amero-Japonic Ronin Outposts;;;;;;;;;;;;x,,,,,
tb_culture_amero_japonic_3;Amero-Japonic Ronin Outposts;;;;;;;;;;;;x,,,,,
tb_culture_amero_japonic_4;Amero-Japonic Ronin Outposts;;;;;;;;;;;;x,,,,,
ca_culture_amero_japonic_1_desc;As the Event ravaged upon the lands, the Japanese in the American continent molded back a tradition back home: bodyguards who serve the realm and their families. The Ronin are highly sought after, with their fiece power from their swords attracting men from different realms.;;;;;;;;;;;;x,,,
,,,,,
ca_culture_pinoy_1;Pinoy Arnisan Barracks;;;;;;;;;;;;x,,,,,
ca_culture_pinoy_2;Pinoy Arnisan Barracks;;;;;;;;;;;;x,,,,,
ca_culture_pinoy_3;Pinoy Arnisan Barracks;;;;;;;;;;;;x,,,,,
ca_culture_pinoy_4;Pinoy Arnisan Barracks;;;;;;;;;;;;x,,,,,
tb_culture_pinoy_1;Pinoy Arnisan Grounds;;;;;;;;;;;;x,,,,,
tb_culture_pinoy_2;Pinoy Arnisan Grounds;;;;;;;;;;;;x,,,,,
tb_culture_pinoy_3;Pinoy Arnisan Grounds;;;;;;;;;;;;x,,,,,
tb_culture_pinoy_4;Pinoy Arnisan Grounds;;;;;;;;;;;;x,,,,,
ca_culture_pinoy_1_desc;A martial arts tradition hailing from the homeland, the Arnis Infantry are men armed with hardwood sticks to inflict maiming damage towards the enemy.;;;;;;;;;;;;x,,,,
,,,,,
ca_culture_coptifornian_1;Niremenkhemi Spearmen Drillhouse;;;;;;;;;;;;x,,,,,
ca_culture_coptifornian_2;Niremenkhemi Spearmen Drillhouse;;;;;;;;;;;;x,,,,,
ca_culture_coptifornian_3;Niremenkhemi Spearmen Drillhouse;;;;;;;;;;;;x,,,,,
ca_culture_coptifornian_4;Niremenkhemi Spearmen Drillhouse;;;;;;;;;;;;x,,,,,
tb_culture_coptifornian_1;Niremenkhemi Spearmen Proving Ground;;;;;;;;;;;;x,,,,,
tb_culture_coptifornian_2;Niremenkhemi Spearmen Proving Ground;;;;;;;;;;;;x,,,,,
tb_culture_coptifornian_3;Niremenkhemi Spearmen Proving Ground;;;;;;;;;;;;x,,,,,
tb_culture_coptifornian_4;Niremenkhemi Spearmen Proving Ground;;;;;;;;;;;;x,,,,,
ca_culture_coptifornian_1_desc;The Niremenkhemi Spearmen are revered spearmen who use their long spears to crash any enemy advance.;;;;;;;;;;;;x,,,,,
,,,,,
ny_turkish_minority;Türk Minority;;;;;;;;;;x,,,,,
invite_local_turk;Invite local Türk Man;;;;;;;;;;x,,,,,
invite_local_turk_woman;Invite local Türk woman;;;;;;;;;;x,,,,,
invite_local_turk_desc;Invite a Türk man from your local Türk community.;;;;;;;;;;x,,,,,
invite_local_turk_woman_desc;Invite a Türk woman from your local Türk community.;;;;;;;;;;x,,,,,
EVTDESC_WA_14;A community of Türks have established themselves in one of your provinces, will you allow them to stay?;;;;;;;;;;;;;x ,,,,
EVTOPTAWA14;They may stay.;;;;;;;;;;;;;x,,,,,
EVTOPTBWA14;Drive them out and seize their goods!;;;;;;;;;;;;;x,,,,,
EVTDESC_WA_15;As the population of the province has become majority Türk, the minority community has integrated into the wider population;;;;;;;;;;;;;x,,,,
EVTOPTAWA15;Okay.;;;;;;;;;;;;;x,,,,,
EVTDESC_WA_16;The minority Türk population of your province has moved elsewhere, they may some day ask to return.;;;;;;;;;;;;;x,,,,
EVTOPTAWA16;Okay.;;;;;;;;;;;;;x,,,,,
custom_turk_wandering;Türk Migration Region.;;;;;;;;;;;;;x,,,,,
west_great_lakes_route;West Great Lakes Route;;;;;;;;;x,,,,,
trans_atlantic_crossing;Trans Atlantic Crossing;;;;;;;;;x,,,,,
caribbean_route;Caribbean Route;;;;;;;;;x,,,,,
east_great_lakes_route;East Great Lakes Route;;;;;;;;;x,,,,,
lower_mississippi_way;Lower Mississippi Way;;;;;;;;;x,,,,,
upper_mississippi_way;Upper Mississippi Way;;;;;;;;;x,,,,,
route_10_east;I-10E;;;;;;;;;x,,,,,
route_10_west;I-10W;;;;;;;;;x,,,,,
ninety_five_north;I-95N;;;;;;;;;x,,,,,
midwestern_waterway;Midwestern Waterway;;;;;;;;;x,,,,,
route_20_east;I-20E;;;;;;;;;x,,,,,
cumberland_trail;Cumberland Trail;;;;;;;;;x,,,,,
trappers_trail;Trappers Trail;;;;;;;;;x,,,,,
autopista_pacifico;Autopista Pacifico;;;;;;;;;x,,,,,
autopista_central;Autopista Central;;;;;;;;;x,,,,,
autopista_norte;Autopista Norte;;;;;;;;;x,,,,,
autopista_atlantico;Autopista Atlantico;;;;;;;;;x,,,,,
KING_OF_THE_ANDALS;King of the Andals;;;;;;;;;x,,,,,
PROTECTOR_OF_THE_SEVEN_KINGDOMS;Protector of the Seven Kingdoms;;;;;;;;;x,,,,,
KING_OF_THE_ANDALS_FOA;King of the Andals;;;;;;;;;x,,,,,
SEVEN_KINGDOMS_OF;Seven Kingdoms;;;;;;;;;x,,,,,
religion_feature_novelist_2;Valyrian Dragonlords;;;;;;;;;x,,,,,
religion_feature_novelist_2_desc;Our customs from over the sea hold that we must keep our blood pure, our seed strong, and our blades sharp.;;;;;;;;;x,,,
sun_dance_opinion;Sun Dance Opinion;;;;;;;;;x,,,,,
CB_NAME_MARCH_CUSTODITE;Establish Command and Control;;;;;;;;;x,,,,,
custoditemarch_cb_desc;As an officer of the armed forces, it is your responsibility to restore order to America.;;;;;;;;;x,,,,
WAR_NAME_MARCH_CUSTODITE;$ORDER$$FIRST_ADJ$ War to Pacify $DEFENDER$;;;;;;;;;x,,,,,
parliament_laws_custodite;Joint Chiefs of Staff;;;;;;;;;x,,,,,
parliament_laws_custodite_desc;These laws determine the number of Chiefs;;;;;;;;;x,,,,,
title_custodite_member_parliament;Chief of Staff;;;;;;;;;x,,,,,
title_custodite_member_parliament_1;Chief of Staff;;;;;;;;;x,,,,,
title_custodite_member_parliament_2;Chief of Staff;;;;;;;;;x,,,,,
parliament_laws_custodite_0;No Chiefs;;;;;;;;;x,,,,,
parliament_laws_custodite_0_desc;0 Chiefs of Staff;;;;;;;;;x,,,,,
parliament_laws_custodite_1;4 Chiefs of Staff;;;;;;;;;x,,,,,
parliament_laws_custodite_1_desc;4 Chiefs of Staff on retainer;;;;;;;;;x,,,,,
parliament_laws_custodite_2;8 Chiefs of Staff;;;;;;;;;x,,,,,
parliament_laws_custodite_2_desc;8 Chiefs of Staff on retainer;;;;;;;;;x,,,,,
parliament_laws_custodite_3;12 Chiefs of Staff;;;;;;;;;x,,,,,
parliament_laws_custodite_3_desc;12 Chiefs of Staff on retainer;;;;;;;;;x,,,,,
amaitist_forum;Amaitist Exchange Forum;;;;;;;;;x,,,,,
amaitist_forum_desc;This commercial forum is a hub for the far-traveled Amaitist merchant-missionaries, who carry both precious goods and the teachings of Amaité across the land. §Y This increases Amaitist conversion speed in this and neighboring provinces. §!;;;;;;;;;x,,,,
aquarian_vibes;Aquarian Vibrations;;;;;;;;;x,,,,,
aquarian_vibes_desc;This Aquarian is exploring their inner divinity and reaping the benefits to body and soul;;;;;;;;;x,,,,,
aquarian_null_vibes;Aquarian Vibrations;;;;;;;;;x,,,,,
aquarian_null_vibes_desc;This Aquarian is exploring their inner divinity and reaping the benefits to body and soul;;;;;;;;;x,,,,,
aquarian_good_vibes;Aquarian Vibrations;;;;;;;;;x,,,,,
aquarian_good_vibes_desc;This Aquarian is exploring their inner divinity and reaping the benefits to body and soul;;;;;;;;;x,,,,,
aquarian_bad_vibes;Aquarian Vibrations;;;;;;;;;x,,,,,
aquarian_bad_vibes_desc;This Aquarian is exploring their inner divinity and reaping the benefits to body and soul;;;;;;;;;x,,,,,
reiki_tooltip;Reiki may improve your mental health and give a positive vibration modifier.;;;;;;;;;x,,,,,
crystal_tooltip;The energy within this crystal may bring you health and prosperity, but it may be hard to tell for sure.;;;;;;;;;x,,,,
channeling_tooltip;Depending on their power, channeling a spirit may alter your personality or perspective.;;;;;;;;;x,,,,
carnality_tooltip;Carnal exploration may improve your mental health and give a positive vibration modifier.;;;;;;;;;x,,,,,
yoga_tooltip;Yoga may improve your mental health and give a positive vibration modifier.;;;;;;;;;x,,,,,
aquarian_crystal;Aquarian Crystal;;;;;;;;;x,,,,,
aquarian_crystal_desc;A crystal charged with positive energies, blessing its environment with good fortune.;;;;;;;;;x,,,,
aquarian_crystal_bad;Aquarian Crystal;;;;;;;;;x,,,,,
aquarian_crystal_bad_desc;A crystal charged with positive energies, blessing its environment with good fortune supposedly.;;;;;;;;;x,,,,
STAT_PIETY_REVERENCE;Reverence;;;;;;;;;;;;;x,,,,,
STAT_PIETY_MENU_REVERENCE;Reverence;;;;;;;;;;;;;x,,,,,
