secret_religious_society_zenith;[GetReligiousCommunityName_zenith];[GetReligiousCommunityName_zenith];[GetReligiousCommunityName_zenith];;[GetReligiousCommunityName_zenith];;;;;;;;;x
secret_religious_society_zenith_desc;[GetReligiousSocietyDesc_zenith];[GetReligiousSocietyDesc_zenith];[GetReligiousSocietyDesc_zenith];;[GetReligiousSocietyDesc_zenith];;;;;;;;;x
secret_religious_society_zenith_currency;Devotion;Dévotion;Hingabe;;Devoción;;;;;;;;;x
secret_religious_society_zenith_leader_desc;[GetSocietyLeaderDesc];[GetSocietyLeaderDesc];[GetSocietyLeaderDesc];;[GetSocietyLeaderDesc];;;;;;;;;x
alt_start_community_name_zenith;The [zenith.GetName] Faithful;Fidèles [zenith.GetName]s;Die [zenith.GetName]en Gläubigen;;Creyentes [zenith.GetName]s;;;;;;;;;x
secretly_convert_to_zenith_holy_site;Secretly Convert to [zenith.GetName];Adopter en secret la foi [zenith.GetName];Heimlich zum [zenith.GetName] Glauben konvertieren;;Convertirse en secreto a la religión [zenith.GetName];;;;;;;;;x
secretly_convert_to_zenith_holy_site_desc;The §Y[zenith.GetName]§! pilgrims that flock to the holy site in §Y[Root.Location.GetName]§! impress me with the depth and passion of their faith. I am tempted to convert in secrecy...;Les pèlerins §Y[zenith.GetName]§! qui affluent vers le site saint en §Y[Root.Location.GetName]§! m'impressionnent avec la profondeur et la passion de leur foi. Je suis tenté[Root.Get_E] de me convertir en secret...;Die §Y[zenith.GetName]istischen§! Pilger in §Y[Root.Location.GetName]§! beeindrucken mich durch die Tiefe und die Leidenschaft ihres Glaubens. Ich bin versucht, heimlich zu konvertieren ...;;Los peregrinos §Y[zenith.GetName]§! que acuden en masa al lugar sagrado en §Y[Root.Location.GetName]§! me impresionan con la profundidad y la pasión de su fe. Me tienta convertirme en secreto...;;;;;;;;;x

secret_religious_society_witness;[GetReligiousCommunityName_witness];[GetReligiousCommunityName_witness];[GetReligiousCommunityName_witness];;[GetReligiousCommunityName_witness];;;;;;;;;x
secret_religious_society_witness_desc;[GetReligiousSocietyDesc_witness];[GetReligiousSocietyDesc_witness];[GetReligiousSocietyDesc_witness];;[GetReligiousSocietyDesc_witness];;;;;;;;;x
secret_religious_society_witness_currency;Devotion;Dévotion;Hingabe;;Devoción;;;;;;;;;x
secret_religious_society_witness_leader_desc;[GetSocietyLeaderDesc];[GetSocietyLeaderDesc];[GetSocietyLeaderDesc];;[GetSocietyLeaderDesc];;;;;;;;;x
alt_start_community_name_witness;The [witness.GetName] Faithful;Fidèles [witness.GetName]s;Die [witness.GetName]en Gläubigen;;Creyentes [witness.GetName]s;;;;;;;;;x
secretly_convert_to_witness_holy_site;Secretly Convert to [witness.GetName];Adopter en secret la foi [witness.GetName];Heimlich zum [witness.GetName] Glauben konvertieren;;Convertirse en secreto a la religión [witness.GetName];;;;;;;;;x
secretly_convert_to_witness_holy_site_desc;The §Y[witness.GetName]§! pilgrims that flock to the holy site in §Y[Root.Location.GetName]§! impress me with the depth and passion of their faith. I am tempted to convert in secrecy...;Les pèlerins §Y[witness.GetName]§! qui affluent vers le site saint en §Y[Root.Location.GetName]§! m'impressionnent avec la profondeur et la passion de leur foi. Je suis tenté[Root.Get_E] de me convertir en secret...;Die §Y[witness.GetName]istischen§! Pilger in §Y[Root.Location.GetName]§! beeindrucken mich durch die Tiefe und die Leidenschaft ihres Glaubens. Ich bin versucht, heimlich zu konvertieren ...;;Los peregrinos §Y[witness.GetName]§! que acuden en masa al lugar sagrado en §Y[Root.Location.GetName]§! me impresionan con la profundidad y la pasión de su fe. Me tienta convertirme en secreto...;;;;;;;;;x

secret_religious_society_watcher;[GetReligiousCommunityName_watcher];[GetReligiousCommunityName_watcher];[GetReligiousCommunityName_watcher];;[GetReligiousCommunityName_watcher];;;;;;;;;x
secret_religious_society_watcher_desc;[GetReligiousSocietyDesc_watcher];[GetReligiousSocietyDesc_watcher];[GetReligiousSocietyDesc_watcher];;[GetReligiousSocietyDesc_watcher];;;;;;;;;x
secret_religious_society_watcher_currency;Devotion;Dévotion;Hingabe;;Devoción;;;;;;;;;x
secret_religious_society_watcher_leader_desc;[GetSocietyLeaderDesc];[GetSocietyLeaderDesc];[GetSocietyLeaderDesc];;[GetSocietyLeaderDesc];;;;;;;;;x
alt_start_community_name_watcher;The [watcher.GetName] Faithful;Fidèles [watcher.GetName]s;Die [watcher.GetName]en Gläubigen;;Creyentes [watcher.GetName]s;;;;;;;;;x
secretly_convert_to_watcher_holy_site;Secretly Convert to [watcher.GetName];Adopter en secret la foi [watcher.GetName];Heimlich zum [watcher.GetName] Glauben konvertieren;;Convertirse en secreto a la religión [watcher.GetName];;;;;;;;;x
secretly_convert_to_watcher_holy_site_desc;The §Y[watcher.GetName]§! pilgrims that flock to the holy site in §Y[Root.Location.GetName]§! impress me with the depth and passion of their faith. I am tempted to convert in secrecy...;Les pèlerins §Y[watcher.GetName]§! qui affluent vers le site saint en §Y[Root.Location.GetName]§! m'impressionnent avec la profondeur et la passion de leur foi. Je suis tenté[Root.Get_E] de me convertir en secret...;Die §Y[watcher.GetName]istischen§! Pilger in §Y[Root.Location.GetName]§! beeindrucken mich durch die Tiefe und die Leidenschaft ihres Glaubens. Ich bin versucht, heimlich zu konvertieren ...;;Los peregrinos §Y[watcher.GetName]§! que acuden en masa al lugar sagrado en §Y[Root.Location.GetName]§! me impresionan con la profundidad y la pasión de su fe. Me tienta convertirme en secreto...;;;;;;;;;x

secret_religious_society_voodun;[GetReligiousCommunityName_voodun];[GetReligiousCommunityName_voodun];[GetReligiousCommunityName_voodun];;[GetReligiousCommunityName_voodun];;;;;;;;;x
secret_religious_society_voodun_desc;[GetReligiousSocietyDesc_voodun];[GetReligiousSocietyDesc_voodun];[GetReligiousSocietyDesc_voodun];;[GetReligiousSocietyDesc_voodun];;;;;;;;;x
secret_religious_society_voodun_currency;Devotion;Dévotion;Hingabe;;Devoción;;;;;;;;;x
secret_religious_society_voodun_leader_desc;[GetSocietyLeaderDesc];[GetSocietyLeaderDesc];[GetSocietyLeaderDesc];;[GetSocietyLeaderDesc];;;;;;;;;x
alt_start_community_name_voodun;The [voodun.GetName] Faithful;Fidèles [voodun.GetName]s;Die [voodun.GetName]en Gläubigen;;Creyentes [voodun.GetName]s;;;;;;;;;x
secretly_convert_to_voodun_holy_site;Secretly Convert to [voodun.GetName];Adopter en secret la foi [voodun.GetName];Heimlich zum [voodun.GetName] Glauben konvertieren;;Convertirse en secreto a la religión [voodun.GetName];;;;;;;;;x
secretly_convert_to_voodun_holy_site_desc;The §Y[voodun.GetName]§! pilgrims that flock to the holy site in §Y[Root.Location.GetName]§! impress me with the depth and passion of their faith. I am tempted to convert in secrecy...;Les pèlerins §Y[voodun.GetName]§! qui affluent vers le site saint en §Y[Root.Location.GetName]§! m'impressionnent avec la profondeur et la passion de leur foi. Je suis tenté[Root.Get_E] de me convertir en secret...;Die §Y[voodun.GetName]istischen§! Pilger in §Y[Root.Location.GetName]§! beeindrucken mich durch die Tiefe und die Leidenschaft ihres Glaubens. Ich bin versucht, heimlich zu konvertieren ...;;Los peregrinos §Y[voodun.GetName]§! que acuden en masa al lugar sagrado en §Y[Root.Location.GetName]§! me impresionan con la profundidad y la pasión de su fe. Me tienta convertirme en secreto...;;;;;;;;;x

secret_religious_society_haiti_voodoo;[GetReligiousCommunityName_haiti_voodoo];[GetReligiousCommunityName_haiti_voodoo];[GetReligiousCommunityName_haiti_voodoo];;[GetReligiousCommunityName_haiti_voodoo];;;;;;;;;x
secret_religious_society_haiti_voodoo_desc;[GetReligiousSocietyDesc_haiti_voodoo];[GetReligiousSocietyDesc_haiti_voodoo];[GetReligiousSocietyDesc_haiti_voodoo];;[GetReligiousSocietyDesc_haiti_voodoo];;;;;;;;;x
secret_religious_society_haiti_voodoo_currency;Devotion;Dévotion;Hingabe;;Devoción;;;;;;;;;x
secret_religious_society_haiti_voodoo_leader_desc;[GetSocietyLeaderDesc];[GetSocietyLeaderDesc];[GetSocietyLeaderDesc];;[GetSocietyLeaderDesc];;;;;;;;;x
alt_start_community_name_haiti_voodoo;The [haiti_voodoo.GetName] Faithful;Fidèles [haiti_voodoo.GetName]s;Die [haiti_voodoo.GetName]en Gläubigen;;Creyentes [haiti_voodoo.GetName]s;;;;;;;;;x
secretly_convert_to_haiti_voodoo_holy_site;Secretly Convert to [haiti_voodoo.GetName];Adopter en secret la foi [haiti_voodoo.GetName];Heimlich zum [haiti_voodoo.GetName] Glauben konvertieren;;Convertirse en secreto a la religión [haiti_voodoo.GetName];;;;;;;;;x
secretly_convert_to_haiti_voodoo_holy_site_desc;The §Y[haiti_voodoo.GetName]§! pilgrims that flock to the holy site in §Y[Root.Location.GetName]§! impress me with the depth and passion of their faith. I am tempted to convert in secrecy...;Les pèlerins §Y[haiti_voodoo.GetName]§! qui affluent vers le site saint en §Y[Root.Location.GetName]§! m'impressionnent avec la profondeur et la passion de leur foi. Je suis tenté[Root.Get_E] de me convertir en secret...;Die §Y[haiti_voodoo.GetName]istischen§! Pilger in §Y[Root.Location.GetName]§! beeindrucken mich durch die Tiefe und die Leidenschaft ihres Glaubens. Ich bin versucht, heimlich zu konvertieren ...;;Los peregrinos §Y[haiti_voodoo.GetName]§! que acuden en masa al lugar sagrado en §Y[Root.Location.GetName]§! me impresionan con la profundidad y la pasión de su fe. Me tienta convertirme en secreto...;;;;;;;;;x

secret_religious_society_united_church;[GetReligiousCommunityName_united_church];[GetReligiousCommunityName_united_church];[GetReligiousCommunityName_united_church];;[GetReligiousCommunityName_united_church];;;;;;;;;x
secret_religious_society_united_church_desc;[GetReligiousSocietyDesc_united_church];[GetReligiousSocietyDesc_united_church];[GetReligiousSocietyDesc_united_church];;[GetReligiousSocietyDesc_united_church];;;;;;;;;x
secret_religious_society_united_church_currency;Devotion;Dévotion;Hingabe;;Devoción;;;;;;;;;x
secret_religious_society_united_church_leader_desc;[GetSocietyLeaderDesc];[GetSocietyLeaderDesc];[GetSocietyLeaderDesc];;[GetSocietyLeaderDesc];;;;;;;;;x
alt_start_community_name_united_church;The [united_church.GetName] Faithful;Fidèles [united_church.GetName]s;Die [united_church.GetName]en Gläubigen;;Creyentes [united_church.GetName]s;;;;;;;;;x
secretly_convert_to_united_church_holy_site;Secretly Convert to [united_church.GetName];Adopter en secret la foi [united_church.GetName];Heimlich zum [united_church.GetName] Glauben konvertieren;;Convertirse en secreto a la religión [united_church.GetName];;;;;;;;;x
secretly_convert_to_united_church_holy_site_desc;The §Y[united_church.GetName]§! pilgrims that flock to the holy site in §Y[Root.Location.GetName]§! impress me with the depth and passion of their faith. I am tempted to convert in secrecy...;Les pèlerins §Y[united_church.GetName]§! qui affluent vers le site saint en §Y[Root.Location.GetName]§! m'impressionnent avec la profondeur et la passion de leur foi. Je suis tenté[Root.Get_E] de me convertir en secret...;Die §Y[united_church.GetName]istischen§! Pilger in §Y[Root.Location.GetName]§! beeindrucken mich durch die Tiefe und die Leidenschaft ihres Glaubens. Ich bin versucht, heimlich zu konvertieren ...;;Los peregrinos §Y[united_church.GetName]§! que acuden en masa al lugar sagrado en §Y[Root.Location.GetName]§! me impresionan con la profundidad y la pasión de su fe. Me tienta convertirme en secreto...;;;;;;;;;x

secret_religious_society_moravian;[GetReligiousCommunityName_moravian];[GetReligiousCommunityName_moravian];[GetReligiousCommunityName_moravian];;[GetReligiousCommunityName_moravian];;;;;;;;;x
secret_religious_society_moravian_desc;[GetReligiousSocietyDesc_moravian];[GetReligiousSocietyDesc_moravian];[GetReligiousSocietyDesc_moravian];;[GetReligiousSocietyDesc_moravian];;;;;;;;;x
secret_religious_society_moravian_currency;Devotion;Dévotion;Hingabe;;Devoción;;;;;;;;;x
secret_religious_society_moravian_leader_desc;[GetSocietyLeaderDesc];[GetSocietyLeaderDesc];[GetSocietyLeaderDesc];;[GetSocietyLeaderDesc];;;;;;;;;x
alt_start_community_name_moravian;The [moravian.GetName] Faithful;Fidèles [moravian.GetName]s;Die [moravian.GetName]en Gläubigen;;Creyentes [moravian.GetName]s;;;;;;;;;x
secretly_convert_to_moravian_holy_site;Secretly Convert to [moravian.GetName];Adopter en secret la foi [moravian.GetName];Heimlich zum [moravian.GetName] Glauben konvertieren;;Convertirse en secreto a la religión [moravian.GetName];;;;;;;;;x
secretly_convert_to_moravian_holy_site_desc;The §Y[moravian.GetName]§! pilgrims that flock to the holy site in §Y[Root.Location.GetName]§! impress me with the depth and passion of their faith. I am tempted to convert in secrecy...;Les pèlerins §Y[moravian.GetName]§! qui affluent vers le site saint en §Y[Root.Location.GetName]§! m'impressionnent avec la profondeur et la passion de leur foi. Je suis tenté[Root.Get_E] de me convertir en secret...;Die §Y[moravian.GetName]istischen§! Pilger in §Y[Root.Location.GetName]§! beeindrucken mich durch die Tiefe und die Leidenschaft ihres Glaubens. Ich bin versucht, heimlich zu konvertieren ...;;Los peregrinos §Y[moravian.GetName]§! que acuden en masa al lugar sagrado en §Y[Root.Location.GetName]§! me impresionan con la profundidad y la pasión de su fe. Me tienta convertirme en secreto...;;;;;;;;;x

secret_religious_society_uniate;[GetReligiousCommunityName_uniate];[GetReligiousCommunityName_uniate];[GetReligiousCommunityName_uniate];;[GetReligiousCommunityName_uniate];;;;;;;;;x
secret_religious_society_uniate_desc;[GetReligiousSocietyDesc_uniate];[GetReligiousSocietyDesc_uniate];[GetReligiousSocietyDesc_uniate];;[GetReligiousSocietyDesc_uniate];;;;;;;;;x
secret_religious_society_uniate_currency;Devotion;Dévotion;Hingabe;;Devoción;;;;;;;;;x
secret_religious_society_uniate_leader_desc;[GetSocietyLeaderDesc];[GetSocietyLeaderDesc];[GetSocietyLeaderDesc];;[GetSocietyLeaderDesc];;;;;;;;;x
alt_start_community_name_uniate;The [uniate.GetName] Faithful;Fidèles [uniate.GetName]s;Die [uniate.GetName]en Gläubigen;;Creyentes [uniate.GetName]s;;;;;;;;;x
secretly_convert_to_uniate_holy_site;Secretly Convert to [uniate.GetName];Adopter en secret la foi [uniate.GetName];Heimlich zum [uniate.GetName] Glauben konvertieren;;Convertirse en secreto a la religión [uniate.GetName];;;;;;;;;x
secretly_convert_to_uniate_holy_site_desc;The §Y[uniate.GetName]§! pilgrims that flock to the holy site in §Y[Root.Location.GetName]§! impress me with the depth and passion of their faith. I am tempted to convert in secrecy...;Les pèlerins §Y[uniate.GetName]§! qui affluent vers le site saint en §Y[Root.Location.GetName]§! m'impressionnent avec la profondeur et la passion de leur foi. Je suis tenté[Root.Get_E] de me convertir en secret...;Die §Y[uniate.GetName]istischen§! Pilger in §Y[Root.Location.GetName]§! beeindrucken mich durch die Tiefe und die Leidenschaft ihres Glaubens. Ich bin versucht, heimlich zu konvertieren ...;;Los peregrinos §Y[uniate.GetName]§! que acuden en masa al lugar sagrado en §Y[Root.Location.GetName]§! me impresionan con la profundidad y la pasión de su fe. Me tienta convertirme en secreto...;;;;;;;;;x

secret_religious_society_triumphant;[GetReligiousCommunityName_triumphant];[GetReligiousCommunityName_triumphant];[GetReligiousCommunityName_triumphant];;[GetReligiousCommunityName_triumphant];;;;;;;;;x
secret_religious_society_triumphant_desc;[GetReligiousSocietyDesc_triumphant];[GetReligiousSocietyDesc_triumphant];[GetReligiousSocietyDesc_triumphant];;[GetReligiousSocietyDesc_triumphant];;;;;;;;;x
secret_religious_society_triumphant_currency;Devotion;Dévotion;Hingabe;;Devoción;;;;;;;;;x
secret_religious_society_triumphant_leader_desc;[GetSocietyLeaderDesc];[GetSocietyLeaderDesc];[GetSocietyLeaderDesc];;[GetSocietyLeaderDesc];;;;;;;;;x
alt_start_community_name_triumphant;The [triumphant.GetName] Faithful;Fidèles [triumphant.GetName]s;Die [triumphant.GetName]en Gläubigen;;Creyentes [triumphant.GetName]s;;;;;;;;;x
secretly_convert_to_triumphant_holy_site;Secretly Convert to [triumphant.GetName];Adopter en secret la foi [triumphant.GetName];Heimlich zum [triumphant.GetName] Glauben konvertieren;;Convertirse en secreto a la religión [triumphant.GetName];;;;;;;;;x
secretly_convert_to_triumphant_holy_site_desc;The §Y[triumphant.GetName]§! pilgrims that flock to the holy site in §Y[Root.Location.GetName]§! impress me with the depth and passion of their faith. I am tempted to convert in secrecy...;Les pèlerins §Y[triumphant.GetName]§! qui affluent vers le site saint en §Y[Root.Location.GetName]§! m'impressionnent avec la profondeur et la passion de leur foi. Je suis tenté[Root.Get_E] de me convertir en secret...;Die §Y[triumphant.GetName]istischen§! Pilger in §Y[Root.Location.GetName]§! beeindrucken mich durch die Tiefe und die Leidenschaft ihres Glaubens. Ich bin versucht, heimlich zu konvertieren ...;;Los peregrinos §Y[triumphant.GetName]§! que acuden en masa al lugar sagrado en §Y[Root.Location.GetName]§! me impresionan con la profundidad y la pasión de su fe. Me tienta convertirme en secreto...;;;;;;;;;x

secret_religious_society_trinitarian;[GetReligiousCommunityName_trinitarian];[GetReligiousCommunityName_trinitarian];[GetReligiousCommunityName_trinitarian];;[GetReligiousCommunityName_trinitarian];;;;;;;;;x
secret_religious_society_trinitarian_desc;[GetReligiousSocietyDesc_trinitarian];[GetReligiousSocietyDesc_trinitarian];[GetReligiousSocietyDesc_trinitarian];;[GetReligiousSocietyDesc_trinitarian];;;;;;;;;x
secret_religious_society_trinitarian_currency;Devotion;Dévotion;Hingabe;;Devoción;;;;;;;;;x
secret_religious_society_trinitarian_leader_desc;[GetSocietyLeaderDesc];[GetSocietyLeaderDesc];[GetSocietyLeaderDesc];;[GetSocietyLeaderDesc];;;;;;;;;x
alt_start_community_name_trinitarian;The [trinitarian.GetName] Faithful;Fidèles [trinitarian.GetName]s;Die [trinitarian.GetName]en Gläubigen;;Creyentes [trinitarian.GetName]s;;;;;;;;;x
secretly_convert_to_trinitarian_holy_site;Secretly Convert to [trinitarian.GetName];Adopter en secret la foi [trinitarian.GetName];Heimlich zum [trinitarian.GetName] Glauben konvertieren;;Convertirse en secreto a la religión [trinitarian.GetName];;;;;;;;;x
secretly_convert_to_trinitarian_holy_site_desc;The §Y[trinitarian.GetName]§! pilgrims that flock to the holy site in §Y[Root.Location.GetName]§! impress me with the depth and passion of their faith. I am tempted to convert in secrecy...;Les pèlerins §Y[trinitarian.GetName]§! qui affluent vers le site saint en §Y[Root.Location.GetName]§! m'impressionnent avec la profondeur et la passion de leur foi. Je suis tenté[Root.Get_E] de me convertir en secret...;Die §Y[trinitarian.GetName]istischen§! Pilger in §Y[Root.Location.GetName]§! beeindrucken mich durch die Tiefe und die Leidenschaft ihres Glaubens. Ich bin versucht, heimlich zu konvertieren ...;;Los peregrinos §Y[trinitarian.GetName]§! que acuden en masa al lugar sagrado en §Y[Root.Location.GetName]§! me impresionan con la profundidad y la pasión de su fe. Me tienta convertirme en secreto...;;;;;;;;;x

secret_religious_society_thaddean;[GetReligiousCommunityName_thaddean];[GetReligiousCommunityName_thaddean];[GetReligiousCommunityName_thaddean];;[GetReligiousCommunityName_thaddean];;;;;;;;;x
secret_religious_society_thaddean_desc;[GetReligiousSocietyDesc_thaddean];[GetReligiousSocietyDesc_thaddean];[GetReligiousSocietyDesc_thaddean];;[GetReligiousSocietyDesc_thaddean];;;;;;;;;x
secret_religious_society_thaddean_currency;Devotion;Dévotion;Hingabe;;Devoción;;;;;;;;;x
secret_religious_society_thaddean_leader_desc;[GetSocietyLeaderDesc];[GetSocietyLeaderDesc];[GetSocietyLeaderDesc];;[GetSocietyLeaderDesc];;;;;;;;;x
alt_start_community_name_thaddean;The [thaddean.GetName] Faithful;Fidèles [thaddean.GetName]s;Die [thaddean.GetName]en Gläubigen;;Creyentes [thaddean.GetName]s;;;;;;;;;x
secretly_convert_to_thaddean_holy_site;Secretly Convert to [thaddean.GetName];Adopter en secret la foi [thaddean.GetName];Heimlich zum [thaddean.GetName] Glauben konvertieren;;Convertirse en secreto a la religión [thaddean.GetName];;;;;;;;;x
secretly_convert_to_thaddean_holy_site_desc;The §Y[thaddean.GetName]§! pilgrims that flock to the holy site in §Y[Root.Location.GetName]§! impress me with the depth and passion of their faith. I am tempted to convert in secrecy...;Les pèlerins §Y[thaddean.GetName]§! qui affluent vers le site saint en §Y[Root.Location.GetName]§! m'impressionnent avec la profondeur et la passion de leur foi. Je suis tenté[Root.Get_E] de me convertir en secret...;Die §Y[thaddean.GetName]istischen§! Pilger in §Y[Root.Location.GetName]§! beeindrucken mich durch die Tiefe und die Leidenschaft ihres Glaubens. Ich bin versucht, heimlich zu konvertieren ...;;Los peregrinos §Y[thaddean.GetName]§! que acuden en masa al lugar sagrado en §Y[Root.Location.GetName]§! me impresionan con la profundidad y la pasión de su fe. Me tienta convertirme en secreto...;;;;;;;;;x

secret_religious_society_templarist;[GetReligiousCommunityName_templarist];[GetReligiousCommunityName_templarist];[GetReligiousCommunityName_templarist];;[GetReligiousCommunityName_templarist];;;;;;;;;x
secret_religious_society_templarist_desc;[GetReligiousSocietyDesc_templarist];[GetReligiousSocietyDesc_templarist];[GetReligiousSocietyDesc_templarist];;[GetReligiousSocietyDesc_templarist];;;;;;;;;x
secret_religious_society_templarist_currency;Devotion;Dévotion;Hingabe;;Devoción;;;;;;;;;x
secret_religious_society_templarist_leader_desc;[GetSocietyLeaderDesc];[GetSocietyLeaderDesc];[GetSocietyLeaderDesc];;[GetSocietyLeaderDesc];;;;;;;;;x
alt_start_community_name_templarist;The [templarist.GetName] Faithful;Fidèles [templarist.GetName]s;Die [templarist.GetName]en Gläubigen;;Creyentes [templarist.GetName]s;;;;;;;;;x
secretly_convert_to_templarist_holy_site;Secretly Convert to [templarist.GetName];Adopter en secret la foi [templarist.GetName];Heimlich zum [templarist.GetName] Glauben konvertieren;;Convertirse en secreto a la religión [templarist.GetName];;;;;;;;;x
secretly_convert_to_templarist_holy_site_desc;The §Y[templarist.GetName]§! pilgrims that flock to the holy site in §Y[Root.Location.GetName]§! impress me with the depth and passion of their faith. I am tempted to convert in secrecy...;Les pèlerins §Y[templarist.GetName]§! qui affluent vers le site saint en §Y[Root.Location.GetName]§! m'impressionnent avec la profondeur et la passion de leur foi. Je suis tenté[Root.Get_E] de me convertir en secret...;Die §Y[templarist.GetName]istischen§! Pilger in §Y[Root.Location.GetName]§! beeindrucken mich durch die Tiefe und die Leidenschaft ihres Glaubens. Ich bin versucht, heimlich zu konvertieren ...;;Los peregrinos §Y[templarist.GetName]§! que acuden en masa al lugar sagrado en §Y[Root.Location.GetName]§! me impresionan con la profundidad y la pasión de su fe. Me tienta convertirme en secreto...;;;;;;;;;x

secret_religious_society_eucharistic;[GetReligiousCommunityName_eucharistic];[GetReligiousCommunityName_eucharistic];[GetReligiousCommunityName_eucharistic];;[GetReligiousCommunityName_eucharistic];;;;;;;;;x
secret_religious_society_eucharistic_desc;[GetReligiousSocietyDesc_eucharistic];[GetReligiousSocietyDesc_eucharistic];[GetReligiousSocietyDesc_eucharistic];;[GetReligiousSocietyDesc_eucharistic];;;;;;;;;x
secret_religious_society_eucharistic_currency;Devotion;Dévotion;Hingabe;;Devoción;;;;;;;;;x
secret_religious_society_eucharistic_leader_desc;[GetSocietyLeaderDesc];[GetSocietyLeaderDesc];[GetSocietyLeaderDesc];;[GetSocietyLeaderDesc];;;;;;;;;x
alt_start_community_name_eucharistic;The [eucharistic.GetName] Faithful;Fidèles [eucharistic.GetName]s;Die [eucharistic.GetName]en Gläubigen;;Creyentes [eucharistic.GetName]s;;;;;;;;;x
secretly_convert_to_eucharistic_holy_site;Secretly Convert to [eucharistic.GetName];Adopter en secret la foi [eucharistic.GetName];Heimlich zum [eucharistic.GetName] Glauben konvertieren;;Convertirse en secreto a la religión [eucharistic.GetName];;;;;;;;;x
secretly_convert_to_eucharistic_holy_site_desc;The §Y[eucharistic.GetName]§! pilgrims that flock to the holy site in §Y[Root.Location.GetName]§! impress me with the depth and passion of their faith. I am tempted to convert in secrecy...;Les pèlerins §Y[eucharistic.GetName]§! qui affluent vers le site saint en §Y[Root.Location.GetName]§! m'impressionnent avec la profondeur et la passion de leur foi. Je suis tenté[Root.Get_E] de me convertir en secret...;Die §Y[eucharistic.GetName]istischen§! Pilger in §Y[Root.Location.GetName]§! beeindrucken mich durch die Tiefe und die Leidenschaft ihres Glaubens. Ich bin versucht, heimlich zu konvertieren ...;;Los peregrinos §Y[eucharistic.GetName]§! que acuden en masa al lugar sagrado en §Y[Root.Location.GetName]§! me impresionan con la profundidad y la pasión de su fe. Me tienta convertirme en secreto...;;;;;;;;;x

secret_religious_society_televangelical;[GetReligiousCommunityName_televangelical];[GetReligiousCommunityName_televangelical];[GetReligiousCommunityName_televangelical];;[GetReligiousCommunityName_televangelical];;;;;;;;;x
secret_religious_society_televangelical_desc;[GetReligiousSocietyDesc_televangelical];[GetReligiousSocietyDesc_televangelical];[GetReligiousSocietyDesc_televangelical];;[GetReligiousSocietyDesc_televangelical];;;;;;;;;x
secret_religious_society_televangelical_currency;Devotion;Dévotion;Hingabe;;Devoción;;;;;;;;;x
secret_religious_society_televangelical_leader_desc;[GetSocietyLeaderDesc];[GetSocietyLeaderDesc];[GetSocietyLeaderDesc];;[GetSocietyLeaderDesc];;;;;;;;;x
alt_start_community_name_televangelical;The [televangelical.GetName] Faithful;Fidèles [televangelical.GetName]s;Die [televangelical.GetName]en Gläubigen;;Creyentes [televangelical.GetName]s;;;;;;;;;x
secretly_convert_to_televangelical_holy_site;Secretly Convert to [televangelical.GetName];Adopter en secret la foi [televangelical.GetName];Heimlich zum [televangelical.GetName] Glauben konvertieren;;Convertirse en secreto a la religión [televangelical.GetName];;;;;;;;;x
secretly_convert_to_televangelical_holy_site_desc;The §Y[televangelical.GetName]§! pilgrims that flock to the holy site in §Y[Root.Location.GetName]§! impress me with the depth and passion of their faith. I am tempted to convert in secrecy...;Les pèlerins §Y[televangelical.GetName]§! qui affluent vers le site saint en §Y[Root.Location.GetName]§! m'impressionnent avec la profondeur et la passion de leur foi. Je suis tenté[Root.Get_E] de me convertir en secret...;Die §Y[televangelical.GetName]istischen§! Pilger in §Y[Root.Location.GetName]§! beeindrucken mich durch die Tiefe und die Leidenschaft ihres Glaubens. Ich bin versucht, heimlich zu konvertieren ...;;Los peregrinos §Y[televangelical.GetName]§! que acuden en masa al lugar sagrado en §Y[Root.Location.GetName]§! me impresionan con la profundidad y la pasión de su fe. Me tienta convertirme en secreto...;;;;;;;;;x

secret_religious_society_technopolitan;[GetReligiousCommunityName_technopolitan];[GetReligiousCommunityName_technopolitan];[GetReligiousCommunityName_technopolitan];;[GetReligiousCommunityName_technopolitan];;;;;;;;;x
secret_religious_society_technopolitan_desc;[GetReligiousSocietyDesc_technopolitan];[GetReligiousSocietyDesc_technopolitan];[GetReligiousSocietyDesc_technopolitan];;[GetReligiousSocietyDesc_technopolitan];;;;;;;;;x
secret_religious_society_technopolitan_currency;Devotion;Dévotion;Hingabe;;Devoción;;;;;;;;;x
secret_religious_society_technopolitan_leader_desc;[GetSocietyLeaderDesc];[GetSocietyLeaderDesc];[GetSocietyLeaderDesc];;[GetSocietyLeaderDesc];;;;;;;;;x
alt_start_community_name_technopolitan;The [technopolitan.GetName] Faithful;Fidèles [technopolitan.GetName]s;Die [technopolitan.GetName]en Gläubigen;;Creyentes [technopolitan.GetName]s;;;;;;;;;x
secretly_convert_to_technopolitan_holy_site;Secretly Convert to [technopolitan.GetName];Adopter en secret la foi [technopolitan.GetName];Heimlich zum [technopolitan.GetName] Glauben konvertieren;;Convertirse en secreto a la religión [technopolitan.GetName];;;;;;;;;x
secretly_convert_to_technopolitan_holy_site_desc;The §Y[technopolitan.GetName]§! pilgrims that flock to the holy site in §Y[Root.Location.GetName]§! impress me with the depth and passion of their faith. I am tempted to convert in secrecy...;Les pèlerins §Y[technopolitan.GetName]§! qui affluent vers le site saint en §Y[Root.Location.GetName]§! m'impressionnent avec la profondeur et la passion de leur foi. Je suis tenté[Root.Get_E] de me convertir en secret...;Die §Y[technopolitan.GetName]istischen§! Pilger in §Y[Root.Location.GetName]§! beeindrucken mich durch die Tiefe und die Leidenschaft ihres Glaubens. Ich bin versucht, heimlich zu konvertieren ...;;Los peregrinos §Y[technopolitan.GetName]§! que acuden en masa al lugar sagrado en §Y[Root.Location.GetName]§! me impresionan con la profundidad y la pasión de su fe. Me tienta convertirme en secreto...;;;;;;;;;x

secret_religious_society_taalawsohu;[GetReligiousCommunityName_taalawsohu];[GetReligiousCommunityName_taalawsohu];[GetReligiousCommunityName_taalawsohu];;[GetReligiousCommunityName_taalawsohu];;;;;;;;;x
secret_religious_society_taalawsohu_desc;[GetReligiousSocietyDesc_taalawsohu];[GetReligiousSocietyDesc_taalawsohu];[GetReligiousSocietyDesc_taalawsohu];;[GetReligiousSocietyDesc_taalawsohu];;;;;;;;;x
secret_religious_society_taalawsohu_currency;Devotion;Dévotion;Hingabe;;Devoción;;;;;;;;;x
secret_religious_society_taalawsohu_leader_desc;[GetSocietyLeaderDesc];[GetSocietyLeaderDesc];[GetSocietyLeaderDesc];;[GetSocietyLeaderDesc];;;;;;;;;x
alt_start_community_name_taalawsohu;The [taalawsohu.GetName] Faithful;Fidèles [taalawsohu.GetName]s;Die [taalawsohu.GetName]en Gläubigen;;Creyentes [taalawsohu.GetName]s;;;;;;;;;x
secretly_convert_to_taalawsohu_holy_site;Secretly Convert to [taalawsohu.GetName];Adopter en secret la foi [taalawsohu.GetName];Heimlich zum [taalawsohu.GetName] Glauben konvertieren;;Convertirse en secreto a la religión [taalawsohu.GetName];;;;;;;;;x
secretly_convert_to_taalawsohu_holy_site_desc;The §Y[taalawsohu.GetName]§! pilgrims that flock to the holy site in §Y[Root.Location.GetName]§! impress me with the depth and passion of their faith. I am tempted to convert in secrecy...;Les pèlerins §Y[taalawsohu.GetName]§! qui affluent vers le site saint en §Y[Root.Location.GetName]§! m'impressionnent avec la profondeur et la passion de leur foi. Je suis tenté[Root.Get_E] de me convertir en secret...;Die §Y[taalawsohu.GetName]istischen§! Pilger in §Y[Root.Location.GetName]§! beeindrucken mich durch die Tiefe und die Leidenschaft ihres Glaubens. Ich bin versucht, heimlich zu konvertieren ...;;Los peregrinos §Y[taalawsohu.GetName]§! que acuden en masa al lugar sagrado en §Y[Root.Location.GetName]§! me impresionan con la profundidad y la pasión de su fe. Me tienta convertirme en secreto...;;;;;;;;;x

secret_religious_society_sun_dance;[GetReligiousCommunityName_sun_dance];[GetReligiousCommunityName_sun_dance];[GetReligiousCommunityName_sun_dance];;[GetReligiousCommunityName_sun_dance];;;;;;;;;x
secret_religious_society_sun_dance_desc;[GetReligiousSocietyDesc_sun_dance];[GetReligiousSocietyDesc_sun_dance];[GetReligiousSocietyDesc_sun_dance];;[GetReligiousSocietyDesc_sun_dance];;;;;;;;;x
secret_religious_society_sun_dance_currency;Devotion;Dévotion;Hingabe;;Devoción;;;;;;;;;x
secret_religious_society_sun_dance_leader_desc;[GetSocietyLeaderDesc];[GetSocietyLeaderDesc];[GetSocietyLeaderDesc];;[GetSocietyLeaderDesc];;;;;;;;;x
alt_start_community_name_sun_dance;The [sun_dance.GetName] Faithful;Fidèles [sun_dance.GetName]s;Die [sun_dance.GetName]en Gläubigen;;Creyentes [sun_dance.GetName]s;;;;;;;;;x
secretly_convert_to_sun_dance_holy_site;Secretly Convert to [sun_dance.GetName];Adopter en secret la foi [sun_dance.GetName];Heimlich zum [sun_dance.GetName] Glauben konvertieren;;Convertirse en secreto a la religión [sun_dance.GetName];;;;;;;;;x
secretly_convert_to_sun_dance_holy_site_desc;The §Y[sun_dance.GetName]§! pilgrims that flock to the holy site in §Y[Root.Location.GetName]§! impress me with the depth and passion of their faith. I am tempted to convert in secrecy...;Les pèlerins §Y[sun_dance.GetName]§! qui affluent vers le site saint en §Y[Root.Location.GetName]§! m'impressionnent avec la profondeur et la passion de leur foi. Je suis tenté[Root.Get_E] de me convertir en secret...;Die §Y[sun_dance.GetName]istischen§! Pilger in §Y[Root.Location.GetName]§! beeindrucken mich durch die Tiefe und die Leidenschaft ihres Glaubens. Ich bin versucht, heimlich zu konvertieren ...;;Los peregrinos §Y[sun_dance.GetName]§! que acuden en masa al lugar sagrado en §Y[Root.Location.GetName]§! me impresionan con la profundidad y la pasión de su fe. Me tienta convertirme en secreto...;;;;;;;;;x

secret_religious_society_cowboy_buddhist;[GetReligiousCommunityName_cowboy_buddhist];[GetReligiousCommunityName_cowboy_buddhist];[GetReligiousCommunityName_cowboy_buddhist];;[GetReligiousCommunityName_cowboy_buddhist];;;;;;;;;x
secret_religious_society_cowboy_buddhist_desc;[GetReligiousSocietyDesc_cowboy_buddhist];[GetReligiousSocietyDesc_cowboy_buddhist];[GetReligiousSocietyDesc_cowboy_buddhist];;[GetReligiousSocietyDesc_cowboy_buddhist];;;;;;;;;x
secret_religious_society_cowboy_buddhist_currency;Devotion;Dévotion;Hingabe;;Devoción;;;;;;;;;x
secret_religious_society_cowboy_buddhist_leader_desc;[GetSocietyLeaderDesc];[GetSocietyLeaderDesc];[GetSocietyLeaderDesc];;[GetSocietyLeaderDesc];;;;;;;;;x
alt_start_community_name_cowboy_buddhist;The [cowboy_buddhist.GetName] Faithful;Fidèles [cowboy_buddhist.GetName]s;Die [cowboy_buddhist.GetName]en Gläubigen;;Creyentes [cowboy_buddhist.GetName]s;;;;;;;;;x
secretly_convert_to_cowboy_buddhist_holy_site;Secretly Convert to [cowboy_buddhist.GetName];Adopter en secret la foi [cowboy_buddhist.GetName];Heimlich zum [cowboy_buddhist.GetName] Glauben konvertieren;;Convertirse en secreto a la religión [cowboy_buddhist.GetName];;;;;;;;;x
secretly_convert_to_cowboy_buddhist_holy_site_desc;The §Y[cowboy_buddhist.GetName]§! pilgrims that flock to the holy site in §Y[Root.Location.GetName]§! impress me with the depth and passion of their faith. I am tempted to convert in secrecy...;Les pèlerins §Y[cowboy_buddhist.GetName]§! qui affluent vers le site saint en §Y[Root.Location.GetName]§! m'impressionnent avec la profondeur et la passion de leur foi. Je suis tenté[Root.Get_E] de me convertir en secret...;Die §Y[cowboy_buddhist.GetName]istischen§! Pilger in §Y[Root.Location.GetName]§! beeindrucken mich durch die Tiefe und die Leidenschaft ihres Glaubens. Ich bin versucht, heimlich zu konvertieren ...;;Los peregrinos §Y[cowboy_buddhist.GetName]§! que acuden en masa al lugar sagrado en §Y[Root.Location.GetName]§! me impresionan con la profundidad y la pasión de su fe. Me tienta convertirme en secreto...;;;;;;;;;x

secret_religious_society_solar;[GetReligiousCommunityName_solar];[GetReligiousCommunityName_solar];[GetReligiousCommunityName_solar];;[GetReligiousCommunityName_solar];;;;;;;;;x
secret_religious_society_solar_desc;[GetReligiousSocietyDesc_solar];[GetReligiousSocietyDesc_solar];[GetReligiousSocietyDesc_solar];;[GetReligiousSocietyDesc_solar];;;;;;;;;x
secret_religious_society_solar_currency;Devotion;Dévotion;Hingabe;;Devoción;;;;;;;;;x
secret_religious_society_solar_leader_desc;[GetSocietyLeaderDesc];[GetSocietyLeaderDesc];[GetSocietyLeaderDesc];;[GetSocietyLeaderDesc];;;;;;;;;x
alt_start_community_name_solar;The [solar.GetName] Faithful;Fidèles [solar.GetName]s;Die [solar.GetName]en Gläubigen;;Creyentes [solar.GetName]s;;;;;;;;;x
secretly_convert_to_solar_holy_site;Secretly Convert to [solar.GetName];Adopter en secret la foi [solar.GetName];Heimlich zum [solar.GetName] Glauben konvertieren;;Convertirse en secreto a la religión [solar.GetName];;;;;;;;;x
secretly_convert_to_solar_holy_site_desc;The §Y[solar.GetName]§! pilgrims that flock to the holy site in §Y[Root.Location.GetName]§! impress me with the depth and passion of their faith. I am tempted to convert in secrecy...;Les pèlerins §Y[solar.GetName]§! qui affluent vers le site saint en §Y[Root.Location.GetName]§! m'impressionnent avec la profondeur et la passion de leur foi. Je suis tenté[Root.Get_E] de me convertir en secret...;Die §Y[solar.GetName]istischen§! Pilger in §Y[Root.Location.GetName]§! beeindrucken mich durch die Tiefe und die Leidenschaft ihres Glaubens. Ich bin versucht, heimlich zu konvertieren ...;;Los peregrinos §Y[solar.GetName]§! que acuden en masa al lugar sagrado en §Y[Root.Location.GetName]§! me impresionan con la profundidad y la pasión de su fe. Me tienta convertirme en secreto...;;;;;;;;;x

secret_religious_society_shriner;[GetReligiousCommunityName_shriner];[GetReligiousCommunityName_shriner];[GetReligiousCommunityName_shriner];;[GetReligiousCommunityName_shriner];;;;;;;;;x
secret_religious_society_shriner_desc;[GetReligiousSocietyDesc_shriner];[GetReligiousSocietyDesc_shriner];[GetReligiousSocietyDesc_shriner];;[GetReligiousSocietyDesc_shriner];;;;;;;;;x
secret_religious_society_shriner_currency;Devotion;Dévotion;Hingabe;;Devoción;;;;;;;;;x
secret_religious_society_shriner_leader_desc;[GetSocietyLeaderDesc];[GetSocietyLeaderDesc];[GetSocietyLeaderDesc];;[GetSocietyLeaderDesc];;;;;;;;;x
alt_start_community_name_shriner;The [shriner.GetName] Faithful;Fidèles [shriner.GetName]s;Die [shriner.GetName]en Gläubigen;;Creyentes [shriner.GetName]s;;;;;;;;;x
secretly_convert_to_shriner_holy_site;Secretly Convert to [shriner.GetName];Adopter en secret la foi [shriner.GetName];Heimlich zum [shriner.GetName] Glauben konvertieren;;Convertirse en secreto a la religión [shriner.GetName];;;;;;;;;x
secretly_convert_to_shriner_holy_site_desc;The §Y[shriner.GetName]§! pilgrims that flock to the holy site in §Y[Root.Location.GetName]§! impress me with the depth and passion of their faith. I am tempted to convert in secrecy...;Les pèlerins §Y[shriner.GetName]§! qui affluent vers le site saint en §Y[Root.Location.GetName]§! m'impressionnent avec la profondeur et la passion de leur foi. Je suis tenté[Root.Get_E] de me convertir en secret...;Die §Y[shriner.GetName]istischen§! Pilger in §Y[Root.Location.GetName]§! beeindrucken mich durch die Tiefe und die Leidenschaft ihres Glaubens. Ich bin versucht, heimlich zu konvertieren ...;;Los peregrinos §Y[shriner.GetName]§! que acuden en masa al lugar sagrado en §Y[Root.Location.GetName]§! me impresionan con la profundidad y la pasión de su fe. Me tienta convertirme en secreto...;;;;;;;;;x

secret_religious_society_scholastic;[GetReligiousCommunityName_scholastic];[GetReligiousCommunityName_scholastic];[GetReligiousCommunityName_scholastic];;[GetReligiousCommunityName_scholastic];;;;;;;;;x
secret_religious_society_scholastic_desc;[GetReligiousSocietyDesc_scholastic];[GetReligiousSocietyDesc_scholastic];[GetReligiousSocietyDesc_scholastic];;[GetReligiousSocietyDesc_scholastic];;;;;;;;;x
secret_religious_society_scholastic_currency;Devotion;Dévotion;Hingabe;;Devoción;;;;;;;;;x
secret_religious_society_scholastic_leader_desc;[GetSocietyLeaderDesc];[GetSocietyLeaderDesc];[GetSocietyLeaderDesc];;[GetSocietyLeaderDesc];;;;;;;;;x
alt_start_community_name_scholastic;The [scholastic.GetName] Faithful;Fidèles [scholastic.GetName]s;Die [scholastic.GetName]en Gläubigen;;Creyentes [scholastic.GetName]s;;;;;;;;;x
secretly_convert_to_scholastic_holy_site;Secretly Convert to [scholastic.GetName];Adopter en secret la foi [scholastic.GetName];Heimlich zum [scholastic.GetName] Glauben konvertieren;;Convertirse en secreto a la religión [scholastic.GetName];;;;;;;;;x
secretly_convert_to_scholastic_holy_site_desc;The §Y[scholastic.GetName]§! pilgrims that flock to the holy site in §Y[Root.Location.GetName]§! impress me with the depth and passion of their faith. I am tempted to convert in secrecy...;Les pèlerins §Y[scholastic.GetName]§! qui affluent vers le site saint en §Y[Root.Location.GetName]§! m'impressionnent avec la profondeur et la passion de leur foi. Je suis tenté[Root.Get_E] de me convertir en secret...;Die §Y[scholastic.GetName]istischen§! Pilger in §Y[Root.Location.GetName]§! beeindrucken mich durch die Tiefe und die Leidenschaft ihres Glaubens. Ich bin versucht, heimlich zu konvertieren ...;;Los peregrinos §Y[scholastic.GetName]§! que acuden en masa al lugar sagrado en §Y[Root.Location.GetName]§! me impresionan con la profundidad y la pasión de su fe. Me tienta convertirme en secreto...;;;;;;;;;x

secret_religious_society_santeria;[GetReligiousCommunityName_santeria];[GetReligiousCommunityName_santeria];[GetReligiousCommunityName_santeria];;[GetReligiousCommunityName_santeria];;;;;;;;;x
secret_religious_society_santeria_desc;[GetReligiousSocietyDesc_santeria];[GetReligiousSocietyDesc_santeria];[GetReligiousSocietyDesc_santeria];;[GetReligiousSocietyDesc_santeria];;;;;;;;;x
secret_religious_society_santeria_currency;Devotion;Dévotion;Hingabe;;Devoción;;;;;;;;;x
secret_religious_society_santeria_leader_desc;[GetSocietyLeaderDesc];[GetSocietyLeaderDesc];[GetSocietyLeaderDesc];;[GetSocietyLeaderDesc];;;;;;;;;x
alt_start_community_name_santeria;The [santeria.GetName] Faithful;Fidèles [santeria.GetName]s;Die [santeria.GetName]en Gläubigen;;Creyentes [santeria.GetName]s;;;;;;;;;x
secretly_convert_to_santeria_holy_site;Secretly Convert to [santeria.GetName];Adopter en secret la foi [santeria.GetName];Heimlich zum [santeria.GetName] Glauben konvertieren;;Convertirse en secreto a la religión [santeria.GetName];;;;;;;;;x
secretly_convert_to_santeria_holy_site_desc;The §Y[santeria.GetName]§! pilgrims that flock to the holy site in §Y[Root.Location.GetName]§! impress me with the depth and passion of their faith. I am tempted to convert in secrecy...;Les pèlerins §Y[santeria.GetName]§! qui affluent vers le site saint en §Y[Root.Location.GetName]§! m'impressionnent avec la profondeur et la passion de leur foi. Je suis tenté[Root.Get_E] de me convertir en secret...;Die §Y[santeria.GetName]istischen§! Pilger in §Y[Root.Location.GetName]§! beeindrucken mich durch die Tiefe und die Leidenschaft ihres Glaubens. Ich bin versucht, heimlich zu konvertieren ...;;Los peregrinos §Y[santeria.GetName]§! que acuden en masa al lugar sagrado en §Y[Root.Location.GetName]§! me impresionan con la profundidad y la pasión de su fe. Me tienta convertirme en secreto...;;;;;;;;;x

secret_religious_society_salihi;[GetReligiousCommunityName_salihi];[GetReligiousCommunityName_salihi];[GetReligiousCommunityName_salihi];;[GetReligiousCommunityName_salihi];;;;;;;;;x
secret_religious_society_salihi_desc;[GetReligiousSocietyDesc_salihi];[GetReligiousSocietyDesc_salihi];[GetReligiousSocietyDesc_salihi];;[GetReligiousSocietyDesc_salihi];;;;;;;;;x
secret_religious_society_salihi_currency;Devotion;Dévotion;Hingabe;;Devoción;;;;;;;;;x
secret_religious_society_salihi_leader_desc;[GetSocietyLeaderDesc];[GetSocietyLeaderDesc];[GetSocietyLeaderDesc];;[GetSocietyLeaderDesc];;;;;;;;;x
alt_start_community_name_salihi;The [salihi.GetName] Faithful;Fidèles [salihi.GetName]s;Die [salihi.GetName]en Gläubigen;;Creyentes [salihi.GetName]s;;;;;;;;;x
secretly_convert_to_salihi_holy_site;Secretly Convert to [salihi.GetName];Adopter en secret la foi [salihi.GetName];Heimlich zum [salihi.GetName] Glauben konvertieren;;Convertirse en secreto a la religión [salihi.GetName];;;;;;;;;x
secretly_convert_to_salihi_holy_site_desc;The §Y[salihi.GetName]§! pilgrims that flock to the holy site in §Y[Root.Location.GetName]§! impress me with the depth and passion of their faith. I am tempted to convert in secrecy...;Les pèlerins §Y[salihi.GetName]§! qui affluent vers le site saint en §Y[Root.Location.GetName]§! m'impressionnent avec la profondeur et la passion de leur foi. Je suis tenté[Root.Get_E] de me convertir en secret...;Die §Y[salihi.GetName]istischen§! Pilger in §Y[Root.Location.GetName]§! beeindrucken mich durch die Tiefe und die Leidenschaft ihres Glaubens. Ich bin versucht, heimlich zu konvertieren ...;;Los peregrinos §Y[salihi.GetName]§! que acuden en masa al lugar sagrado en §Y[Root.Location.GetName]§! me impresionan con la profundidad y la pasión de su fe. Me tienta convertirme en secreto...;;;;;;;;;x

secret_religious_society_resurrectionist;[GetReligiousCommunityName_resurrectionist];[GetReligiousCommunityName_resurrectionist];[GetReligiousCommunityName_resurrectionist];;[GetReligiousCommunityName_resurrectionist];;;;;;;;;x
secret_religious_society_resurrectionist_desc;[GetReligiousSocietyDesc_resurrectionist];[GetReligiousSocietyDesc_resurrectionist];[GetReligiousSocietyDesc_resurrectionist];;[GetReligiousSocietyDesc_resurrectionist];;;;;;;;;x
secret_religious_society_resurrectionist_currency;Devotion;Dévotion;Hingabe;;Devoción;;;;;;;;;x
secret_religious_society_resurrectionist_leader_desc;[GetSocietyLeaderDesc];[GetSocietyLeaderDesc];[GetSocietyLeaderDesc];;[GetSocietyLeaderDesc];;;;;;;;;x
alt_start_community_name_resurrectionist;The [resurrectionist.GetName] Faithful;Fidèles [resurrectionist.GetName]s;Die [resurrectionist.GetName]en Gläubigen;;Creyentes [resurrectionist.GetName]s;;;;;;;;;x
secretly_convert_to_resurrectionist_holy_site;Secretly Convert to [resurrectionist.GetName];Adopter en secret la foi [resurrectionist.GetName];Heimlich zum [resurrectionist.GetName] Glauben konvertieren;;Convertirse en secreto a la religión [resurrectionist.GetName];;;;;;;;;x
secretly_convert_to_resurrectionist_holy_site_desc;The §Y[resurrectionist.GetName]§! pilgrims that flock to the holy site in §Y[Root.Location.GetName]§! impress me with the depth and passion of their faith. I am tempted to convert in secrecy...;Les pèlerins §Y[resurrectionist.GetName]§! qui affluent vers le site saint en §Y[Root.Location.GetName]§! m'impressionnent avec la profondeur et la passion de leur foi. Je suis tenté[Root.Get_E] de me convertir en secret...;Die §Y[resurrectionist.GetName]istischen§! Pilger in §Y[Root.Location.GetName]§! beeindrucken mich durch die Tiefe und die Leidenschaft ihres Glaubens. Ich bin versucht, heimlich zu konvertieren ...;;Los peregrinos §Y[resurrectionist.GetName]§! que acuden en masa al lugar sagrado en §Y[Root.Location.GetName]§! me impresionan con la profundidad y la pasión de su fe. Me tienta convertirme en secreto...;;;;;;;;;x

secret_religious_society_raven_tales;[GetReligiousCommunityName_raven_tales];[GetReligiousCommunityName_raven_tales];[GetReligiousCommunityName_raven_tales];;[GetReligiousCommunityName_raven_tales];;;;;;;;;x
secret_religious_society_raven_tales_desc;[GetReligiousSocietyDesc_raven_tales];[GetReligiousSocietyDesc_raven_tales];[GetReligiousSocietyDesc_raven_tales];;[GetReligiousSocietyDesc_raven_tales];;;;;;;;;x
secret_religious_society_raven_tales_currency;Devotion;Dévotion;Hingabe;;Devoción;;;;;;;;;x
secret_religious_society_raven_tales_leader_desc;[GetSocietyLeaderDesc];[GetSocietyLeaderDesc];[GetSocietyLeaderDesc];;[GetSocietyLeaderDesc];;;;;;;;;x
alt_start_community_name_raven_tales;The [raven_tales.GetName] Faithful;Fidèles [raven_tales.GetName]s;Die [raven_tales.GetName]en Gläubigen;;Creyentes [raven_tales.GetName]s;;;;;;;;;x
secretly_convert_to_raven_tales_holy_site;Secretly Convert to [raven_tales.GetName];Adopter en secret la foi [raven_tales.GetName];Heimlich zum [raven_tales.GetName] Glauben konvertieren;;Convertirse en secreto a la religión [raven_tales.GetName];;;;;;;;;x
secretly_convert_to_raven_tales_holy_site_desc;The §Y[raven_tales.GetName]§! pilgrims that flock to the holy site in §Y[Root.Location.GetName]§! impress me with the depth and passion of their faith. I am tempted to convert in secrecy...;Les pèlerins §Y[raven_tales.GetName]§! qui affluent vers le site saint en §Y[Root.Location.GetName]§! m'impressionnent avec la profondeur et la passion de leur foi. Je suis tenté[Root.Get_E] de me convertir en secret...;Die §Y[raven_tales.GetName]istischen§! Pilger in §Y[Root.Location.GetName]§! beeindrucken mich durch die Tiefe und die Leidenschaft ihres Glaubens. Ich bin versucht, heimlich zu konvertieren ...;;Los peregrinos §Y[raven_tales.GetName]§! que acuden en masa al lugar sagrado en §Y[Root.Location.GetName]§! me impresionan con la profundidad y la pasión de su fe. Me tienta convertirme en secreto...;;;;;;;;;x

secret_religious_society_rastafari;[GetReligiousCommunityName_rastafari];[GetReligiousCommunityName_rastafari];[GetReligiousCommunityName_rastafari];;[GetReligiousCommunityName_rastafari];;;;;;;;;x
secret_religious_society_rastafari_desc;[GetReligiousSocietyDesc_rastafari];[GetReligiousSocietyDesc_rastafari];[GetReligiousSocietyDesc_rastafari];;[GetReligiousSocietyDesc_rastafari];;;;;;;;;x
secret_religious_society_rastafari_currency;Devotion;Dévotion;Hingabe;;Devoción;;;;;;;;;x
secret_religious_society_rastafari_leader_desc;[GetSocietyLeaderDesc];[GetSocietyLeaderDesc];[GetSocietyLeaderDesc];;[GetSocietyLeaderDesc];;;;;;;;;x
alt_start_community_name_rastafari;The [rastafari.GetName] Faithful;Fidèles [rastafari.GetName]s;Die [rastafari.GetName]en Gläubigen;;Creyentes [rastafari.GetName]s;;;;;;;;;x
secretly_convert_to_rastafari_holy_site;Secretly Convert to [rastafari.GetName];Adopter en secret la foi [rastafari.GetName];Heimlich zum [rastafari.GetName] Glauben konvertieren;;Convertirse en secreto a la religión [rastafari.GetName];;;;;;;;;x
secretly_convert_to_rastafari_holy_site_desc;The §Y[rastafari.GetName]§! pilgrims that flock to the holy site in §Y[Root.Location.GetName]§! impress me with the depth and passion of their faith. I am tempted to convert in secrecy...;Les pèlerins §Y[rastafari.GetName]§! qui affluent vers le site saint en §Y[Root.Location.GetName]§! m'impressionnent avec la profondeur et la passion de leur foi. Je suis tenté[Root.Get_E] de me convertir en secret...;Die §Y[rastafari.GetName]istischen§! Pilger in §Y[Root.Location.GetName]§! beeindrucken mich durch die Tiefe und die Leidenschaft ihres Glaubens. Ich bin versucht, heimlich zu konvertieren ...;;Los peregrinos §Y[rastafari.GetName]§! que acuden en masa al lugar sagrado en §Y[Root.Location.GetName]§! me impresionan con la profundidad y la pasión de su fe. Me tienta convertirme en secreto...;;;;;;;;;x

secret_religious_society_citrus_scientology;[GetReligiousCommunityName_citrus_scientology];[GetReligiousCommunityName_citrus_scientology];[GetReligiousCommunityName_citrus_scientology];;[GetReligiousCommunityName_citrus_scientology];;;;;;;;;x
secret_religious_society_citrus_scientology_desc;[GetReligiousSocietyDesc_citrus_scientology];[GetReligiousSocietyDesc_citrus_scientology];[GetReligiousSocietyDesc_citrus_scientology];;[GetReligiousSocietyDesc_citrus_scientology];;;;;;;;;x
secret_religious_society_citrus_scientology_currency;Devotion;Dévotion;Hingabe;;Devoción;;;;;;;;;x
secret_religious_society_citrus_scientology_leader_desc;[GetSocietyLeaderDesc];[GetSocietyLeaderDesc];[GetSocietyLeaderDesc];;[GetSocietyLeaderDesc];;;;;;;;;x
alt_start_community_name_citrus_scientology;The [citrus_scientology.GetName] Faithful;Fidèles [citrus_scientology.GetName]s;Die [citrus_scientology.GetName]en Gläubigen;;Creyentes [citrus_scientology.GetName]s;;;;;;;;;x
secretly_convert_to_citrus_scientology_holy_site;Secretly Convert to [citrus_scientology.GetName];Adopter en secret la foi [citrus_scientology.GetName];Heimlich zum [citrus_scientology.GetName] Glauben konvertieren;;Convertirse en secreto a la religión [citrus_scientology.GetName];;;;;;;;;x
secretly_convert_to_citrus_scientology_holy_site_desc;The §Y[citrus_scientology.GetName]§! pilgrims that flock to the holy site in §Y[Root.Location.GetName]§! impress me with the depth and passion of their faith. I am tempted to convert in secrecy...;Les pèlerins §Y[citrus_scientology.GetName]§! qui affluent vers le site saint en §Y[Root.Location.GetName]§! m'impressionnent avec la profondeur et la passion de leur foi. Je suis tenté[Root.Get_E] de me convertir en secret...;Die §Y[citrus_scientology.GetName]istischen§! Pilger in §Y[Root.Location.GetName]§! beeindrucken mich durch die Tiefe und die Leidenschaft ihres Glaubens. Ich bin versucht, heimlich zu konvertieren ...;;Los peregrinos §Y[citrus_scientology.GetName]§! que acuden en masa al lugar sagrado en §Y[Root.Location.GetName]§! me impresionan con la profundidad y la pasión de su fe. Me tienta convertirme en secreto...;;;;;;;;;x

secret_religious_society_rangerite;[GetReligiousCommunityName_rangerite];[GetReligiousCommunityName_rangerite];[GetReligiousCommunityName_rangerite];;[GetReligiousCommunityName_rangerite];;;;;;;;;x
secret_religious_society_rangerite_desc;[GetReligiousSocietyDesc_rangerite];[GetReligiousSocietyDesc_rangerite];[GetReligiousSocietyDesc_rangerite];;[GetReligiousSocietyDesc_rangerite];;;;;;;;;x
secret_religious_society_rangerite_currency;Devotion;Dévotion;Hingabe;;Devoción;;;;;;;;;x
secret_religious_society_rangerite_leader_desc;[GetSocietyLeaderDesc];[GetSocietyLeaderDesc];[GetSocietyLeaderDesc];;[GetSocietyLeaderDesc];;;;;;;;;x
alt_start_community_name_rangerite;The [rangerite.GetName] Faithful;Fidèles [rangerite.GetName]s;Die [rangerite.GetName]en Gläubigen;;Creyentes [rangerite.GetName]s;;;;;;;;;x
secretly_convert_to_rangerite_holy_site;Secretly Convert to [rangerite.GetName];Adopter en secret la foi [rangerite.GetName];Heimlich zum [rangerite.GetName] Glauben konvertieren;;Convertirse en secreto a la religión [rangerite.GetName];;;;;;;;;x
secretly_convert_to_rangerite_holy_site_desc;The §Y[rangerite.GetName]§! pilgrims that flock to the holy site in §Y[Root.Location.GetName]§! impress me with the depth and passion of their faith. I am tempted to convert in secrecy...;Les pèlerins §Y[rangerite.GetName]§! qui affluent vers le site saint en §Y[Root.Location.GetName]§! m'impressionnent avec la profondeur et la passion de leur foi. Je suis tenté[Root.Get_E] de me convertir en secret...;Die §Y[rangerite.GetName]istischen§! Pilger in §Y[Root.Location.GetName]§! beeindrucken mich durch die Tiefe und die Leidenschaft ihres Glaubens. Ich bin versucht, heimlich zu konvertieren ...;;Los peregrinos §Y[rangerite.GetName]§! que acuden en masa al lugar sagrado en §Y[Root.Location.GetName]§! me impresionan con la profundidad y la pasión de su fe. Me tienta convertirme en secreto...;;;;;;;;;x

secret_religious_society_quixtiano;[GetReligiousCommunityName_quixtiano];[GetReligiousCommunityName_quixtiano];[GetReligiousCommunityName_quixtiano];;[GetReligiousCommunityName_quixtiano];;;;;;;;;x
secret_religious_society_quixtiano_desc;[GetReligiousSocietyDesc_quixtiano];[GetReligiousSocietyDesc_quixtiano];[GetReligiousSocietyDesc_quixtiano];;[GetReligiousSocietyDesc_quixtiano];;;;;;;;;x
secret_religious_society_quixtiano_currency;Devotion;Dévotion;Hingabe;;Devoción;;;;;;;;;x
secret_religious_society_quixtiano_leader_desc;[GetSocietyLeaderDesc];[GetSocietyLeaderDesc];[GetSocietyLeaderDesc];;[GetSocietyLeaderDesc];;;;;;;;;x
alt_start_community_name_quixtiano;The [quixtiano.GetName] Faithful;Fidèles [quixtiano.GetName]s;Die [quixtiano.GetName]en Gläubigen;;Creyentes [quixtiano.GetName]s;;;;;;;;;x
secretly_convert_to_quixtiano_holy_site;Secretly Convert to [quixtiano.GetName];Adopter en secret la foi [quixtiano.GetName];Heimlich zum [quixtiano.GetName] Glauben konvertieren;;Convertirse en secreto a la religión [quixtiano.GetName];;;;;;;;;x
secretly_convert_to_quixtiano_holy_site_desc;The §Y[quixtiano.GetName]§! pilgrims that flock to the holy site in §Y[Root.Location.GetName]§! impress me with the depth and passion of their faith. I am tempted to convert in secrecy...;Les pèlerins §Y[quixtiano.GetName]§! qui affluent vers le site saint en §Y[Root.Location.GetName]§! m'impressionnent avec la profondeur et la passion de leur foi. Je suis tenté[Root.Get_E] de me convertir en secret...;Die §Y[quixtiano.GetName]istischen§! Pilger in §Y[Root.Location.GetName]§! beeindrucken mich durch die Tiefe und die Leidenschaft ihres Glaubens. Ich bin versucht, heimlich zu konvertieren ...;;Los peregrinos §Y[quixtiano.GetName]§! que acuden en masa al lugar sagrado en §Y[Root.Location.GetName]§! me impresionan con la profundidad y la pasión de su fe. Me tienta convertirme en secreto...;;;;;;;;;x

secret_religious_society_tquaker;[GetReligiousCommunityName_tquaker];[GetReligiousCommunityName_tquaker];[GetReligiousCommunityName_tquaker];;[GetReligiousCommunityName_tquaker];;;;;;;;;x
secret_religious_society_tquaker_desc;[GetReligiousSocietyDesc_tquaker];[GetReligiousSocietyDesc_tquaker];[GetReligiousSocietyDesc_tquaker];;[GetReligiousSocietyDesc_tquaker];;;;;;;;;x
secret_religious_society_tquaker_currency;Devotion;Dévotion;Hingabe;;Devoción;;;;;;;;;x
secret_religious_society_tquaker_leader_desc;[GetSocietyLeaderDesc];[GetSocietyLeaderDesc];[GetSocietyLeaderDesc];;[GetSocietyLeaderDesc];;;;;;;;;x
alt_start_community_name_tquaker;The [tquaker.GetName] Faithful;Fidèles [tquaker.GetName]s;Die [tquaker.GetName]en Gläubigen;;Creyentes [tquaker.GetName]s;;;;;;;;;x
secretly_convert_to_tquaker_holy_site;Secretly Convert to [tquaker.GetName];Adopter en secret la foi [tquaker.GetName];Heimlich zum [tquaker.GetName] Glauben konvertieren;;Convertirse en secreto a la religión [tquaker.GetName];;;;;;;;;x
secretly_convert_to_tquaker_holy_site_desc;The §Y[tquaker.GetName]§! pilgrims that flock to the holy site in §Y[Root.Location.GetName]§! impress me with the depth and passion of their faith. I am tempted to convert in secrecy...;Les pèlerins §Y[tquaker.GetName]§! qui affluent vers le site saint en §Y[Root.Location.GetName]§! m'impressionnent avec la profondeur et la passion de leur foi. Je suis tenté[Root.Get_E] de me convertir en secret...;Die §Y[tquaker.GetName]istischen§! Pilger in §Y[Root.Location.GetName]§! beeindrucken mich durch die Tiefe und die Leidenschaft ihres Glaubens. Ich bin versucht, heimlich zu konvertieren ...;;Los peregrinos §Y[tquaker.GetName]§! que acuden en masa al lugar sagrado en §Y[Root.Location.GetName]§! me impresionan con la profundidad y la pasión de su fe. Me tienta convertirme en secreto...;;;;;;;;;x

secret_religious_society_gator_pagan;[GetReligiousCommunityName_gator_pagan];[GetReligiousCommunityName_gator_pagan];[GetReligiousCommunityName_gator_pagan];;[GetReligiousCommunityName_gator_pagan];;;;;;;;;x
secret_religious_society_gator_pagan_desc;[GetReligiousSocietyDesc_gator_pagan];[GetReligiousSocietyDesc_gator_pagan];[GetReligiousSocietyDesc_gator_pagan];;[GetReligiousSocietyDesc_gator_pagan];;;;;;;;;x
secret_religious_society_gator_pagan_currency;Devotion;Dévotion;Hingabe;;Devoción;;;;;;;;;x
secret_religious_society_gator_pagan_leader_desc;[GetSocietyLeaderDesc];[GetSocietyLeaderDesc];[GetSocietyLeaderDesc];;[GetSocietyLeaderDesc];;;;;;;;;x
alt_start_community_name_gator_pagan;The [gator_pagan.GetName] Faithful;Fidèles [gator_pagan.GetName]s;Die [gator_pagan.GetName]en Gläubigen;;Creyentes [gator_pagan.GetName]s;;;;;;;;;x
secretly_convert_to_gator_pagan_holy_site;Secretly Convert to [gator_pagan.GetName];Adopter en secret la foi [gator_pagan.GetName];Heimlich zum [gator_pagan.GetName] Glauben konvertieren;;Convertirse en secreto a la religión [gator_pagan.GetName];;;;;;;;;x
secretly_convert_to_gator_pagan_holy_site_desc;The §Y[gator_pagan.GetName]§! pilgrims that flock to the holy site in §Y[Root.Location.GetName]§! impress me with the depth and passion of their faith. I am tempted to convert in secrecy...;Les pèlerins §Y[gator_pagan.GetName]§! qui affluent vers le site saint en §Y[Root.Location.GetName]§! m'impressionnent avec la profondeur et la passion de leur foi. Je suis tenté[Root.Get_E] de me convertir en secret...;Die §Y[gator_pagan.GetName]istischen§! Pilger in §Y[Root.Location.GetName]§! beeindrucken mich durch die Tiefe und die Leidenschaft ihres Glaubens. Ich bin versucht, heimlich zu konvertieren ...;;Los peregrinos §Y[gator_pagan.GetName]§! que acuden en masa al lugar sagrado en §Y[Root.Location.GetName]§! me impresionan con la profundidad y la pasión de su fe. Me tienta convertirme en secreto...;;;;;;;;;x

secret_religious_society_postdiluvian;[GetReligiousCommunityName_postdiluvian];[GetReligiousCommunityName_postdiluvian];[GetReligiousCommunityName_postdiluvian];;[GetReligiousCommunityName_postdiluvian];;;;;;;;;x
secret_religious_society_postdiluvian_desc;[GetReligiousSocietyDesc_postdiluvian];[GetReligiousSocietyDesc_postdiluvian];[GetReligiousSocietyDesc_postdiluvian];;[GetReligiousSocietyDesc_postdiluvian];;;;;;;;;x
secret_religious_society_postdiluvian_currency;Devotion;Dévotion;Hingabe;;Devoción;;;;;;;;;x
secret_religious_society_postdiluvian_leader_desc;[GetSocietyLeaderDesc];[GetSocietyLeaderDesc];[GetSocietyLeaderDesc];;[GetSocietyLeaderDesc];;;;;;;;;x
alt_start_community_name_postdiluvian;The [postdiluvian.GetName] Faithful;Fidèles [postdiluvian.GetName]s;Die [postdiluvian.GetName]en Gläubigen;;Creyentes [postdiluvian.GetName]s;;;;;;;;;x
secretly_convert_to_postdiluvian_holy_site;Secretly Convert to [postdiluvian.GetName];Adopter en secret la foi [postdiluvian.GetName];Heimlich zum [postdiluvian.GetName] Glauben konvertieren;;Convertirse en secreto a la religión [postdiluvian.GetName];;;;;;;;;x
secretly_convert_to_postdiluvian_holy_site_desc;The §Y[postdiluvian.GetName]§! pilgrims that flock to the holy site in §Y[Root.Location.GetName]§! impress me with the depth and passion of their faith. I am tempted to convert in secrecy...;Les pèlerins §Y[postdiluvian.GetName]§! qui affluent vers le site saint en §Y[Root.Location.GetName]§! m'impressionnent avec la profondeur et la passion de leur foi. Je suis tenté[Root.Get_E] de me convertir en secret...;Die §Y[postdiluvian.GetName]istischen§! Pilger in §Y[Root.Location.GetName]§! beeindrucken mich durch die Tiefe und die Leidenschaft ihres Glaubens. Ich bin versucht, heimlich zu konvertieren ...;;Los peregrinos §Y[postdiluvian.GetName]§! que acuden en masa al lugar sagrado en §Y[Root.Location.GetName]§! me impresionan con la profundidad y la pasión de su fe. Me tienta convertirme en secreto...;;;;;;;;;x

secret_religious_society_peyotist;[GetReligiousCommunityName_peyotist];[GetReligiousCommunityName_peyotist];[GetReligiousCommunityName_peyotist];;[GetReligiousCommunityName_peyotist];;;;;;;;;x
secret_religious_society_peyotist_desc;[GetReligiousSocietyDesc_peyotist];[GetReligiousSocietyDesc_peyotist];[GetReligiousSocietyDesc_peyotist];;[GetReligiousSocietyDesc_peyotist];;;;;;;;;x
secret_religious_society_peyotist_currency;Devotion;Dévotion;Hingabe;;Devoción;;;;;;;;;x
secret_religious_society_peyotist_leader_desc;[GetSocietyLeaderDesc];[GetSocietyLeaderDesc];[GetSocietyLeaderDesc];;[GetSocietyLeaderDesc];;;;;;;;;x
alt_start_community_name_peyotist;The [peyotist.GetName] Faithful;Fidèles [peyotist.GetName]s;Die [peyotist.GetName]en Gläubigen;;Creyentes [peyotist.GetName]s;;;;;;;;;x
secretly_convert_to_peyotist_holy_site;Secretly Convert to [peyotist.GetName];Adopter en secret la foi [peyotist.GetName];Heimlich zum [peyotist.GetName] Glauben konvertieren;;Convertirse en secreto a la religión [peyotist.GetName];;;;;;;;;x
secretly_convert_to_peyotist_holy_site_desc;The §Y[peyotist.GetName]§! pilgrims that flock to the holy site in §Y[Root.Location.GetName]§! impress me with the depth and passion of their faith. I am tempted to convert in secrecy...;Les pèlerins §Y[peyotist.GetName]§! qui affluent vers le site saint en §Y[Root.Location.GetName]§! m'impressionnent avec la profondeur et la passion de leur foi. Je suis tenté[Root.Get_E] de me convertir en secret...;Die §Y[peyotist.GetName]istischen§! Pilger in §Y[Root.Location.GetName]§! beeindrucken mich durch die Tiefe und die Leidenschaft ihres Glaubens. Ich bin versucht, heimlich zu konvertieren ...;;Los peregrinos §Y[peyotist.GetName]§! que acuden en masa al lugar sagrado en §Y[Root.Location.GetName]§! me impresionan con la profundidad y la pasión de su fe. Me tienta convertirme en secreto...;;;;;;;;;x

secret_religious_society_penitente;[GetReligiousCommunityName_penitente];[GetReligiousCommunityName_penitente];[GetReligiousCommunityName_penitente];;[GetReligiousCommunityName_penitente];;;;;;;;;x
secret_religious_society_penitente_desc;[GetReligiousSocietyDesc_penitente];[GetReligiousSocietyDesc_penitente];[GetReligiousSocietyDesc_penitente];;[GetReligiousSocietyDesc_penitente];;;;;;;;;x
secret_religious_society_penitente_currency;Devotion;Dévotion;Hingabe;;Devoción;;;;;;;;;x
secret_religious_society_penitente_leader_desc;[GetSocietyLeaderDesc];[GetSocietyLeaderDesc];[GetSocietyLeaderDesc];;[GetSocietyLeaderDesc];;;;;;;;;x
alt_start_community_name_penitente;The [penitente.GetName] Faithful;Fidèles [penitente.GetName]s;Die [penitente.GetName]en Gläubigen;;Creyentes [penitente.GetName]s;;;;;;;;;x
secretly_convert_to_penitente_holy_site;Secretly Convert to [penitente.GetName];Adopter en secret la foi [penitente.GetName];Heimlich zum [penitente.GetName] Glauben konvertieren;;Convertirse en secreto a la religión [penitente.GetName];;;;;;;;;x
secretly_convert_to_penitente_holy_site_desc;The §Y[penitente.GetName]§! pilgrims that flock to the holy site in §Y[Root.Location.GetName]§! impress me with the depth and passion of their faith. I am tempted to convert in secrecy...;Les pèlerins §Y[penitente.GetName]§! qui affluent vers le site saint en §Y[Root.Location.GetName]§! m'impressionnent avec la profondeur et la passion de leur foi. Je suis tenté[Root.Get_E] de me convertir en secret...;Die §Y[penitente.GetName]istischen§! Pilger in §Y[Root.Location.GetName]§! beeindrucken mich durch die Tiefe und die Leidenschaft ihres Glaubens. Ich bin versucht, heimlich zu konvertieren ...;;Los peregrinos §Y[penitente.GetName]§! que acuden en masa al lugar sagrado en §Y[Root.Location.GetName]§! me impresionan con la profundidad y la pasión de su fe. Me tienta convertirme en secreto...;;;;;;;;;x

secret_religious_society_ophite;[GetReligiousCommunityName_ophite];[GetReligiousCommunityName_ophite];[GetReligiousCommunityName_ophite];;[GetReligiousCommunityName_ophite];;;;;;;;;x
secret_religious_society_ophite_desc;[GetReligiousSocietyDesc_ophite];[GetReligiousSocietyDesc_ophite];[GetReligiousSocietyDesc_ophite];;[GetReligiousSocietyDesc_ophite];;;;;;;;;x
secret_religious_society_ophite_currency;Devotion;Dévotion;Hingabe;;Devoción;;;;;;;;;x
secret_religious_society_ophite_leader_desc;[GetSocietyLeaderDesc];[GetSocietyLeaderDesc];[GetSocietyLeaderDesc];;[GetSocietyLeaderDesc];;;;;;;;;x
alt_start_community_name_ophite;The [ophite.GetName] Faithful;Fidèles [ophite.GetName]s;Die [ophite.GetName]en Gläubigen;;Creyentes [ophite.GetName]s;;;;;;;;;x
secretly_convert_to_ophite_holy_site;Secretly Convert to [ophite.GetName];Adopter en secret la foi [ophite.GetName];Heimlich zum [ophite.GetName] Glauben konvertieren;;Convertirse en secreto a la religión [ophite.GetName];;;;;;;;;x
secretly_convert_to_ophite_holy_site_desc;The §Y[ophite.GetName]§! pilgrims that flock to the holy site in §Y[Root.Location.GetName]§! impress me with the depth and passion of their faith. I am tempted to convert in secrecy...;Les pèlerins §Y[ophite.GetName]§! qui affluent vers le site saint en §Y[Root.Location.GetName]§! m'impressionnent avec la profondeur et la passion de leur foi. Je suis tenté[Root.Get_E] de me convertir en secret...;Die §Y[ophite.GetName]istischen§! Pilger in §Y[Root.Location.GetName]§! beeindrucken mich durch die Tiefe und die Leidenschaft ihres Glaubens. Ich bin versucht, heimlich zu konvertieren ...;;Los peregrinos §Y[ophite.GetName]§! que acuden en masa al lugar sagrado en §Y[Root.Location.GetName]§! me impresionan con la profundidad y la pasión de su fe. Me tienta convertirme en secreto...;;;;;;;;;x

secret_religious_society_omniaveritatis;[GetReligiousCommunityName_omniaveritatis];[GetReligiousCommunityName_omniaveritatis];[GetReligiousCommunityName_omniaveritatis];;[GetReligiousCommunityName_omniaveritatis];;;;;;;;;x
secret_religious_society_omniaveritatis_desc;[GetReligiousSocietyDesc_omniaveritatis];[GetReligiousSocietyDesc_omniaveritatis];[GetReligiousSocietyDesc_omniaveritatis];;[GetReligiousSocietyDesc_omniaveritatis];;;;;;;;;x
secret_religious_society_omniaveritatis_currency;Devotion;Dévotion;Hingabe;;Devoción;;;;;;;;;x
secret_religious_society_omniaveritatis_leader_desc;[GetSocietyLeaderDesc];[GetSocietyLeaderDesc];[GetSocietyLeaderDesc];;[GetSocietyLeaderDesc];;;;;;;;;x
alt_start_community_name_omniaveritatis;The [omniaveritatis.GetName] Faithful;Fidèles [omniaveritatis.GetName]s;Die [omniaveritatis.GetName]en Gläubigen;;Creyentes [omniaveritatis.GetName]s;;;;;;;;;x
secretly_convert_to_omniaveritatis_holy_site;Secretly Convert to [omniaveritatis.GetName];Adopter en secret la foi [omniaveritatis.GetName];Heimlich zum [omniaveritatis.GetName] Glauben konvertieren;;Convertirse en secreto a la religión [omniaveritatis.GetName];;;;;;;;;x
secretly_convert_to_omniaveritatis_holy_site_desc;The §Y[omniaveritatis.GetName]§! pilgrims that flock to the holy site in §Y[Root.Location.GetName]§! impress me with the depth and passion of their faith. I am tempted to convert in secrecy...;Les pèlerins §Y[omniaveritatis.GetName]§! qui affluent vers le site saint en §Y[Root.Location.GetName]§! m'impressionnent avec la profondeur et la passion de leur foi. Je suis tenté[Root.Get_E] de me convertir en secret...;Die §Y[omniaveritatis.GetName]istischen§! Pilger in §Y[Root.Location.GetName]§! beeindrucken mich durch die Tiefe und die Leidenschaft ihres Glaubens. Ich bin versucht, heimlich zu konvertieren ...;;Los peregrinos §Y[omniaveritatis.GetName]§! que acuden en masa al lugar sagrado en §Y[Root.Location.GetName]§! me impresionan con la profundidad y la pasión de su fe. Me tienta convertirme en secreto...;;;;;;;;;x

secret_religious_society_numic;[GetReligiousCommunityName_numic];[GetReligiousCommunityName_numic];[GetReligiousCommunityName_numic];;[GetReligiousCommunityName_numic];;;;;;;;;x
secret_religious_society_numic_desc;[GetReligiousSocietyDesc_numic];[GetReligiousSocietyDesc_numic];[GetReligiousSocietyDesc_numic];;[GetReligiousSocietyDesc_numic];;;;;;;;;x
secret_religious_society_numic_currency;Devotion;Dévotion;Hingabe;;Devoción;;;;;;;;;x
secret_religious_society_numic_leader_desc;[GetSocietyLeaderDesc];[GetSocietyLeaderDesc];[GetSocietyLeaderDesc];;[GetSocietyLeaderDesc];;;;;;;;;x
alt_start_community_name_numic;The [numic.GetName] Faithful;Fidèles [numic.GetName]s;Die [numic.GetName]en Gläubigen;;Creyentes [numic.GetName]s;;;;;;;;;x
secretly_convert_to_numic_holy_site;Secretly Convert to [numic.GetName];Adopter en secret la foi [numic.GetName];Heimlich zum [numic.GetName] Glauben konvertieren;;Convertirse en secreto a la religión [numic.GetName];;;;;;;;;x
secretly_convert_to_numic_holy_site_desc;The §Y[numic.GetName]§! pilgrims that flock to the holy site in §Y[Root.Location.GetName]§! impress me with the depth and passion of their faith. I am tempted to convert in secrecy...;Les pèlerins §Y[numic.GetName]§! qui affluent vers le site saint en §Y[Root.Location.GetName]§! m'impressionnent avec la profondeur et la passion de leur foi. Je suis tenté[Root.Get_E] de me convertir en secret...;Die §Y[numic.GetName]istischen§! Pilger in §Y[Root.Location.GetName]§! beeindrucken mich durch die Tiefe und die Leidenschaft ihres Glaubens. Ich bin versucht, heimlich zu konvertieren ...;;Los peregrinos §Y[numic.GetName]§! que acuden en masa al lugar sagrado en §Y[Root.Location.GetName]§! me impresionan con la profundidad y la pasión de su fe. Me tienta convertirme en secreto...;;;;;;;;;x

secret_religious_society_myriadic;[GetReligiousCommunityName_myriadic];[GetReligiousCommunityName_myriadic];[GetReligiousCommunityName_myriadic];;[GetReligiousCommunityName_myriadic];;;;;;;;;x
secret_religious_society_myriadic_desc;[GetReligiousSocietyDesc_myriadic];[GetReligiousSocietyDesc_myriadic];[GetReligiousSocietyDesc_myriadic];;[GetReligiousSocietyDesc_myriadic];;;;;;;;;x
secret_religious_society_myriadic_currency;Devotion;Dévotion;Hingabe;;Devoción;;;;;;;;;x
secret_religious_society_myriadic_leader_desc;[GetSocietyLeaderDesc];[GetSocietyLeaderDesc];[GetSocietyLeaderDesc];;[GetSocietyLeaderDesc];;;;;;;;;x
alt_start_community_name_myriadic;The [myriadic.GetName] Faithful;Fidèles [myriadic.GetName]s;Die [myriadic.GetName]en Gläubigen;;Creyentes [myriadic.GetName]s;;;;;;;;;x
secretly_convert_to_myriadic_holy_site;Secretly Convert to [myriadic.GetName];Adopter en secret la foi [myriadic.GetName];Heimlich zum [myriadic.GetName] Glauben konvertieren;;Convertirse en secreto a la religión [myriadic.GetName];;;;;;;;;x
secretly_convert_to_myriadic_holy_site_desc;The §Y[myriadic.GetName]§! pilgrims that flock to the holy site in §Y[Root.Location.GetName]§! impress me with the depth and passion of their faith. I am tempted to convert in secrecy...;Les pèlerins §Y[myriadic.GetName]§! qui affluent vers le site saint en §Y[Root.Location.GetName]§! m'impressionnent avec la profondeur et la passion de leur foi. Je suis tenté[Root.Get_E] de me convertir en secret...;Die §Y[myriadic.GetName]istischen§! Pilger in §Y[Root.Location.GetName]§! beeindrucken mich durch die Tiefe und die Leidenschaft ihres Glaubens. Ich bin versucht, heimlich zu konvertieren ...;;Los peregrinos §Y[myriadic.GetName]§! que acuden en masa al lugar sagrado en §Y[Root.Location.GetName]§! me impresionan con la profundidad y la pasión de su fe. Me tienta convertirme en secreto...;;;;;;;;;x

secret_religious_society_millenarian;[GetReligiousCommunityName_millenarian];[GetReligiousCommunityName_millenarian];[GetReligiousCommunityName_millenarian];;[GetReligiousCommunityName_millenarian];;;;;;;;;x
secret_religious_society_millenarian_desc;[GetReligiousSocietyDesc_millenarian];[GetReligiousSocietyDesc_millenarian];[GetReligiousSocietyDesc_millenarian];;[GetReligiousSocietyDesc_millenarian];;;;;;;;;x
secret_religious_society_millenarian_currency;Devotion;Dévotion;Hingabe;;Devoción;;;;;;;;;x
secret_religious_society_millenarian_leader_desc;[GetSocietyLeaderDesc];[GetSocietyLeaderDesc];[GetSocietyLeaderDesc];;[GetSocietyLeaderDesc];;;;;;;;;x
alt_start_community_name_millenarian;The [millenarian.GetName] Faithful;Fidèles [millenarian.GetName]s;Die [millenarian.GetName]en Gläubigen;;Creyentes [millenarian.GetName]s;;;;;;;;;x
secretly_convert_to_millenarian_holy_site;Secretly Convert to [millenarian.GetName];Adopter en secret la foi [millenarian.GetName];Heimlich zum [millenarian.GetName] Glauben konvertieren;;Convertirse en secreto a la religión [millenarian.GetName];;;;;;;;;x
secretly_convert_to_millenarian_holy_site_desc;The §Y[millenarian.GetName]§! pilgrims that flock to the holy site in §Y[Root.Location.GetName]§! impress me with the depth and passion of their faith. I am tempted to convert in secrecy...;Les pèlerins §Y[millenarian.GetName]§! qui affluent vers le site saint en §Y[Root.Location.GetName]§! m'impressionnent avec la profondeur et la passion de leur foi. Je suis tenté[Root.Get_E] de me convertir en secret...;Die §Y[millenarian.GetName]istischen§! Pilger in §Y[Root.Location.GetName]§! beeindrucken mich durch die Tiefe und die Leidenschaft ihres Glaubens. Ich bin versucht, heimlich zu konvertieren ...;;Los peregrinos §Y[millenarian.GetName]§! que acuden en masa al lugar sagrado en §Y[Root.Location.GetName]§! me impresionan con la profundidad y la pasión de su fe. Me tienta convertirme en secreto...;;;;;;;;;x

secret_religious_society_mattaism;[GetReligiousCommunityName_mattaism];[GetReligiousCommunityName_mattaism];[GetReligiousCommunityName_mattaism];;[GetReligiousCommunityName_mattaism];;;;;;;;;x
secret_religious_society_mattaism_desc;[GetReligiousSocietyDesc_mattaism];[GetReligiousSocietyDesc_mattaism];[GetReligiousSocietyDesc_mattaism];;[GetReligiousSocietyDesc_mattaism];;;;;;;;;x
secret_religious_society_mattaism_currency;Devotion;Dévotion;Hingabe;;Devoción;;;;;;;;;x
secret_religious_society_mattaism_leader_desc;[GetSocietyLeaderDesc];[GetSocietyLeaderDesc];[GetSocietyLeaderDesc];;[GetSocietyLeaderDesc];;;;;;;;;x
alt_start_community_name_mattaism;The [mattaism.GetName] Faithful;Fidèles [mattaism.GetName]s;Die [mattaism.GetName]en Gläubigen;;Creyentes [mattaism.GetName]s;;;;;;;;;x
secretly_convert_to_mattaism_holy_site;Secretly Convert to [mattaism.GetName];Adopter en secret la foi [mattaism.GetName];Heimlich zum [mattaism.GetName] Glauben konvertieren;;Convertirse en secreto a la religión [mattaism.GetName];;;;;;;;;x
secretly_convert_to_mattaism_holy_site_desc;The §Y[mattaism.GetName]§! pilgrims that flock to the holy site in §Y[Root.Location.GetName]§! impress me with the depth and passion of their faith. I am tempted to convert in secrecy...;Les pèlerins §Y[mattaism.GetName]§! qui affluent vers le site saint en §Y[Root.Location.GetName]§! m'impressionnent avec la profondeur et la passion de leur foi. Je suis tenté[Root.Get_E] de me convertir en secret...;Die §Y[mattaism.GetName]istischen§! Pilger in §Y[Root.Location.GetName]§! beeindrucken mich durch die Tiefe und die Leidenschaft ihres Glaubens. Ich bin versucht, heimlich zu konvertieren ...;;Los peregrinos §Y[mattaism.GetName]§! que acuden en masa al lugar sagrado en §Y[Root.Location.GetName]§! me impresionan con la profundidad y la pasión de su fe. Me tienta convertirme en secreto...;;;;;;;;;x

secret_religious_society_marked;[GetReligiousCommunityName_marked];[GetReligiousCommunityName_marked];[GetReligiousCommunityName_marked];;[GetReligiousCommunityName_marked];;;;;;;;;x
secret_religious_society_marked_desc;[GetReligiousSocietyDesc_marked];[GetReligiousSocietyDesc_marked];[GetReligiousSocietyDesc_marked];;[GetReligiousSocietyDesc_marked];;;;;;;;;x
secret_religious_society_marked_currency;Devotion;Dévotion;Hingabe;;Devoción;;;;;;;;;x
secret_religious_society_marked_leader_desc;[GetSocietyLeaderDesc];[GetSocietyLeaderDesc];[GetSocietyLeaderDesc];;[GetSocietyLeaderDesc];;;;;;;;;x
alt_start_community_name_marked;The [marked.GetName] Faithful;Fidèles [marked.GetName]s;Die [marked.GetName]en Gläubigen;;Creyentes [marked.GetName]s;;;;;;;;;x
secretly_convert_to_marked_holy_site;Secretly Convert to [marked.GetName];Adopter en secret la foi [marked.GetName];Heimlich zum [marked.GetName] Glauben konvertieren;;Convertirse en secreto a la religión [marked.GetName];;;;;;;;;x
secretly_convert_to_marked_holy_site_desc;The §Y[marked.GetName]§! pilgrims that flock to the holy site in §Y[Root.Location.GetName]§! impress me with the depth and passion of their faith. I am tempted to convert in secrecy...;Les pèlerins §Y[marked.GetName]§! qui affluent vers le site saint en §Y[Root.Location.GetName]§! m'impressionnent avec la profondeur et la passion de leur foi. Je suis tenté[Root.Get_E] de me convertir en secret...;Die §Y[marked.GetName]istischen§! Pilger in §Y[Root.Location.GetName]§! beeindrucken mich durch die Tiefe und die Leidenschaft ihres Glaubens. Ich bin versucht, heimlich zu konvertieren ...;;Los peregrinos §Y[marked.GetName]§! que acuden en masa al lugar sagrado en §Y[Root.Location.GetName]§! me impresionan con la profundidad y la pasión de su fe. Me tienta convertirme en secreto...;;;;;;;;;x

secret_religious_society_madonnite;[GetReligiousCommunityName_madonnite];[GetReligiousCommunityName_madonnite];[GetReligiousCommunityName_madonnite];;[GetReligiousCommunityName_madonnite];;;;;;;;;x
secret_religious_society_madonnite_desc;[GetReligiousSocietyDesc_madonnite];[GetReligiousSocietyDesc_madonnite];[GetReligiousSocietyDesc_madonnite];;[GetReligiousSocietyDesc_madonnite];;;;;;;;;x
secret_religious_society_madonnite_currency;Devotion;Dévotion;Hingabe;;Devoción;;;;;;;;;x
secret_religious_society_madonnite_leader_desc;[GetSocietyLeaderDesc];[GetSocietyLeaderDesc];[GetSocietyLeaderDesc];;[GetSocietyLeaderDesc];;;;;;;;;x
alt_start_community_name_madonnite;The [madonnite.GetName] Faithful;Fidèles [madonnite.GetName]s;Die [madonnite.GetName]en Gläubigen;;Creyentes [madonnite.GetName]s;;;;;;;;;x
secretly_convert_to_madonnite_holy_site;Secretly Convert to [madonnite.GetName];Adopter en secret la foi [madonnite.GetName];Heimlich zum [madonnite.GetName] Glauben konvertieren;;Convertirse en secreto a la religión [madonnite.GetName];;;;;;;;;x
secretly_convert_to_madonnite_holy_site_desc;The §Y[madonnite.GetName]§! pilgrims that flock to the holy site in §Y[Root.Location.GetName]§! impress me with the depth and passion of their faith. I am tempted to convert in secrecy...;Les pèlerins §Y[madonnite.GetName]§! qui affluent vers le site saint en §Y[Root.Location.GetName]§! m'impressionnent avec la profondeur et la passion de leur foi. Je suis tenté[Root.Get_E] de me convertir en secret...;Die §Y[madonnite.GetName]istischen§! Pilger in §Y[Root.Location.GetName]§! beeindrucken mich durch die Tiefe und die Leidenschaft ihres Glaubens. Ich bin versucht, heimlich zu konvertieren ...;;Los peregrinos §Y[madonnite.GetName]§! que acuden en masa al lugar sagrado en §Y[Root.Location.GetName]§! me impresionan con la profundidad y la pasión de su fe. Me tienta convertirme en secreto...;;;;;;;;;x

secret_religious_society_macabrist;[GetReligiousCommunityName_macabrist];[GetReligiousCommunityName_macabrist];[GetReligiousCommunityName_macabrist];;[GetReligiousCommunityName_macabrist];;;;;;;;;x
secret_religious_society_macabrist_desc;[GetReligiousSocietyDesc_macabrist];[GetReligiousSocietyDesc_macabrist];[GetReligiousSocietyDesc_macabrist];;[GetReligiousSocietyDesc_macabrist];;;;;;;;;x
secret_religious_society_macabrist_currency;Devotion;Dévotion;Hingabe;;Devoción;;;;;;;;;x
secret_religious_society_macabrist_leader_desc;[GetSocietyLeaderDesc];[GetSocietyLeaderDesc];[GetSocietyLeaderDesc];;[GetSocietyLeaderDesc];;;;;;;;;x
alt_start_community_name_macabrist;The [macabrist.GetName] Faithful;Fidèles [macabrist.GetName]s;Die [macabrist.GetName]en Gläubigen;;Creyentes [macabrist.GetName]s;;;;;;;;;x
secretly_convert_to_macabrist_holy_site;Secretly Convert to [macabrist.GetName];Adopter en secret la foi [macabrist.GetName];Heimlich zum [macabrist.GetName] Glauben konvertieren;;Convertirse en secreto a la religión [macabrist.GetName];;;;;;;;;x
secretly_convert_to_macabrist_holy_site_desc;The §Y[macabrist.GetName]§! pilgrims that flock to the holy site in §Y[Root.Location.GetName]§! impress me with the depth and passion of their faith. I am tempted to convert in secrecy...;Les pèlerins §Y[macabrist.GetName]§! qui affluent vers le site saint en §Y[Root.Location.GetName]§! m'impressionnent avec la profondeur et la passion de leur foi. Je suis tenté[Root.Get_E] de me convertir en secret...;Die §Y[macabrist.GetName]istischen§! Pilger in §Y[Root.Location.GetName]§! beeindrucken mich durch die Tiefe und die Leidenschaft ihres Glaubens. Ich bin versucht, heimlich zu konvertieren ...;;Los peregrinos §Y[macabrist.GetName]§! que acuden en masa al lugar sagrado en §Y[Root.Location.GetName]§! me impresionan con la profundidad y la pasión de su fe. Me tienta convertirme en secreto...;;;;;;;;;x

secret_religious_society_luddite;[GetReligiousCommunityName_luddite];[GetReligiousCommunityName_luddite];[GetReligiousCommunityName_luddite];;[GetReligiousCommunityName_luddite];;;;;;;;;x
secret_religious_society_luddite_desc;[GetReligiousSocietyDesc_luddite];[GetReligiousSocietyDesc_luddite];[GetReligiousSocietyDesc_luddite];;[GetReligiousSocietyDesc_luddite];;;;;;;;;x
secret_religious_society_luddite_currency;Devotion;Dévotion;Hingabe;;Devoción;;;;;;;;;x
secret_religious_society_luddite_leader_desc;[GetSocietyLeaderDesc];[GetSocietyLeaderDesc];[GetSocietyLeaderDesc];;[GetSocietyLeaderDesc];;;;;;;;;x
alt_start_community_name_luddite;The [luddite.GetName] Faithful;Fidèles [luddite.GetName]s;Die [luddite.GetName]en Gläubigen;;Creyentes [luddite.GetName]s;;;;;;;;;x
secretly_convert_to_luddite_holy_site;Secretly Convert to [luddite.GetName];Adopter en secret la foi [luddite.GetName];Heimlich zum [luddite.GetName] Glauben konvertieren;;Convertirse en secreto a la religión [luddite.GetName];;;;;;;;;x
secretly_convert_to_luddite_holy_site_desc;The §Y[luddite.GetName]§! pilgrims that flock to the holy site in §Y[Root.Location.GetName]§! impress me with the depth and passion of their faith. I am tempted to convert in secrecy...;Les pèlerins §Y[luddite.GetName]§! qui affluent vers le site saint en §Y[Root.Location.GetName]§! m'impressionnent avec la profondeur et la passion de leur foi. Je suis tenté[Root.Get_E] de me convertir en secret...;Die §Y[luddite.GetName]istischen§! Pilger in §Y[Root.Location.GetName]§! beeindrucken mich durch die Tiefe und die Leidenschaft ihres Glaubens. Ich bin versucht, heimlich zu konvertieren ...;;Los peregrinos §Y[luddite.GetName]§! que acuden en masa al lugar sagrado en §Y[Root.Location.GetName]§! me impresionan con la profundidad y la pasión de su fe. Me tienta convertirme en secreto...;;;;;;;;;x

secret_religious_society_lone_star;[GetReligiousCommunityName_lone_star];[GetReligiousCommunityName_lone_star];[GetReligiousCommunityName_lone_star];;[GetReligiousCommunityName_lone_star];;;;;;;;;x
secret_religious_society_lone_star_desc;[GetReligiousSocietyDesc_lone_star];[GetReligiousSocietyDesc_lone_star];[GetReligiousSocietyDesc_lone_star];;[GetReligiousSocietyDesc_lone_star];;;;;;;;;x
secret_religious_society_lone_star_currency;Devotion;Dévotion;Hingabe;;Devoción;;;;;;;;;x
secret_religious_society_lone_star_leader_desc;[GetSocietyLeaderDesc];[GetSocietyLeaderDesc];[GetSocietyLeaderDesc];;[GetSocietyLeaderDesc];;;;;;;;;x
alt_start_community_name_lone_star;The [lone_star.GetName] Faithful;Fidèles [lone_star.GetName]s;Die [lone_star.GetName]en Gläubigen;;Creyentes [lone_star.GetName]s;;;;;;;;;x
secretly_convert_to_lone_star_holy_site;Secretly Convert to [lone_star.GetName];Adopter en secret la foi [lone_star.GetName];Heimlich zum [lone_star.GetName] Glauben konvertieren;;Convertirse en secreto a la religión [lone_star.GetName];;;;;;;;;x
secretly_convert_to_lone_star_holy_site_desc;The §Y[lone_star.GetName]§! pilgrims that flock to the holy site in §Y[Root.Location.GetName]§! impress me with the depth and passion of their faith. I am tempted to convert in secrecy...;Les pèlerins §Y[lone_star.GetName]§! qui affluent vers le site saint en §Y[Root.Location.GetName]§! m'impressionnent avec la profondeur et la passion de leur foi. Je suis tenté[Root.Get_E] de me convertir en secret...;Die §Y[lone_star.GetName]istischen§! Pilger in §Y[Root.Location.GetName]§! beeindrucken mich durch die Tiefe und die Leidenschaft ihres Glaubens. Ich bin versucht, heimlich zu konvertieren ...;;Los peregrinos §Y[lone_star.GetName]§! que acuden en masa al lugar sagrado en §Y[Root.Location.GetName]§! me impresionan con la profundidad y la pasión de su fe. Me tienta convertirme en secreto...;;;;;;;;;x

secret_religious_society_libertalian;[GetReligiousCommunityName_libertalian];[GetReligiousCommunityName_libertalian];[GetReligiousCommunityName_libertalian];;[GetReligiousCommunityName_libertalian];;;;;;;;;x
secret_religious_society_libertalian_desc;[GetReligiousSocietyDesc_libertalian];[GetReligiousSocietyDesc_libertalian];[GetReligiousSocietyDesc_libertalian];;[GetReligiousSocietyDesc_libertalian];;;;;;;;;x
secret_religious_society_libertalian_currency;Devotion;Dévotion;Hingabe;;Devoción;;;;;;;;;x
secret_religious_society_libertalian_leader_desc;[GetSocietyLeaderDesc];[GetSocietyLeaderDesc];[GetSocietyLeaderDesc];;[GetSocietyLeaderDesc];;;;;;;;;x
alt_start_community_name_libertalian;The [libertalian.GetName] Faithful;Fidèles [libertalian.GetName]s;Die [libertalian.GetName]en Gläubigen;;Creyentes [libertalian.GetName]s;;;;;;;;;x
secretly_convert_to_libertalian_holy_site;Secretly Convert to [libertalian.GetName];Adopter en secret la foi [libertalian.GetName];Heimlich zum [libertalian.GetName] Glauben konvertieren;;Convertirse en secreto a la religión [libertalian.GetName];;;;;;;;;x
secretly_convert_to_libertalian_holy_site_desc;The §Y[libertalian.GetName]§! pilgrims that flock to the holy site in §Y[Root.Location.GetName]§! impress me with the depth and passion of their faith. I am tempted to convert in secrecy...;Les pèlerins §Y[libertalian.GetName]§! qui affluent vers le site saint en §Y[Root.Location.GetName]§! m'impressionnent avec la profondeur et la passion de leur foi. Je suis tenté[Root.Get_E] de me convertir en secret...;Die §Y[libertalian.GetName]istischen§! Pilger in §Y[Root.Location.GetName]§! beeindrucken mich durch die Tiefe und die Leidenschaft ihres Glaubens. Ich bin versucht, heimlich zu konvertieren ...;;Los peregrinos §Y[libertalian.GetName]§! que acuden en masa al lugar sagrado en §Y[Root.Location.GetName]§! me impresionan con la profundidad y la pasión de su fe. Me tienta convertirme en secreto...;;;;;;;;;x

secret_religious_society_loyalist;[GetReligiousCommunityName_loyalist];[GetReligiousCommunityName_loyalist];[GetReligiousCommunityName_loyalist];;[GetReligiousCommunityName_loyalist];;;;;;;;;x
secret_religious_society_loyalist_desc;[GetReligiousSocietyDesc_loyalist];[GetReligiousSocietyDesc_loyalist];[GetReligiousSocietyDesc_loyalist];;[GetReligiousSocietyDesc_loyalist];;;;;;;;;x
secret_religious_society_loyalist_currency;Devotion;Dévotion;Hingabe;;Devoción;;;;;;;;;x
secret_religious_society_loyalist_leader_desc;[GetSocietyLeaderDesc];[GetSocietyLeaderDesc];[GetSocietyLeaderDesc];;[GetSocietyLeaderDesc];;;;;;;;;x
alt_start_community_name_loyalist;The [loyalist.GetName] Faithful;Fidèles [loyalist.GetName]s;Die [loyalist.GetName]en Gläubigen;;Creyentes [loyalist.GetName]s;;;;;;;;;x
secretly_convert_to_loyalist_holy_site;Secretly Convert to [loyalist.GetName];Adopter en secret la foi [loyalist.GetName];Heimlich zum [loyalist.GetName] Glauben konvertieren;;Convertirse en secreto a la religión [loyalist.GetName];;;;;;;;;x
secretly_convert_to_loyalist_holy_site_desc;The §Y[loyalist.GetName]§! pilgrims that flock to the holy site in §Y[Root.Location.GetName]§! impress me with the depth and passion of their faith. I am tempted to convert in secrecy...;Les pèlerins §Y[loyalist.GetName]§! qui affluent vers le site saint en §Y[Root.Location.GetName]§! m'impressionnent avec la profondeur et la passion de leur foi. Je suis tenté[Root.Get_E] de me convertir en secret...;Die §Y[loyalist.GetName]istischen§! Pilger in §Y[Root.Location.GetName]§! beeindrucken mich durch die Tiefe und die Leidenschaft ihres Glaubens. Ich bin versucht, heimlich zu konvertieren ...;;Los peregrinos §Y[loyalist.GetName]§! que acuden en masa al lugar sagrado en §Y[Root.Location.GetName]§! me impresionan con la profundidad y la pasión de su fe. Me tienta convertirme en secreto...;;;;;;;;;x

secret_religious_society_kemetic;[GetReligiousCommunityName_kemetic];[GetReligiousCommunityName_kemetic];[GetReligiousCommunityName_kemetic];;[GetReligiousCommunityName_kemetic];;;;;;;;;x
secret_religious_society_kemetic_desc;[GetReligiousSocietyDesc_kemetic];[GetReligiousSocietyDesc_kemetic];[GetReligiousSocietyDesc_kemetic];;[GetReligiousSocietyDesc_kemetic];;;;;;;;;x
secret_religious_society_kemetic_currency;Devotion;Dévotion;Hingabe;;Devoción;;;;;;;;;x
secret_religious_society_kemetic_leader_desc;[GetSocietyLeaderDesc];[GetSocietyLeaderDesc];[GetSocietyLeaderDesc];;[GetSocietyLeaderDesc];;;;;;;;;x
alt_start_community_name_kemetic;The [kemetic.GetName] Faithful;Fidèles [kemetic.GetName]s;Die [kemetic.GetName]en Gläubigen;;Creyentes [kemetic.GetName]s;;;;;;;;;x
secretly_convert_to_kemetic_holy_site;Secretly Convert to [kemetic.GetName];Adopter en secret la foi [kemetic.GetName];Heimlich zum [kemetic.GetName] Glauben konvertieren;;Convertirse en secreto a la religión [kemetic.GetName];;;;;;;;;x
secretly_convert_to_kemetic_holy_site_desc;The §Y[kemetic.GetName]§! pilgrims that flock to the holy site in §Y[Root.Location.GetName]§! impress me with the depth and passion of their faith. I am tempted to convert in secrecy...;Les pèlerins §Y[kemetic.GetName]§! qui affluent vers le site saint en §Y[Root.Location.GetName]§! m'impressionnent avec la profondeur et la passion de leur foi. Je suis tenté[Root.Get_E] de me convertir en secret...;Die §Y[kemetic.GetName]istischen§! Pilger in §Y[Root.Location.GetName]§! beeindrucken mich durch die Tiefe und die Leidenschaft ihres Glaubens. Ich bin versucht, heimlich zu konvertieren ...;;Los peregrinos §Y[kemetic.GetName]§! que acuden en masa al lugar sagrado en §Y[Root.Location.GetName]§! me impresionan con la profundidad y la pasión de su fe. Me tienta convertirme en secreto...;;;;;;;;;x

secret_religious_society_kakyosin;[GetReligiousCommunityName_kakyosin];[GetReligiousCommunityName_kakyosin];[GetReligiousCommunityName_kakyosin];;[GetReligiousCommunityName_kakyosin];;;;;;;;;x
secret_religious_society_kakyosin_desc;[GetReligiousSocietyDesc_kakyosin];[GetReligiousSocietyDesc_kakyosin];[GetReligiousSocietyDesc_kakyosin];;[GetReligiousSocietyDesc_kakyosin];;;;;;;;;x
secret_religious_society_kakyosin_currency;Devotion;Dévotion;Hingabe;;Devoción;;;;;;;;;x
secret_religious_society_kakyosin_leader_desc;[GetSocietyLeaderDesc];[GetSocietyLeaderDesc];[GetSocietyLeaderDesc];;[GetSocietyLeaderDesc];;;;;;;;;x
alt_start_community_name_kakyosin;The [kakyosin.GetName] Faithful;Fidèles [kakyosin.GetName]s;Die [kakyosin.GetName]en Gläubigen;;Creyentes [kakyosin.GetName]s;;;;;;;;;x
secretly_convert_to_kakyosin_holy_site;Secretly Convert to [kakyosin.GetName];Adopter en secret la foi [kakyosin.GetName];Heimlich zum [kakyosin.GetName] Glauben konvertieren;;Convertirse en secreto a la religión [kakyosin.GetName];;;;;;;;;x
secretly_convert_to_kakyosin_holy_site_desc;The §Y[kakyosin.GetName]§! pilgrims that flock to the holy site in §Y[Root.Location.GetName]§! impress me with the depth and passion of their faith. I am tempted to convert in secrecy...;Les pèlerins §Y[kakyosin.GetName]§! qui affluent vers le site saint en §Y[Root.Location.GetName]§! m'impressionnent avec la profondeur et la passion de leur foi. Je suis tenté[Root.Get_E] de me convertir en secret...;Die §Y[kakyosin.GetName]istischen§! Pilger in §Y[Root.Location.GetName]§! beeindrucken mich durch die Tiefe und die Leidenschaft ihres Glaubens. Ich bin versucht, heimlich zu konvertieren ...;;Los peregrinos §Y[kakyosin.GetName]§! que acuden en masa al lugar sagrado en §Y[Root.Location.GetName]§! me impresionan con la profundidad y la pasión de su fe. Me tienta convertirme en secreto...;;;;;;;;;x

secret_religious_society_kristooil;[GetReligiousCommunityName_kristooil];[GetReligiousCommunityName_kristooil];[GetReligiousCommunityName_kristooil];;[GetReligiousCommunityName_kristooil];;;;;;;;;x
secret_religious_society_kristooil_desc;[GetReligiousSocietyDesc_kristooil];[GetReligiousSocietyDesc_kristooil];[GetReligiousSocietyDesc_kristooil];;[GetReligiousSocietyDesc_kristooil];;;;;;;;;x
secret_religious_society_kristooil_currency;Devotion;Dévotion;Hingabe;;Devoción;;;;;;;;;x
secret_religious_society_kristooil_leader_desc;[GetSocietyLeaderDesc];[GetSocietyLeaderDesc];[GetSocietyLeaderDesc];;[GetSocietyLeaderDesc];;;;;;;;;x
alt_start_community_name_kristooil;The [kristooil.GetName] Faithful;Fidèles [kristooil.GetName]s;Die [kristooil.GetName]en Gläubigen;;Creyentes [kristooil.GetName]s;;;;;;;;;x
secretly_convert_to_kristooil_holy_site;Secretly Convert to [kristooil.GetName];Adopter en secret la foi [kristooil.GetName];Heimlich zum [kristooil.GetName] Glauben konvertieren;;Convertirse en secreto a la religión [kristooil.GetName];;;;;;;;;x
secretly_convert_to_kristooil_holy_site_desc;The §Y[kristooil.GetName]§! pilgrims that flock to the holy site in §Y[Root.Location.GetName]§! impress me with the depth and passion of their faith. I am tempted to convert in secrecy...;Les pèlerins §Y[kristooil.GetName]§! qui affluent vers le site saint en §Y[Root.Location.GetName]§! m'impressionnent avec la profondeur et la passion de leur foi. Je suis tenté[Root.Get_E] de me convertir en secret...;Die §Y[kristooil.GetName]istischen§! Pilger in §Y[Root.Location.GetName]§! beeindrucken mich durch die Tiefe und die Leidenschaft ihres Glaubens. Ich bin versucht, heimlich zu konvertieren ...;;Los peregrinos §Y[kristooil.GetName]§! que acuden en masa al lugar sagrado en §Y[Root.Location.GetName]§! me impresionan con la profundidad y la pasión de su fe. Me tienta convertirme en secreto...;;;;;;;;;x

secret_religious_society_juggalo;[GetReligiousCommunityName_juggalo];[GetReligiousCommunityName_juggalo];[GetReligiousCommunityName_juggalo];;[GetReligiousCommunityName_juggalo];;;;;;;;;x
secret_religious_society_juggalo_desc;[GetReligiousSocietyDesc_juggalo];[GetReligiousSocietyDesc_juggalo];[GetReligiousSocietyDesc_juggalo];;[GetReligiousSocietyDesc_juggalo];;;;;;;;;x
secret_religious_society_juggalo_currency;Devotion;Dévotion;Hingabe;;Devoción;;;;;;;;;x
secret_religious_society_juggalo_leader_desc;[GetSocietyLeaderDesc];[GetSocietyLeaderDesc];[GetSocietyLeaderDesc];;[GetSocietyLeaderDesc];;;;;;;;;x
alt_start_community_name_juggalo;The [juggalo.GetName] Faithful;Fidèles [juggalo.GetName]s;Die [juggalo.GetName]en Gläubigen;;Creyentes [juggalo.GetName]s;;;;;;;;;x
secretly_convert_to_juggalo_holy_site;Secretly Convert to [juggalo.GetName];Adopter en secret la foi [juggalo.GetName];Heimlich zum [juggalo.GetName] Glauben konvertieren;;Convertirse en secreto a la religión [juggalo.GetName];;;;;;;;;x
secretly_convert_to_juggalo_holy_site_desc;The §Y[juggalo.GetName]§! pilgrims that flock to the holy site in §Y[Root.Location.GetName]§! impress me with the depth and passion of their faith. I am tempted to convert in secrecy...;Les pèlerins §Y[juggalo.GetName]§! qui affluent vers le site saint en §Y[Root.Location.GetName]§! m'impressionnent avec la profondeur et la passion de leur foi. Je suis tenté[Root.Get_E] de me convertir en secret...;Die §Y[juggalo.GetName]istischen§! Pilger in §Y[Root.Location.GetName]§! beeindrucken mich durch die Tiefe und die Leidenschaft ihres Glaubens. Ich bin versucht, heimlich zu konvertieren ...;;Los peregrinos §Y[juggalo.GetName]§! que acuden en masa al lugar sagrado en §Y[Root.Location.GetName]§! me impresionan con la profundidad y la pasión de su fe. Me tienta convertirme en secreto...;;;;;;;;;x

secret_religious_society_community_of_christ;[GetReligiousCommunityName_community_of_christ];[GetReligiousCommunityName_community_of_christ];[GetReligiousCommunityName_community_of_christ];;[GetReligiousCommunityName_community_of_christ];;;;;;;;;x
secret_religious_society_community_of_christ_desc;[GetReligiousSocietyDesc_community_of_christ];[GetReligiousSocietyDesc_community_of_christ];[GetReligiousSocietyDesc_community_of_christ];;[GetReligiousSocietyDesc_community_of_christ];;;;;;;;;x
secret_religious_society_community_of_christ_currency;Devotion;Dévotion;Hingabe;;Devoción;;;;;;;;;x
secret_religious_society_community_of_christ_leader_desc;[GetSocietyLeaderDesc];[GetSocietyLeaderDesc];[GetSocietyLeaderDesc];;[GetSocietyLeaderDesc];;;;;;;;;x
alt_start_community_name_community_of_christ;The [community_of_christ.GetName] Faithful;Fidèles [community_of_christ.GetName]s;Die [community_of_christ.GetName]en Gläubigen;;Creyentes [community_of_christ.GetName]s;;;;;;;;;x
secretly_convert_to_community_of_christ_holy_site;Secretly Convert to [community_of_christ.GetName];Adopter en secret la foi [community_of_christ.GetName];Heimlich zum [community_of_christ.GetName] Glauben konvertieren;;Convertirse en secreto a la religión [community_of_christ.GetName];;;;;;;;;x
secretly_convert_to_community_of_christ_holy_site_desc;The §Y[community_of_christ.GetName]§! pilgrims that flock to the holy site in §Y[Root.Location.GetName]§! impress me with the depth and passion of their faith. I am tempted to convert in secrecy...;Les pèlerins §Y[community_of_christ.GetName]§! qui affluent vers le site saint en §Y[Root.Location.GetName]§! m'impressionnent avec la profondeur et la passion de leur foi. Je suis tenté[Root.Get_E] de me convertir en secret...;Die §Y[community_of_christ.GetName]istischen§! Pilger in §Y[Root.Location.GetName]§! beeindrucken mich durch die Tiefe und die Leidenschaft ihres Glaubens. Ich bin versucht, heimlich zu konvertieren ...;;Los peregrinos §Y[community_of_christ.GetName]§! que acuden en masa al lugar sagrado en §Y[Root.Location.GetName]§! me impresionan con la profundidad y la pasión de su fe. Me tienta convertirme en secreto...;;;;;;;;;x

secret_religious_society_israelite;[GetReligiousCommunityName_israelite];[GetReligiousCommunityName_israelite];[GetReligiousCommunityName_israelite];;[GetReligiousCommunityName_israelite];;;;;;;;;x
secret_religious_society_israelite_desc;[GetReligiousSocietyDesc_israelite];[GetReligiousSocietyDesc_israelite];[GetReligiousSocietyDesc_israelite];;[GetReligiousSocietyDesc_israelite];;;;;;;;;x
secret_religious_society_israelite_currency;Devotion;Dévotion;Hingabe;;Devoción;;;;;;;;;x
secret_religious_society_israelite_leader_desc;[GetSocietyLeaderDesc];[GetSocietyLeaderDesc];[GetSocietyLeaderDesc];;[GetSocietyLeaderDesc];;;;;;;;;x
alt_start_community_name_israelite;The [israelite.GetName] Faithful;Fidèles [israelite.GetName]s;Die [israelite.GetName]en Gläubigen;;Creyentes [israelite.GetName]s;;;;;;;;;x
secretly_convert_to_israelite_holy_site;Secretly Convert to [israelite.GetName];Adopter en secret la foi [israelite.GetName];Heimlich zum [israelite.GetName] Glauben konvertieren;;Convertirse en secreto a la religión [israelite.GetName];;;;;;;;;x
secretly_convert_to_israelite_holy_site_desc;The §Y[israelite.GetName]§! pilgrims that flock to the holy site in §Y[Root.Location.GetName]§! impress me with the depth and passion of their faith. I am tempted to convert in secrecy...;Les pèlerins §Y[israelite.GetName]§! qui affluent vers le site saint en §Y[Root.Location.GetName]§! m'impressionnent avec la profondeur et la passion de leur foi. Je suis tenté[Root.Get_E] de me convertir en secret...;Die §Y[israelite.GetName]istischen§! Pilger in §Y[Root.Location.GetName]§! beeindrucken mich durch die Tiefe und die Leidenschaft ihres Glaubens. Ich bin versucht, heimlich zu konvertieren ...;;Los peregrinos §Y[israelite.GetName]§! que acuden en masa al lugar sagrado en §Y[Root.Location.GetName]§! me impresionan con la profundidad y la pasión de su fe. Me tienta convertirme en secreto...;;;;;;;;;x

secret_religious_society_antiquarianist;[GetReligiousCommunityName_antiquarianist];[GetReligiousCommunityName_antiquarianist];[GetReligiousCommunityName_antiquarianist];;[GetReligiousCommunityName_antiquarianist];;;;;;;;;x
secret_religious_society_antiquarianist_desc;[GetReligiousSocietyDesc_antiquarianist];[GetReligiousSocietyDesc_antiquarianist];[GetReligiousSocietyDesc_antiquarianist];;[GetReligiousSocietyDesc_antiquarianist];;;;;;;;;x
secret_religious_society_antiquarianist_currency;Devotion;Dévotion;Hingabe;;Devoción;;;;;;;;;x
secret_religious_society_antiquarianist_leader_desc;[GetSocietyLeaderDesc];[GetSocietyLeaderDesc];[GetSocietyLeaderDesc];;[GetSocietyLeaderDesc];;;;;;;;;x
alt_start_community_name_antiquarianist;The [antiquarianist.GetName] Faithful;Fidèles [antiquarianist.GetName]s;Die [antiquarianist.GetName]en Gläubigen;;Creyentes [antiquarianist.GetName]s;;;;;;;;;x
secretly_convert_to_antiquarianist_holy_site;Secretly Convert to [antiquarianist.GetName];Adopter en secret la foi [antiquarianist.GetName];Heimlich zum [antiquarianist.GetName] Glauben konvertieren;;Convertirse en secreto a la religión [antiquarianist.GetName];;;;;;;;;x
secretly_convert_to_antiquarianist_holy_site_desc;The §Y[antiquarianist.GetName]§! pilgrims that flock to the holy site in §Y[Root.Location.GetName]§! impress me with the depth and passion of their faith. I am tempted to convert in secrecy...;Les pèlerins §Y[antiquarianist.GetName]§! qui affluent vers le site saint en §Y[Root.Location.GetName]§! m'impressionnent avec la profondeur et la passion de leur foi. Je suis tenté[Root.Get_E] de me convertir en secret...;Die §Y[antiquarianist.GetName]istischen§! Pilger in §Y[Root.Location.GetName]§! beeindrucken mich durch die Tiefe und die Leidenschaft ihres Glaubens. Ich bin versucht, heimlich zu konvertieren ...;;Los peregrinos §Y[antiquarianist.GetName]§! que acuden en masa al lugar sagrado en §Y[Root.Location.GetName]§! me impresionan con la profundidad y la pasión de su fe. Me tienta convertirme en secreto...;;;;;;;;;x

secret_religious_society_indian_shaker;[GetReligiousCommunityName_indian_shaker];[GetReligiousCommunityName_indian_shaker];[GetReligiousCommunityName_indian_shaker];;[GetReligiousCommunityName_indian_shaker];;;;;;;;;x
secret_religious_society_indian_shaker_desc;[GetReligiousSocietyDesc_indian_shaker];[GetReligiousSocietyDesc_indian_shaker];[GetReligiousSocietyDesc_indian_shaker];;[GetReligiousSocietyDesc_indian_shaker];;;;;;;;;x
secret_religious_society_indian_shaker_currency;Devotion;Dévotion;Hingabe;;Devoción;;;;;;;;;x
secret_religious_society_indian_shaker_leader_desc;[GetSocietyLeaderDesc];[GetSocietyLeaderDesc];[GetSocietyLeaderDesc];;[GetSocietyLeaderDesc];;;;;;;;;x
alt_start_community_name_indian_shaker;The [indian_shaker.GetName] Faithful;Fidèles [indian_shaker.GetName]s;Die [indian_shaker.GetName]en Gläubigen;;Creyentes [indian_shaker.GetName]s;;;;;;;;;x
secretly_convert_to_indian_shaker_holy_site;Secretly Convert to [indian_shaker.GetName];Adopter en secret la foi [indian_shaker.GetName];Heimlich zum [indian_shaker.GetName] Glauben konvertieren;;Convertirse en secreto a la religión [indian_shaker.GetName];;;;;;;;;x
secretly_convert_to_indian_shaker_holy_site_desc;The §Y[indian_shaker.GetName]§! pilgrims that flock to the holy site in §Y[Root.Location.GetName]§! impress me with the depth and passion of their faith. I am tempted to convert in secrecy...;Les pèlerins §Y[indian_shaker.GetName]§! qui affluent vers le site saint en §Y[Root.Location.GetName]§! m'impressionnent avec la profondeur et la passion de leur foi. Je suis tenté[Root.Get_E] de me convertir en secret...;Die §Y[indian_shaker.GetName]istischen§! Pilger in §Y[Root.Location.GetName]§! beeindrucken mich durch die Tiefe und die Leidenschaft ihres Glaubens. Ich bin versucht, heimlich zu konvertieren ...;;Los peregrinos §Y[indian_shaker.GetName]§! que acuden en masa al lugar sagrado en §Y[Root.Location.GetName]§! me impresionan con la profundidad y la pasión de su fe. Me tienta convertirme en secreto...;;;;;;;;;x

secret_religious_society_illustrious;[GetReligiousCommunityName_illustrious];[GetReligiousCommunityName_illustrious];[GetReligiousCommunityName_illustrious];;[GetReligiousCommunityName_illustrious];;;;;;;;;x
secret_religious_society_illustrious_desc;[GetReligiousSocietyDesc_illustrious];[GetReligiousSocietyDesc_illustrious];[GetReligiousSocietyDesc_illustrious];;[GetReligiousSocietyDesc_illustrious];;;;;;;;;x
secret_religious_society_illustrious_currency;Devotion;Dévotion;Hingabe;;Devoción;;;;;;;;;x
secret_religious_society_illustrious_leader_desc;[GetSocietyLeaderDesc];[GetSocietyLeaderDesc];[GetSocietyLeaderDesc];;[GetSocietyLeaderDesc];;;;;;;;;x
alt_start_community_name_illustrious;The [illustrious.GetName] Faithful;Fidèles [illustrious.GetName]s;Die [illustrious.GetName]en Gläubigen;;Creyentes [illustrious.GetName]s;;;;;;;;;x
secretly_convert_to_illustrious_holy_site;Secretly Convert to [illustrious.GetName];Adopter en secret la foi [illustrious.GetName];Heimlich zum [illustrious.GetName] Glauben konvertieren;;Convertirse en secreto a la religión [illustrious.GetName];;;;;;;;;x
secretly_convert_to_illustrious_holy_site_desc;The §Y[illustrious.GetName]§! pilgrims that flock to the holy site in §Y[Root.Location.GetName]§! impress me with the depth and passion of their faith. I am tempted to convert in secrecy...;Les pèlerins §Y[illustrious.GetName]§! qui affluent vers le site saint en §Y[Root.Location.GetName]§! m'impressionnent avec la profondeur et la passion de leur foi. Je suis tenté[Root.Get_E] de me convertir en secret...;Die §Y[illustrious.GetName]istischen§! Pilger in §Y[Root.Location.GetName]§! beeindrucken mich durch die Tiefe und die Leidenschaft ihres Glaubens. Ich bin versucht, heimlich zu konvertieren ...;;Los peregrinos §Y[illustrious.GetName]§! que acuden en masa al lugar sagrado en §Y[Root.Location.GetName]§! me impresionan con la profundidad y la pasión de su fe. Me tienta convertirme en secreto...;;;;;;;;;x

secret_religious_society_blessing_way;[GetReligiousCommunityName_blessing_way];[GetReligiousCommunityName_blessing_way];[GetReligiousCommunityName_blessing_way];;[GetReligiousCommunityName_blessing_way];;;;;;;;;x
secret_religious_society_blessing_way_desc;[GetReligiousSocietyDesc_blessing_way];[GetReligiousSocietyDesc_blessing_way];[GetReligiousSocietyDesc_blessing_way];;[GetReligiousSocietyDesc_blessing_way];;;;;;;;;x
secret_religious_society_blessing_way_currency;Devotion;Dévotion;Hingabe;;Devoción;;;;;;;;;x
secret_religious_society_blessing_way_leader_desc;[GetSocietyLeaderDesc];[GetSocietyLeaderDesc];[GetSocietyLeaderDesc];;[GetSocietyLeaderDesc];;;;;;;;;x
alt_start_community_name_blessing_way;The [blessing_way.GetName] Faithful;Fidèles [blessing_way.GetName]s;Die [blessing_way.GetName]en Gläubigen;;Creyentes [blessing_way.GetName]s;;;;;;;;;x
secretly_convert_to_blessing_way_holy_site;Secretly Convert to [blessing_way.GetName];Adopter en secret la foi [blessing_way.GetName];Heimlich zum [blessing_way.GetName] Glauben konvertieren;;Convertirse en secreto a la religión [blessing_way.GetName];;;;;;;;;x
secretly_convert_to_blessing_way_holy_site_desc;The §Y[blessing_way.GetName]§! pilgrims that flock to the holy site in §Y[Root.Location.GetName]§! impress me with the depth and passion of their faith. I am tempted to convert in secrecy...;Les pèlerins §Y[blessing_way.GetName]§! qui affluent vers le site saint en §Y[Root.Location.GetName]§! m'impressionnent avec la profondeur et la passion de leur foi. Je suis tenté[Root.Get_E] de me convertir en secret...;Die §Y[blessing_way.GetName]istischen§! Pilger in §Y[Root.Location.GetName]§! beeindrucken mich durch die Tiefe und die Leidenschaft ihres Glaubens. Ich bin versucht, heimlich zu konvertieren ...;;Los peregrinos §Y[blessing_way.GetName]§! que acuden en masa al lugar sagrado en §Y[Root.Location.GetName]§! me impresionan con la profundidad y la pasión de su fe. Me tienta convertirme en secreto...;;;;;;;;;x

secret_religious_society_hoodoo;[GetReligiousCommunityName_hoodoo];[GetReligiousCommunityName_hoodoo];[GetReligiousCommunityName_hoodoo];;[GetReligiousCommunityName_hoodoo];;;;;;;;;x
secret_religious_society_hoodoo_desc;[GetReligiousSocietyDesc_hoodoo];[GetReligiousSocietyDesc_hoodoo];[GetReligiousSocietyDesc_hoodoo];;[GetReligiousSocietyDesc_hoodoo];;;;;;;;;x
secret_religious_society_hoodoo_currency;Devotion;Dévotion;Hingabe;;Devoción;;;;;;;;;x
secret_religious_society_hoodoo_leader_desc;[GetSocietyLeaderDesc];[GetSocietyLeaderDesc];[GetSocietyLeaderDesc];;[GetSocietyLeaderDesc];;;;;;;;;x
alt_start_community_name_hoodoo;The [hoodoo.GetName] Faithful;Fidèles [hoodoo.GetName]s;Die [hoodoo.GetName]en Gläubigen;;Creyentes [hoodoo.GetName]s;;;;;;;;;x
secretly_convert_to_hoodoo_holy_site;Secretly Convert to [hoodoo.GetName];Adopter en secret la foi [hoodoo.GetName];Heimlich zum [hoodoo.GetName] Glauben konvertieren;;Convertirse en secreto a la religión [hoodoo.GetName];;;;;;;;;x
secretly_convert_to_hoodoo_holy_site_desc;The §Y[hoodoo.GetName]§! pilgrims that flock to the holy site in §Y[Root.Location.GetName]§! impress me with the depth and passion of their faith. I am tempted to convert in secrecy...;Les pèlerins §Y[hoodoo.GetName]§! qui affluent vers le site saint en §Y[Root.Location.GetName]§! m'impressionnent avec la profondeur et la passion de leur foi. Je suis tenté[Root.Get_E] de me convertir en secret...;Die §Y[hoodoo.GetName]istischen§! Pilger in §Y[Root.Location.GetName]§! beeindrucken mich durch die Tiefe und die Leidenschaft ihres Glaubens. Ich bin versucht, heimlich zu konvertieren ...;;Los peregrinos §Y[hoodoo.GetName]§! que acuden en masa al lugar sagrado en §Y[Root.Location.GetName]§! me impresionan con la profundidad y la pasión de su fe. Me tienta convertirme en secreto...;;;;;;;;;x

secret_religious_society_highmount;[GetReligiousCommunityName_highmount];[GetReligiousCommunityName_highmount];[GetReligiousCommunityName_highmount];;[GetReligiousCommunityName_highmount];;;;;;;;;x
secret_religious_society_highmount_desc;[GetReligiousSocietyDesc_highmount];[GetReligiousSocietyDesc_highmount];[GetReligiousSocietyDesc_highmount];;[GetReligiousSocietyDesc_highmount];;;;;;;;;x
secret_religious_society_highmount_currency;Devotion;Dévotion;Hingabe;;Devoción;;;;;;;;;x
secret_religious_society_highmount_leader_desc;[GetSocietyLeaderDesc];[GetSocietyLeaderDesc];[GetSocietyLeaderDesc];;[GetSocietyLeaderDesc];;;;;;;;;x
alt_start_community_name_highmount;The [highmount.GetName] Faithful;Fidèles [highmount.GetName]s;Die [highmount.GetName]en Gläubigen;;Creyentes [highmount.GetName]s;;;;;;;;;x
secretly_convert_to_highmount_holy_site;Secretly Convert to [highmount.GetName];Adopter en secret la foi [highmount.GetName];Heimlich zum [highmount.GetName] Glauben konvertieren;;Convertirse en secreto a la religión [highmount.GetName];;;;;;;;;x
secretly_convert_to_highmount_holy_site_desc;The §Y[highmount.GetName]§! pilgrims that flock to the holy site in §Y[Root.Location.GetName]§! impress me with the depth and passion of their faith. I am tempted to convert in secrecy...;Les pèlerins §Y[highmount.GetName]§! qui affluent vers le site saint en §Y[Root.Location.GetName]§! m'impressionnent avec la profondeur et la passion de leur foi. Je suis tenté[Root.Get_E] de me convertir en secret...;Die §Y[highmount.GetName]istischen§! Pilger in §Y[Root.Location.GetName]§! beeindrucken mich durch die Tiefe und die Leidenschaft ihres Glaubens. Ich bin versucht, heimlich zu konvertieren ...;;Los peregrinos §Y[highmount.GetName]§! que acuden en masa al lugar sagrado en §Y[Root.Location.GetName]§! me impresionan con la profundidad y la pasión de su fe. Me tienta convertirme en secreto...;;;;;;;;;x

secret_religious_society_harmonic;[GetReligiousCommunityName_harmonic];[GetReligiousCommunityName_harmonic];[GetReligiousCommunityName_harmonic];;[GetReligiousCommunityName_harmonic];;;;;;;;;x
secret_religious_society_harmonic_desc;[GetReligiousSocietyDesc_harmonic];[GetReligiousSocietyDesc_harmonic];[GetReligiousSocietyDesc_harmonic];;[GetReligiousSocietyDesc_harmonic];;;;;;;;;x
secret_religious_society_harmonic_currency;Devotion;Dévotion;Hingabe;;Devoción;;;;;;;;;x
secret_religious_society_harmonic_leader_desc;[GetSocietyLeaderDesc];[GetSocietyLeaderDesc];[GetSocietyLeaderDesc];;[GetSocietyLeaderDesc];;;;;;;;;x
alt_start_community_name_harmonic;The [harmonic.GetName] Faithful;Fidèles [harmonic.GetName]s;Die [harmonic.GetName]en Gläubigen;;Creyentes [harmonic.GetName]s;;;;;;;;;x
secretly_convert_to_harmonic_holy_site;Secretly Convert to [harmonic.GetName];Adopter en secret la foi [harmonic.GetName];Heimlich zum [harmonic.GetName] Glauben konvertieren;;Convertirse en secreto a la religión [harmonic.GetName];;;;;;;;;x
secretly_convert_to_harmonic_holy_site_desc;The §Y[harmonic.GetName]§! pilgrims that flock to the holy site in §Y[Root.Location.GetName]§! impress me with the depth and passion of their faith. I am tempted to convert in secrecy...;Les pèlerins §Y[harmonic.GetName]§! qui affluent vers le site saint en §Y[Root.Location.GetName]§! m'impressionnent avec la profondeur et la passion de leur foi. Je suis tenté[Root.Get_E] de me convertir en secret...;Die §Y[harmonic.GetName]istischen§! Pilger in §Y[Root.Location.GetName]§! beeindrucken mich durch die Tiefe und die Leidenschaft ihres Glaubens. Ich bin versucht, heimlich zu konvertieren ...;;Los peregrinos §Y[harmonic.GetName]§! que acuden en masa al lugar sagrado en §Y[Root.Location.GetName]§! me impresionan con la profundidad y la pasión de su fe. Me tienta convertirme en secreto...;;;;;;;;;x

secret_religious_society_guadalupano;[GetReligiousCommunityName_guadalupano];[GetReligiousCommunityName_guadalupano];[GetReligiousCommunityName_guadalupano];;[GetReligiousCommunityName_guadalupano];;;;;;;;;x
secret_religious_society_guadalupano_desc;[GetReligiousSocietyDesc_guadalupano];[GetReligiousSocietyDesc_guadalupano];[GetReligiousSocietyDesc_guadalupano];;[GetReligiousSocietyDesc_guadalupano];;;;;;;;;x
secret_religious_society_guadalupano_currency;Devotion;Dévotion;Hingabe;;Devoción;;;;;;;;;x
secret_religious_society_guadalupano_leader_desc;[GetSocietyLeaderDesc];[GetSocietyLeaderDesc];[GetSocietyLeaderDesc];;[GetSocietyLeaderDesc];;;;;;;;;x
alt_start_community_name_guadalupano;The [guadalupano.GetName] Faithful;Fidèles [guadalupano.GetName]s;Die [guadalupano.GetName]en Gläubigen;;Creyentes [guadalupano.GetName]s;;;;;;;;;x
secretly_convert_to_guadalupano_holy_site;Secretly Convert to [guadalupano.GetName];Adopter en secret la foi [guadalupano.GetName];Heimlich zum [guadalupano.GetName] Glauben konvertieren;;Convertirse en secreto a la religión [guadalupano.GetName];;;;;;;;;x
secretly_convert_to_guadalupano_holy_site_desc;The §Y[guadalupano.GetName]§! pilgrims that flock to the holy site in §Y[Root.Location.GetName]§! impress me with the depth and passion of their faith. I am tempted to convert in secrecy...;Les pèlerins §Y[guadalupano.GetName]§! qui affluent vers le site saint en §Y[Root.Location.GetName]§! m'impressionnent avec la profondeur et la passion de leur foi. Je suis tenté[Root.Get_E] de me convertir en secret...;Die §Y[guadalupano.GetName]istischen§! Pilger in §Y[Root.Location.GetName]§! beeindrucken mich durch die Tiefe und die Leidenschaft ihres Glaubens. Ich bin versucht, heimlich zu konvertieren ...;;Los peregrinos §Y[guadalupano.GetName]§! que acuden en masa al lugar sagrado en §Y[Root.Location.GetName]§! me impresionan con la profundidad y la pasión de su fe. Me tienta convertirme en secreto...;;;;;;;;;x

secret_religious_society_gibborim;[GetReligiousCommunityName_gibborim];[GetReligiousCommunityName_gibborim];[GetReligiousCommunityName_gibborim];;[GetReligiousCommunityName_gibborim];;;;;;;;;x
secret_religious_society_gibborim_desc;[GetReligiousSocietyDesc_gibborim];[GetReligiousSocietyDesc_gibborim];[GetReligiousSocietyDesc_gibborim];;[GetReligiousSocietyDesc_gibborim];;;;;;;;;x
secret_religious_society_gibborim_currency;Devotion;Dévotion;Hingabe;;Devoción;;;;;;;;;x
secret_religious_society_gibborim_leader_desc;[GetSocietyLeaderDesc];[GetSocietyLeaderDesc];[GetSocietyLeaderDesc];;[GetSocietyLeaderDesc];;;;;;;;;x
alt_start_community_name_gibborim;The [gibborim.GetName] Faithful;Fidèles [gibborim.GetName]s;Die [gibborim.GetName]en Gläubigen;;Creyentes [gibborim.GetName]s;;;;;;;;;x
secretly_convert_to_gibborim_holy_site;Secretly Convert to [gibborim.GetName];Adopter en secret la foi [gibborim.GetName];Heimlich zum [gibborim.GetName] Glauben konvertieren;;Convertirse en secreto a la religión [gibborim.GetName];;;;;;;;;x
secretly_convert_to_gibborim_holy_site_desc;The §Y[gibborim.GetName]§! pilgrims that flock to the holy site in §Y[Root.Location.GetName]§! impress me with the depth and passion of their faith. I am tempted to convert in secrecy...;Les pèlerins §Y[gibborim.GetName]§! qui affluent vers le site saint en §Y[Root.Location.GetName]§! m'impressionnent avec la profondeur et la passion de leur foi. Je suis tenté[Root.Get_E] de me convertir en secret...;Die §Y[gibborim.GetName]istischen§! Pilger in §Y[Root.Location.GetName]§! beeindrucken mich durch die Tiefe und die Leidenschaft ihres Glaubens. Ich bin versucht, heimlich zu konvertieren ...;;Los peregrinos §Y[gibborim.GetName]§! que acuden en masa al lugar sagrado en §Y[Root.Location.GetName]§! me impresionan con la profundidad y la pasión de su fe. Me tienta convertirme en secreto...;;;;;;;;;x

secret_religious_society_gambler;[GetReligiousCommunityName_gambler];[GetReligiousCommunityName_gambler];[GetReligiousCommunityName_gambler];;[GetReligiousCommunityName_gambler];;;;;;;;;x
secret_religious_society_gambler_desc;[GetReligiousSocietyDesc_gambler];[GetReligiousSocietyDesc_gambler];[GetReligiousSocietyDesc_gambler];;[GetReligiousSocietyDesc_gambler];;;;;;;;;x
secret_religious_society_gambler_currency;Devotion;Dévotion;Hingabe;;Devoción;;;;;;;;;x
secret_religious_society_gambler_leader_desc;[GetSocietyLeaderDesc];[GetSocietyLeaderDesc];[GetSocietyLeaderDesc];;[GetSocietyLeaderDesc];;;;;;;;;x
alt_start_community_name_gambler;The [gambler.GetName] Faithful;Fidèles [gambler.GetName]s;Die [gambler.GetName]en Gläubigen;;Creyentes [gambler.GetName]s;;;;;;;;;x
secretly_convert_to_gambler_holy_site;Secretly Convert to [gambler.GetName];Adopter en secret la foi [gambler.GetName];Heimlich zum [gambler.GetName] Glauben konvertieren;;Convertirse en secreto a la religión [gambler.GetName];;;;;;;;;x
secretly_convert_to_gambler_holy_site_desc;The §Y[gambler.GetName]§! pilgrims that flock to the holy site in §Y[Root.Location.GetName]§! impress me with the depth and passion of their faith. I am tempted to convert in secrecy...;Les pèlerins §Y[gambler.GetName]§! qui affluent vers le site saint en §Y[Root.Location.GetName]§! m'impressionnent avec la profondeur et la passion de leur foi. Je suis tenté[Root.Get_E] de me convertir en secret...;Die §Y[gambler.GetName]istischen§! Pilger in §Y[Root.Location.GetName]§! beeindrucken mich durch die Tiefe und die Leidenschaft ihres Glaubens. Ich bin versucht, heimlich zu konvertieren ...;;Los peregrinos §Y[gambler.GetName]§! que acuden en masa al lugar sagrado en §Y[Root.Location.GetName]§! me impresionan con la profundidad y la pasión de su fe. Me tienta convertirme en secreto...;;;;;;;;;x

secret_religious_society_gaiwiio;[GetReligiousCommunityName_gaiwiio];[GetReligiousCommunityName_gaiwiio];[GetReligiousCommunityName_gaiwiio];;[GetReligiousCommunityName_gaiwiio];;;;;;;;;x
secret_religious_society_gaiwiio_desc;[GetReligiousSocietyDesc_gaiwiio];[GetReligiousSocietyDesc_gaiwiio];[GetReligiousSocietyDesc_gaiwiio];;[GetReligiousSocietyDesc_gaiwiio];;;;;;;;;x
secret_religious_society_gaiwiio_currency;Devotion;Dévotion;Hingabe;;Devoción;;;;;;;;;x
secret_religious_society_gaiwiio_leader_desc;[GetSocietyLeaderDesc];[GetSocietyLeaderDesc];[GetSocietyLeaderDesc];;[GetSocietyLeaderDesc];;;;;;;;;x
alt_start_community_name_gaiwiio;The [gaiwiio.GetName] Faithful;Fidèles [gaiwiio.GetName]s;Die [gaiwiio.GetName]en Gläubigen;;Creyentes [gaiwiio.GetName]s;;;;;;;;;x
secretly_convert_to_gaiwiio_holy_site;Secretly Convert to [gaiwiio.GetName];Adopter en secret la foi [gaiwiio.GetName];Heimlich zum [gaiwiio.GetName] Glauben konvertieren;;Convertirse en secreto a la religión [gaiwiio.GetName];;;;;;;;;x
secretly_convert_to_gaiwiio_holy_site_desc;The §Y[gaiwiio.GetName]§! pilgrims that flock to the holy site in §Y[Root.Location.GetName]§! impress me with the depth and passion of their faith. I am tempted to convert in secrecy...;Les pèlerins §Y[gaiwiio.GetName]§! qui affluent vers le site saint en §Y[Root.Location.GetName]§! m'impressionnent avec la profondeur et la passion de leur foi. Je suis tenté[Root.Get_E] de me convertir en secret...;Die §Y[gaiwiio.GetName]istischen§! Pilger in §Y[Root.Location.GetName]§! beeindrucken mich durch die Tiefe und die Leidenschaft ihres Glaubens. Ich bin versucht, heimlich zu konvertieren ...;;Los peregrinos §Y[gaiwiio.GetName]§! que acuden en masa al lugar sagrado en §Y[Root.Location.GetName]§! me impresionan con la profundidad y la pasión de su fe. Me tienta convertirme en secreto...;;;;;;;;;x

secret_religious_society_gaian;[GetReligiousCommunityName_gaian];[GetReligiousCommunityName_gaian];[GetReligiousCommunityName_gaian];;[GetReligiousCommunityName_gaian];;;;;;;;;x
secret_religious_society_gaian_desc;[GetReligiousSocietyDesc_gaian];[GetReligiousSocietyDesc_gaian];[GetReligiousSocietyDesc_gaian];;[GetReligiousSocietyDesc_gaian];;;;;;;;;x
secret_religious_society_gaian_currency;Devotion;Dévotion;Hingabe;;Devoción;;;;;;;;;x
secret_religious_society_gaian_leader_desc;[GetSocietyLeaderDesc];[GetSocietyLeaderDesc];[GetSocietyLeaderDesc];;[GetSocietyLeaderDesc];;;;;;;;;x
alt_start_community_name_gaian;The [gaian.GetName] Faithful;Fidèles [gaian.GetName]s;Die [gaian.GetName]en Gläubigen;;Creyentes [gaian.GetName]s;;;;;;;;;x
secretly_convert_to_gaian_holy_site;Secretly Convert to [gaian.GetName];Adopter en secret la foi [gaian.GetName];Heimlich zum [gaian.GetName] Glauben konvertieren;;Convertirse en secreto a la religión [gaian.GetName];;;;;;;;;x
secretly_convert_to_gaian_holy_site_desc;The §Y[gaian.GetName]§! pilgrims that flock to the holy site in §Y[Root.Location.GetName]§! impress me with the depth and passion of their faith. I am tempted to convert in secrecy...;Les pèlerins §Y[gaian.GetName]§! qui affluent vers le site saint en §Y[Root.Location.GetName]§! m'impressionnent avec la profondeur et la passion de leur foi. Je suis tenté[Root.Get_E] de me convertir en secret...;Die §Y[gaian.GetName]istischen§! Pilger in §Y[Root.Location.GetName]§! beeindrucken mich durch die Tiefe und die Leidenschaft ihres Glaubens. Ich bin versucht, heimlich zu konvertieren ...;;Los peregrinos §Y[gaian.GetName]§! que acuden en masa al lugar sagrado en §Y[Root.Location.GetName]§! me impresionan con la profundidad y la pasión de su fe. Me tienta convertirme en secreto...;;;;;;;;;x

secret_religious_society_fidelista;[GetReligiousCommunityName_fidelista];[GetReligiousCommunityName_fidelista];[GetReligiousCommunityName_fidelista];;[GetReligiousCommunityName_fidelista];;;;;;;;;x
secret_religious_society_fidelista_desc;[GetReligiousSocietyDesc_fidelista];[GetReligiousSocietyDesc_fidelista];[GetReligiousSocietyDesc_fidelista];;[GetReligiousSocietyDesc_fidelista];;;;;;;;;x
secret_religious_society_fidelista_currency;Devotion;Dévotion;Hingabe;;Devoción;;;;;;;;;x
secret_religious_society_fidelista_leader_desc;[GetSocietyLeaderDesc];[GetSocietyLeaderDesc];[GetSocietyLeaderDesc];;[GetSocietyLeaderDesc];;;;;;;;;x
alt_start_community_name_fidelista;The [fidelista.GetName] Faithful;Fidèles [fidelista.GetName]s;Die [fidelista.GetName]en Gläubigen;;Creyentes [fidelista.GetName]s;;;;;;;;;x
secretly_convert_to_fidelista_holy_site;Secretly Convert to [fidelista.GetName];Adopter en secret la foi [fidelista.GetName];Heimlich zum [fidelista.GetName] Glauben konvertieren;;Convertirse en secreto a la religión [fidelista.GetName];;;;;;;;;x
secretly_convert_to_fidelista_holy_site_desc;The §Y[fidelista.GetName]§! pilgrims that flock to the holy site in §Y[Root.Location.GetName]§! impress me with the depth and passion of their faith. I am tempted to convert in secrecy...;Les pèlerins §Y[fidelista.GetName]§! qui affluent vers le site saint en §Y[Root.Location.GetName]§! m'impressionnent avec la profondeur et la passion de leur foi. Je suis tenté[Root.Get_E] de me convertir en secret...;Die §Y[fidelista.GetName]istischen§! Pilger in §Y[Root.Location.GetName]§! beeindrucken mich durch die Tiefe und die Leidenschaft ihres Glaubens. Ich bin versucht, heimlich zu konvertieren ...;;Los peregrinos §Y[fidelista.GetName]§! que acuden en masa al lugar sagrado en §Y[Root.Location.GetName]§! me impresionan con la profundidad y la pasión de su fe. Me tienta convertirme en secreto...;;;;;;;;;x

secret_religious_society_exovedate;[GetReligiousCommunityName_exovedate];[GetReligiousCommunityName_exovedate];[GetReligiousCommunityName_exovedate];;[GetReligiousCommunityName_exovedate];;;;;;;;;x
secret_religious_society_exovedate_desc;[GetReligiousSocietyDesc_exovedate];[GetReligiousSocietyDesc_exovedate];[GetReligiousSocietyDesc_exovedate];;[GetReligiousSocietyDesc_exovedate];;;;;;;;;x
secret_religious_society_exovedate_currency;Devotion;Dévotion;Hingabe;;Devoción;;;;;;;;;x
secret_religious_society_exovedate_leader_desc;[GetSocietyLeaderDesc];[GetSocietyLeaderDesc];[GetSocietyLeaderDesc];;[GetSocietyLeaderDesc];;;;;;;;;x
alt_start_community_name_exovedate;The [exovedate.GetName] Faithful;Fidèles [exovedate.GetName]s;Die [exovedate.GetName]en Gläubigen;;Creyentes [exovedate.GetName]s;;;;;;;;;x
secretly_convert_to_exovedate_holy_site;Secretly Convert to [exovedate.GetName];Adopter en secret la foi [exovedate.GetName];Heimlich zum [exovedate.GetName] Glauben konvertieren;;Convertirse en secreto a la religión [exovedate.GetName];;;;;;;;;x
secretly_convert_to_exovedate_holy_site_desc;The §Y[exovedate.GetName]§! pilgrims that flock to the holy site in §Y[Root.Location.GetName]§! impress me with the depth and passion of their faith. I am tempted to convert in secrecy...;Les pèlerins §Y[exovedate.GetName]§! qui affluent vers le site saint en §Y[Root.Location.GetName]§! m'impressionnent avec la profondeur et la passion de leur foi. Je suis tenté[Root.Get_E] de me convertir en secret...;Die §Y[exovedate.GetName]istischen§! Pilger in §Y[Root.Location.GetName]§! beeindrucken mich durch die Tiefe und die Leidenschaft ihres Glaubens. Ich bin versucht, heimlich zu konvertieren ...;;Los peregrinos §Y[exovedate.GetName]§! que acuden en masa al lugar sagrado en §Y[Root.Location.GetName]§! me impresionan con la profundidad y la pasión de su fe. Me tienta convertirme en secreto...;;;;;;;;;x

secret_religious_society_gridiron;[GetReligiousCommunityName_gridiron];[GetReligiousCommunityName_gridiron];[GetReligiousCommunityName_gridiron];;[GetReligiousCommunityName_gridiron];;;;;;;;;x
secret_religious_society_gridiron_desc;[GetReligiousSocietyDesc_gridiron];[GetReligiousSocietyDesc_gridiron];[GetReligiousSocietyDesc_gridiron];;[GetReligiousSocietyDesc_gridiron];;;;;;;;;x
secret_religious_society_gridiron_currency;Devotion;Dévotion;Hingabe;;Devoción;;;;;;;;;x
secret_religious_society_gridiron_leader_desc;[GetSocietyLeaderDesc];[GetSocietyLeaderDesc];[GetSocietyLeaderDesc];;[GetSocietyLeaderDesc];;;;;;;;;x
alt_start_community_name_gridiron;The [gridiron.GetName] Faithful;Fidèles [gridiron.GetName]s;Die [gridiron.GetName]en Gläubigen;;Creyentes [gridiron.GetName]s;;;;;;;;;x
secretly_convert_to_gridiron_holy_site;Secretly Convert to [gridiron.GetName];Adopter en secret la foi [gridiron.GetName];Heimlich zum [gridiron.GetName] Glauben konvertieren;;Convertirse en secreto a la religión [gridiron.GetName];;;;;;;;;x
secretly_convert_to_gridiron_holy_site_desc;The §Y[gridiron.GetName]§! pilgrims that flock to the holy site in §Y[Root.Location.GetName]§! impress me with the depth and passion of their faith. I am tempted to convert in secrecy...;Les pèlerins §Y[gridiron.GetName]§! qui affluent vers le site saint en §Y[Root.Location.GetName]§! m'impressionnent avec la profondeur et la passion de leur foi. Je suis tenté[Root.Get_E] de me convertir en secret...;Die §Y[gridiron.GetName]istischen§! Pilger in §Y[Root.Location.GetName]§! beeindrucken mich durch die Tiefe und die Leidenschaft ihres Glaubens. Ich bin versucht, heimlich zu konvertieren ...;;Los peregrinos §Y[gridiron.GetName]§! que acuden en masa al lugar sagrado en §Y[Root.Location.GetName]§! me impresionan con la profundidad y la pasión de su fe. Me tienta convertirme en secreto...;;;;;;;;;x

secret_religious_society_abolitionist;[GetReligiousCommunityName_abolitionist];[GetReligiousCommunityName_abolitionist];[GetReligiousCommunityName_abolitionist];;[GetReligiousCommunityName_abolitionist];;;;;;;;;x
secret_religious_society_abolitionist_desc;[GetReligiousSocietyDesc_abolitionist];[GetReligiousSocietyDesc_abolitionist];[GetReligiousSocietyDesc_abolitionist];;[GetReligiousSocietyDesc_abolitionist];;;;;;;;;x
secret_religious_society_abolitionist_currency;Devotion;Dévotion;Hingabe;;Devoción;;;;;;;;;x
secret_religious_society_abolitionist_leader_desc;[GetSocietyLeaderDesc];[GetSocietyLeaderDesc];[GetSocietyLeaderDesc];;[GetSocietyLeaderDesc];;;;;;;;;x
alt_start_community_name_abolitionist;The [abolitionist.GetName] Faithful;Fidèles [abolitionist.GetName]s;Die [abolitionist.GetName]en Gläubigen;;Creyentes [abolitionist.GetName]s;;;;;;;;;x
secretly_convert_to_abolitionist_holy_site;Secretly Convert to [abolitionist.GetName];Adopter en secret la foi [abolitionist.GetName];Heimlich zum [abolitionist.GetName] Glauben konvertieren;;Convertirse en secreto a la religión [abolitionist.GetName];;;;;;;;;x
secretly_convert_to_abolitionist_holy_site_desc;The §Y[abolitionist.GetName]§! pilgrims that flock to the holy site in §Y[Root.Location.GetName]§! impress me with the depth and passion of their faith. I am tempted to convert in secrecy...;Les pèlerins §Y[abolitionist.GetName]§! qui affluent vers le site saint en §Y[Root.Location.GetName]§! m'impressionnent avec la profondeur et la passion de leur foi. Je suis tenté[Root.Get_E] de me convertir en secret...;Die §Y[abolitionist.GetName]istischen§! Pilger in §Y[Root.Location.GetName]§! beeindrucken mich durch die Tiefe und die Leidenschaft ihres Glaubens. Ich bin versucht, heimlich zu konvertieren ...;;Los peregrinos §Y[abolitionist.GetName]§! que acuden en masa al lugar sagrado en §Y[Root.Location.GetName]§! me impresionan con la profundidad y la pasión de su fe. Me tienta convertirme en secreto...;;;;;;;;;x

secret_religious_society_amaitist;[GetReligiousCommunityName_amaitist];[GetReligiousCommunityName_amaitist];[GetReligiousCommunityName_amaitist];;[GetReligiousCommunityName_amaitist];;;;;;;;;x
secret_religious_society_amaitist_desc;[GetReligiousSocietyDesc_amaitist];[GetReligiousSocietyDesc_amaitist];[GetReligiousSocietyDesc_amaitist];;[GetReligiousSocietyDesc_amaitist];;;;;;;;;x
secret_religious_society_amaitist_currency;Devotion;Dévotion;Hingabe;;Devoción;;;;;;;;;x
secret_religious_society_amaitist_leader_desc;[GetSocietyLeaderDesc];[GetSocietyLeaderDesc];[GetSocietyLeaderDesc];;[GetSocietyLeaderDesc];;;;;;;;;x
alt_start_community_name_amaitist;The [amaitist.GetName] Faithful;Fidèles [amaitist.GetName]s;Die [amaitist.GetName]en Gläubigen;;Creyentes [amaitist.GetName]s;;;;;;;;;x
secretly_convert_to_amaitist_holy_site;Secretly Convert to [amaitist.GetName];Adopter en secret la foi [amaitist.GetName];Heimlich zum [amaitist.GetName] Glauben konvertieren;;Convertirse en secreto a la religión [amaitist.GetName];;;;;;;;;x
secretly_convert_to_amaitist_holy_site_desc;The §Y[amaitist.GetName]§! pilgrims that flock to the holy site in §Y[Root.Location.GetName]§! impress me with the depth and passion of their faith. I am tempted to convert in secrecy...;Les pèlerins §Y[amaitist.GetName]§! qui affluent vers le site saint en §Y[Root.Location.GetName]§! m'impressionnent avec la profondeur et la passion de leur foi. Je suis tenté[Root.Get_E] de me convertir en secret...;Die §Y[amaitist.GetName]istischen§! Pilger in §Y[Root.Location.GetName]§! beeindrucken mich durch die Tiefe und die Leidenschaft ihres Glaubens. Ich bin versucht, heimlich zu konvertieren ...;;Los peregrinos §Y[amaitist.GetName]§! que acuden en masa al lugar sagrado en §Y[Root.Location.GetName]§! me impresionan con la profundidad y la pasión de su fe. Me tienta convertirme en secreto...;;;;;;;;;x

secret_religious_society_adventist;[GetReligiousCommunityName_adventist];[GetReligiousCommunityName_adventist];[GetReligiousCommunityName_adventist];;[GetReligiousCommunityName_adventist];;;;;;;;;x
secret_religious_society_adventist_desc;[GetReligiousSocietyDesc_adventist];[GetReligiousSocietyDesc_adventist];[GetReligiousSocietyDesc_adventist];;[GetReligiousSocietyDesc_adventist];;;;;;;;;x
secret_religious_society_adventist_currency;Devotion;Dévotion;Hingabe;;Devoción;;;;;;;;;x
secret_religious_society_adventist_leader_desc;[GetSocietyLeaderDesc];[GetSocietyLeaderDesc];[GetSocietyLeaderDesc];;[GetSocietyLeaderDesc];;;;;;;;;x
alt_start_community_name_adventist;The [adventist.GetName] Faithful;Fidèles [adventist.GetName]s;Die [adventist.GetName]en Gläubigen;;Creyentes [adventist.GetName]s;;;;;;;;;x
secretly_convert_to_adventist_holy_site;Secretly Convert to [adventist.GetName];Adopter en secret la foi [adventist.GetName];Heimlich zum [adventist.GetName] Glauben konvertieren;;Convertirse en secreto a la religión [adventist.GetName];;;;;;;;;x
secretly_convert_to_adventist_holy_site_desc;The §Y[adventist.GetName]§! pilgrims that flock to the holy site in §Y[Root.Location.GetName]§! impress me with the depth and passion of their faith. I am tempted to convert in secrecy...;Les pèlerins §Y[adventist.GetName]§! qui affluent vers le site saint en §Y[Root.Location.GetName]§! m'impressionnent avec la profondeur et la passion de leur foi. Je suis tenté[Root.Get_E] de me convertir en secret...;Die §Y[adventist.GetName]istischen§! Pilger in §Y[Root.Location.GetName]§! beeindrucken mich durch die Tiefe und die Leidenschaft ihres Glaubens. Ich bin versucht, heimlich zu konvertieren ...;;Los peregrinos §Y[adventist.GetName]§! que acuden en masa al lugar sagrado en §Y[Root.Location.GetName]§! me impresionan con la profundidad y la pasión de su fe. Me tienta convertirme en secreto...;;;;;;;;;x

secret_religious_society_crow_way;[GetReligiousCommunityName_crow_way];[GetReligiousCommunityName_crow_way];[GetReligiousCommunityName_crow_way];;[GetReligiousCommunityName_crow_way];;;;;;;;;x
secret_religious_society_crow_way_desc;[GetReligiousSocietyDesc_crow_way];[GetReligiousSocietyDesc_crow_way];[GetReligiousSocietyDesc_crow_way];;[GetReligiousSocietyDesc_crow_way];;;;;;;;;x
secret_religious_society_crow_way_currency;Devotion;Dévotion;Hingabe;;Devoción;;;;;;;;;x
secret_religious_society_crow_way_leader_desc;[GetSocietyLeaderDesc];[GetSocietyLeaderDesc];[GetSocietyLeaderDesc];;[GetSocietyLeaderDesc];;;;;;;;;x
alt_start_community_name_crow_way;The [crow_way.GetName] Faithful;Fidèles [crow_way.GetName]s;Die [crow_way.GetName]en Gläubigen;;Creyentes [crow_way.GetName]s;;;;;;;;;x
secretly_convert_to_crow_way_holy_site;Secretly Convert to [crow_way.GetName];Adopter en secret la foi [crow_way.GetName];Heimlich zum [crow_way.GetName] Glauben konvertieren;;Convertirse en secreto a la religión [crow_way.GetName];;;;;;;;;x
secretly_convert_to_crow_way_holy_site_desc;The §Y[crow_way.GetName]§! pilgrims that flock to the holy site in §Y[Root.Location.GetName]§! impress me with the depth and passion of their faith. I am tempted to convert in secrecy...;Les pèlerins §Y[crow_way.GetName]§! qui affluent vers le site saint en §Y[Root.Location.GetName]§! m'impressionnent avec la profondeur et la passion de leur foi. Je suis tenté[Root.Get_E] de me convertir en secret...;Die §Y[crow_way.GetName]istischen§! Pilger in §Y[Root.Location.GetName]§! beeindrucken mich durch die Tiefe und die Leidenschaft ihres Glaubens. Ich bin versucht, heimlich zu konvertieren ...;;Los peregrinos §Y[crow_way.GetName]§! que acuden en masa al lugar sagrado en §Y[Root.Location.GetName]§! me impresionan con la profundidad y la pasión de su fe. Me tienta convertirme en secreto...;;;;;;;;;x

secret_religious_society_amunite;[GetReligiousCommunityName_amunite];[GetReligiousCommunityName_amunite];[GetReligiousCommunityName_amunite];;[GetReligiousCommunityName_amunite];;;;;;;;;x
secret_religious_society_amunite_desc;[GetReligiousSocietyDesc_amunite];[GetReligiousSocietyDesc_amunite];[GetReligiousSocietyDesc_amunite];;[GetReligiousSocietyDesc_amunite];;;;;;;;;x
secret_religious_society_amunite_currency;Devotion;Dévotion;Hingabe;;Devoción;;;;;;;;;x
secret_religious_society_amunite_leader_desc;[GetSocietyLeaderDesc];[GetSocietyLeaderDesc];[GetSocietyLeaderDesc];;[GetSocietyLeaderDesc];;;;;;;;;x
alt_start_community_name_amunite;The [amunite.GetName] Faithful;Fidèles [amunite.GetName]s;Die [amunite.GetName]en Gläubigen;;Creyentes [amunite.GetName]s;;;;;;;;;x
secretly_convert_to_amunite_holy_site;Secretly Convert to [amunite.GetName];Adopter en secret la foi [amunite.GetName];Heimlich zum [amunite.GetName] Glauben konvertieren;;Convertirse en secreto a la religión [amunite.GetName];;;;;;;;;x
secretly_convert_to_amunite_holy_site_desc;The §Y[amunite.GetName]§! pilgrims that flock to the holy site in §Y[Root.Location.GetName]§! impress me with the depth and passion of their faith. I am tempted to convert in secrecy...;Les pèlerins §Y[amunite.GetName]§! qui affluent vers le site saint en §Y[Root.Location.GetName]§! m'impressionnent avec la profondeur et la passion de leur foi. Je suis tenté[Root.Get_E] de me convertir en secret...;Die §Y[amunite.GetName]istischen§! Pilger in §Y[Root.Location.GetName]§! beeindrucken mich durch die Tiefe und die Leidenschaft ihres Glaubens. Ich bin versucht, heimlich zu konvertieren ...;;Los peregrinos §Y[amunite.GetName]§! que acuden en masa al lugar sagrado en §Y[Root.Location.GetName]§! me impresionan con la profundidad y la pasión de su fe. Me tienta convertirme en secreto...;;;;;;;;;x

secret_religious_society_anishinaabe;[GetReligiousCommunityName_anishinaabe];[GetReligiousCommunityName_anishinaabe];[GetReligiousCommunityName_anishinaabe];;[GetReligiousCommunityName_anishinaabe];;;;;;;;;x
secret_religious_society_anishinaabe_desc;[GetReligiousSocietyDesc_anishinaabe];[GetReligiousSocietyDesc_anishinaabe];[GetReligiousSocietyDesc_anishinaabe];;[GetReligiousSocietyDesc_anishinaabe];;;;;;;;;x
secret_religious_society_anishinaabe_currency;Devotion;Dévotion;Hingabe;;Devoción;;;;;;;;;x
secret_religious_society_anishinaabe_leader_desc;[GetSocietyLeaderDesc];[GetSocietyLeaderDesc];[GetSocietyLeaderDesc];;[GetSocietyLeaderDesc];;;;;;;;;x
alt_start_community_name_anishinaabe;The [anishinaabe.GetName] Faithful;Fidèles [anishinaabe.GetName]s;Die [anishinaabe.GetName]en Gläubigen;;Creyentes [anishinaabe.GetName]s;;;;;;;;;x
secretly_convert_to_anishinaabe_holy_site;Secretly Convert to [anishinaabe.GetName];Adopter en secret la foi [anishinaabe.GetName];Heimlich zum [anishinaabe.GetName] Glauben konvertieren;;Convertirse en secreto a la religión [anishinaabe.GetName];;;;;;;;;x
secretly_convert_to_anishinaabe_holy_site_desc;The §Y[anishinaabe.GetName]§! pilgrims that flock to the holy site in §Y[Root.Location.GetName]§! impress me with the depth and passion of their faith. I am tempted to convert in secrecy...;Les pèlerins §Y[anishinaabe.GetName]§! qui affluent vers le site saint en §Y[Root.Location.GetName]§! m'impressionnent avec la profondeur et la passion de leur foi. Je suis tenté[Root.Get_E] de me convertir en secret...;Die §Y[anishinaabe.GetName]istischen§! Pilger in §Y[Root.Location.GetName]§! beeindrucken mich durch die Tiefe und die Leidenschaft ihres Glaubens. Ich bin versucht, heimlich zu konvertieren ...;;Los peregrinos §Y[anishinaabe.GetName]§! que acuden en masa al lugar sagrado en §Y[Root.Location.GetName]§! me impresionan con la profundidad y la pasión de su fe. Me tienta convertirme en secreto...;;;;;;;;;x

secret_religious_society_aquarian;[GetReligiousCommunityName_aquarian];[GetReligiousCommunityName_aquarian];[GetReligiousCommunityName_aquarian];;[GetReligiousCommunityName_aquarian];;;;;;;;;x
secret_religious_society_aquarian_desc;[GetReligiousSocietyDesc_aquarian];[GetReligiousSocietyDesc_aquarian];[GetReligiousSocietyDesc_aquarian];;[GetReligiousSocietyDesc_aquarian];;;;;;;;;x
secret_religious_society_aquarian_currency;Devotion;Dévotion;Hingabe;;Devoción;;;;;;;;;x
secret_religious_society_aquarian_leader_desc;[GetSocietyLeaderDesc];[GetSocietyLeaderDesc];[GetSocietyLeaderDesc];;[GetSocietyLeaderDesc];;;;;;;;;x
alt_start_community_name_aquarian;The [aquarian.GetName] Faithful;Fidèles [aquarian.GetName]s;Die [aquarian.GetName]en Gläubigen;;Creyentes [aquarian.GetName]s;;;;;;;;;x
secretly_convert_to_aquarian_holy_site;Secretly Convert to [aquarian.GetName];Adopter en secret la foi [aquarian.GetName];Heimlich zum [aquarian.GetName] Glauben konvertieren;;Convertirse en secreto a la religión [aquarian.GetName];;;;;;;;;x
secretly_convert_to_aquarian_holy_site_desc;The §Y[aquarian.GetName]§! pilgrims that flock to the holy site in §Y[Root.Location.GetName]§! impress me with the depth and passion of their faith. I am tempted to convert in secrecy...;Les pèlerins §Y[aquarian.GetName]§! qui affluent vers le site saint en §Y[Root.Location.GetName]§! m'impressionnent avec la profondeur et la passion de leur foi. Je suis tenté[Root.Get_E] de me convertir en secret...;Die §Y[aquarian.GetName]istischen§! Pilger in §Y[Root.Location.GetName]§! beeindrucken mich durch die Tiefe und die Leidenschaft ihres Glaubens. Ich bin versucht, heimlich zu konvertieren ...;;Los peregrinos §Y[aquarian.GetName]§! que acuden en masa al lugar sagrado en §Y[Root.Location.GetName]§! me impresionan con la profundidad y la pasión de su fe. Me tienta convertirme en secreto...;;;;;;;;;x

secret_religious_society_arcadian;[GetReligiousCommunityName_arcadian];[GetReligiousCommunityName_arcadian];[GetReligiousCommunityName_arcadian];;[GetReligiousCommunityName_arcadian];;;;;;;;;x
secret_religious_society_arcadian_desc;[GetReligiousSocietyDesc_arcadian];[GetReligiousSocietyDesc_arcadian];[GetReligiousSocietyDesc_arcadian];;[GetReligiousSocietyDesc_arcadian];;;;;;;;;x
secret_religious_society_arcadian_currency;Devotion;Dévotion;Hingabe;;Devoción;;;;;;;;;x
secret_religious_society_arcadian_leader_desc;[GetSocietyLeaderDesc];[GetSocietyLeaderDesc];[GetSocietyLeaderDesc];;[GetSocietyLeaderDesc];;;;;;;;;x
alt_start_community_name_arcadian;The [arcadian.GetName] Faithful;Fidèles [arcadian.GetName]s;Die [arcadian.GetName]en Gläubigen;;Creyentes [arcadian.GetName]s;;;;;;;;;x
secretly_convert_to_arcadian_holy_site;Secretly Convert to [arcadian.GetName];Adopter en secret la foi [arcadian.GetName];Heimlich zum [arcadian.GetName] Glauben konvertieren;;Convertirse en secreto a la religión [arcadian.GetName];;;;;;;;;x
secretly_convert_to_arcadian_holy_site_desc;The §Y[arcadian.GetName]§! pilgrims that flock to the holy site in §Y[Root.Location.GetName]§! impress me with the depth and passion of their faith. I am tempted to convert in secrecy...;Les pèlerins §Y[arcadian.GetName]§! qui affluent vers le site saint en §Y[Root.Location.GetName]§! m'impressionnent avec la profondeur et la passion de leur foi. Je suis tenté[Root.Get_E] de me convertir en secret...;Die §Y[arcadian.GetName]istischen§! Pilger in §Y[Root.Location.GetName]§! beeindrucken mich durch die Tiefe und die Leidenschaft ihres Glaubens. Ich bin versucht, heimlich zu konvertieren ...;;Los peregrinos §Y[arcadian.GetName]§! que acuden en masa al lugar sagrado en §Y[Root.Location.GetName]§! me impresionan con la profundidad y la pasión de su fe. Me tienta convertirme en secreto...;;;;;;;;;x

secret_religious_society_baphometist;[GetReligiousCommunityName_baphometist];[GetReligiousCommunityName_baphometist];[GetReligiousCommunityName_baphometist];;[GetReligiousCommunityName_baphometist];;;;;;;;;x
secret_religious_society_baphometist_desc;[GetReligiousSocietyDesc_baphometist];[GetReligiousSocietyDesc_baphometist];[GetReligiousSocietyDesc_baphometist];;[GetReligiousSocietyDesc_baphometist];;;;;;;;;x
secret_religious_society_baphometist_currency;Devotion;Dévotion;Hingabe;;Devoción;;;;;;;;;x
secret_religious_society_baphometist_leader_desc;[GetSocietyLeaderDesc];[GetSocietyLeaderDesc];[GetSocietyLeaderDesc];;[GetSocietyLeaderDesc];;;;;;;;;x
alt_start_community_name_baphometist;The [baphometist.GetName] Faithful;Fidèles [baphometist.GetName]s;Die [baphometist.GetName]en Gläubigen;;Creyentes [baphometist.GetName]s;;;;;;;;;x
secretly_convert_to_baphometist_holy_site;Secretly Convert to [baphometist.GetName];Adopter en secret la foi [baphometist.GetName];Heimlich zum [baphometist.GetName] Glauben konvertieren;;Convertirse en secreto a la religión [baphometist.GetName];;;;;;;;;x
secretly_convert_to_baphometist_holy_site_desc;The §Y[baphometist.GetName]§! pilgrims that flock to the holy site in §Y[Root.Location.GetName]§! impress me with the depth and passion of their faith. I am tempted to convert in secrecy...;Les pèlerins §Y[baphometist.GetName]§! qui affluent vers le site saint en §Y[Root.Location.GetName]§! m'impressionnent avec la profondeur et la passion de leur foi. Je suis tenté[Root.Get_E] de me convertir en secret...;Die §Y[baphometist.GetName]istischen§! Pilger in §Y[Root.Location.GetName]§! beeindrucken mich durch die Tiefe und die Leidenschaft ihres Glaubens. Ich bin versucht, heimlich zu konvertieren ...;;Los peregrinos §Y[baphometist.GetName]§! que acuden en masa al lugar sagrado en §Y[Root.Location.GetName]§! me impresionan con la profundidad y la pasión de su fe. Me tienta convertirme en secreto...;;;;;;;;;x

secret_religious_society_blue_star;[GetReligiousCommunityName_blue_star];[GetReligiousCommunityName_blue_star];[GetReligiousCommunityName_blue_star];;[GetReligiousCommunityName_blue_star];;;;;;;;;x
secret_religious_society_blue_star_desc;[GetReligiousSocietyDesc_blue_star];[GetReligiousSocietyDesc_blue_star];[GetReligiousSocietyDesc_blue_star];;[GetReligiousSocietyDesc_blue_star];;;;;;;;;x
secret_religious_society_blue_star_currency;Devotion;Dévotion;Hingabe;;Devoción;;;;;;;;;x
secret_religious_society_blue_star_leader_desc;[GetSocietyLeaderDesc];[GetSocietyLeaderDesc];[GetSocietyLeaderDesc];;[GetSocietyLeaderDesc];;;;;;;;;x
alt_start_community_name_blue_star;The [blue_star.GetName] Faithful;Fidèles [blue_star.GetName]s;Die [blue_star.GetName]en Gläubigen;;Creyentes [blue_star.GetName]s;;;;;;;;;x
secretly_convert_to_blue_star_holy_site;Secretly Convert to [blue_star.GetName];Adopter en secret la foi [blue_star.GetName];Heimlich zum [blue_star.GetName] Glauben konvertieren;;Convertirse en secreto a la religión [blue_star.GetName];;;;;;;;;x
secretly_convert_to_blue_star_holy_site_desc;The §Y[blue_star.GetName]§! pilgrims that flock to the holy site in §Y[Root.Location.GetName]§! impress me with the depth and passion of their faith. I am tempted to convert in secrecy...;Les pèlerins §Y[blue_star.GetName]§! qui affluent vers le site saint en §Y[Root.Location.GetName]§! m'impressionnent avec la profondeur et la passion de leur foi. Je suis tenté[Root.Get_E] de me convertir en secret...;Die §Y[blue_star.GetName]istischen§! Pilger in §Y[Root.Location.GetName]§! beeindrucken mich durch die Tiefe und die Leidenschaft ihres Glaubens. Ich bin versucht, heimlich zu konvertieren ...;;Los peregrinos §Y[blue_star.GetName]§! que acuden en masa al lugar sagrado en §Y[Root.Location.GetName]§! me impresionan con la profundidad y la pasión de su fe. Me tienta convertirme en secreto...;;;;;;;;;x

secret_religious_society_bracero;[GetReligiousCommunityName_bracero];[GetReligiousCommunityName_bracero];[GetReligiousCommunityName_bracero];;[GetReligiousCommunityName_bracero];;;;;;;;;x
secret_religious_society_bracero_desc;[GetReligiousSocietyDesc_bracero];[GetReligiousSocietyDesc_bracero];[GetReligiousSocietyDesc_bracero];;[GetReligiousSocietyDesc_bracero];;;;;;;;;x
secret_religious_society_bracero_currency;Devotion;Dévotion;Hingabe;;Devoción;;;;;;;;;x
secret_religious_society_bracero_leader_desc;[GetSocietyLeaderDesc];[GetSocietyLeaderDesc];[GetSocietyLeaderDesc];;[GetSocietyLeaderDesc];;;;;;;;;x
alt_start_community_name_bracero;The [bracero.GetName] Faithful;Fidèles [bracero.GetName]s;Die [bracero.GetName]en Gläubigen;;Creyentes [bracero.GetName]s;;;;;;;;;x
secretly_convert_to_bracero_holy_site;Secretly Convert to [bracero.GetName];Adopter en secret la foi [bracero.GetName];Heimlich zum [bracero.GetName] Glauben konvertieren;;Convertirse en secreto a la religión [bracero.GetName];;;;;;;;;x
secretly_convert_to_bracero_holy_site_desc;The §Y[bracero.GetName]§! pilgrims that flock to the holy site in §Y[Root.Location.GetName]§! impress me with the depth and passion of their faith. I am tempted to convert in secrecy...;Les pèlerins §Y[bracero.GetName]§! qui affluent vers le site saint en §Y[Root.Location.GetName]§! m'impressionnent avec la profondeur et la passion de leur foi. Je suis tenté[Root.Get_E] de me convertir en secret...;Die §Y[bracero.GetName]istischen§! Pilger in §Y[Root.Location.GetName]§! beeindrucken mich durch die Tiefe und die Leidenschaft ihres Glaubens. Ich bin versucht, heimlich zu konvertieren ...;;Los peregrinos §Y[bracero.GetName]§! que acuden en masa al lugar sagrado en §Y[Root.Location.GetName]§! me impresionan con la profundidad y la pasión de su fe. Me tienta convertirme en secreto...;;;;;;;;;x

secret_religious_society_brighamite;[GetReligiousCommunityName_brighamite];[GetReligiousCommunityName_brighamite];[GetReligiousCommunityName_brighamite];;[GetReligiousCommunityName_brighamite];;;;;;;;;x
secret_religious_society_brighamite_desc;[GetReligiousSocietyDesc_brighamite];[GetReligiousSocietyDesc_brighamite];[GetReligiousSocietyDesc_brighamite];;[GetReligiousSocietyDesc_brighamite];;;;;;;;;x
secret_religious_society_brighamite_currency;Devotion;Dévotion;Hingabe;;Devoción;;;;;;;;;x
secret_religious_society_brighamite_leader_desc;[GetSocietyLeaderDesc];[GetSocietyLeaderDesc];[GetSocietyLeaderDesc];;[GetSocietyLeaderDesc];;;;;;;;;x
alt_start_community_name_brighamite;The [brighamite.GetName] Faithful;Fidèles [brighamite.GetName]s;Die [brighamite.GetName]en Gläubigen;;Creyentes [brighamite.GetName]s;;;;;;;;;x
secretly_convert_to_brighamite_holy_site;Secretly Convert to [brighamite.GetName];Adopter en secret la foi [brighamite.GetName];Heimlich zum [brighamite.GetName] Glauben konvertieren;;Convertirse en secreto a la religión [brighamite.GetName];;;;;;;;;x
secretly_convert_to_brighamite_holy_site_desc;The §Y[brighamite.GetName]§! pilgrims that flock to the holy site in §Y[Root.Location.GetName]§! impress me with the depth and passion of their faith. I am tempted to convert in secrecy...;Les pèlerins §Y[brighamite.GetName]§! qui affluent vers le site saint en §Y[Root.Location.GetName]§! m'impressionnent avec la profondeur et la passion de leur foi. Je suis tenté[Root.Get_E] de me convertir en secret...;Die §Y[brighamite.GetName]istischen§! Pilger in §Y[Root.Location.GetName]§! beeindrucken mich durch die Tiefe und die Leidenschaft ihres Glaubens. Ich bin versucht, heimlich zu konvertieren ...;;Los peregrinos §Y[brighamite.GetName]§! que acuden en masa al lugar sagrado en §Y[Root.Location.GetName]§! me impresionan con la profundidad y la pasión de su fe. Me tienta convertirme en secreto...;;;;;;;;;x

secret_religious_society_buccaneer;[GetReligiousCommunityName_buccaneer];[GetReligiousCommunityName_buccaneer];[GetReligiousCommunityName_buccaneer];;[GetReligiousCommunityName_buccaneer];;;;;;;;;x
secret_religious_society_buccaneer_desc;[GetReligiousSocietyDesc_buccaneer];[GetReligiousSocietyDesc_buccaneer];[GetReligiousSocietyDesc_buccaneer];;[GetReligiousSocietyDesc_buccaneer];;;;;;;;;x
secret_religious_society_buccaneer_currency;Devotion;Dévotion;Hingabe;;Devoción;;;;;;;;;x
secret_religious_society_buccaneer_leader_desc;[GetSocietyLeaderDesc];[GetSocietyLeaderDesc];[GetSocietyLeaderDesc];;[GetSocietyLeaderDesc];;;;;;;;;x
alt_start_community_name_buccaneer;The [buccaneer.GetName] Faithful;Fidèles [buccaneer.GetName]s;Die [buccaneer.GetName]en Gläubigen;;Creyentes [buccaneer.GetName]s;;;;;;;;;x
secretly_convert_to_buccaneer_holy_site;Secretly Convert to [buccaneer.GetName];Adopter en secret la foi [buccaneer.GetName];Heimlich zum [buccaneer.GetName] Glauben konvertieren;;Convertirse en secreto a la religión [buccaneer.GetName];;;;;;;;;x
secretly_convert_to_buccaneer_holy_site_desc;The §Y[buccaneer.GetName]§! pilgrims that flock to the holy site in §Y[Root.Location.GetName]§! impress me with the depth and passion of their faith. I am tempted to convert in secrecy...;Les pèlerins §Y[buccaneer.GetName]§! qui affluent vers le site saint en §Y[Root.Location.GetName]§! m'impressionnent avec la profondeur et la passion de leur foi. Je suis tenté[Root.Get_E] de me convertir en secret...;Die §Y[buccaneer.GetName]istischen§! Pilger in §Y[Root.Location.GetName]§! beeindrucken mich durch die Tiefe und die Leidenschaft ihres Glaubens. Ich bin versucht, heimlich zu konvertieren ...;;Los peregrinos §Y[buccaneer.GetName]§! que acuden en masa al lugar sagrado en §Y[Root.Location.GetName]§! me impresionan con la profundidad y la pasión de su fe. Me tienta convertirme en secreto...;;;;;;;;;x

secret_religious_society_caodai;[GetReligiousCommunityName_caodai];[GetReligiousCommunityName_caodai];[GetReligiousCommunityName_caodai];;[GetReligiousCommunityName_caodai];;;;;;;;;x
secret_religious_society_caodai_desc;[GetReligiousSocietyDesc_caodai];[GetReligiousSocietyDesc_caodai];[GetReligiousSocietyDesc_caodai];;[GetReligiousSocietyDesc_caodai];;;;;;;;;x
secret_religious_society_caodai_currency;Devotion;Dévotion;Hingabe;;Devoción;;;;;;;;;x
secret_religious_society_caodai_leader_desc;[GetSocietyLeaderDesc];[GetSocietyLeaderDesc];[GetSocietyLeaderDesc];;[GetSocietyLeaderDesc];;;;;;;;;x
alt_start_community_name_caodai;The [caodai.GetName] Faithful;Fidèles [caodai.GetName]s;Die [caodai.GetName]en Gläubigen;;Creyentes [caodai.GetName]s;;;;;;;;;x
secretly_convert_to_caodai_holy_site;Secretly Convert to [caodai.GetName];Adopter en secret la foi [caodai.GetName];Heimlich zum [caodai.GetName] Glauben konvertieren;;Convertirse en secreto a la religión [caodai.GetName];;;;;;;;;x
secretly_convert_to_caodai_holy_site_desc;The §Y[caodai.GetName]§! pilgrims that flock to the holy site in §Y[Root.Location.GetName]§! impress me with the depth and passion of their faith. I am tempted to convert in secrecy...;Les pèlerins §Y[caodai.GetName]§! qui affluent vers le site saint en §Y[Root.Location.GetName]§! m'impressionnent avec la profondeur et la passion de leur foi. Je suis tenté[Root.Get_E] de me convertir en secret...;Die §Y[caodai.GetName]istischen§! Pilger in §Y[Root.Location.GetName]§! beeindrucken mich durch die Tiefe und die Leidenschaft ihres Glaubens. Ich bin versucht, heimlich zu konvertieren ...;;Los peregrinos §Y[caodai.GetName]§! que acuden en masa al lugar sagrado en §Y[Root.Location.GetName]§! me impresionan con la profundidad y la pasión de su fe. Me tienta convertirme en secreto...;;;;;;;;;x

secret_religious_society_cineaste;[GetReligiousCommunityName_cineaste];[GetReligiousCommunityName_cineaste];[GetReligiousCommunityName_cineaste];;[GetReligiousCommunityName_cineaste];;;;;;;;;x
secret_religious_society_cineaste_desc;[GetReligiousSocietyDesc_cineaste];[GetReligiousSocietyDesc_cineaste];[GetReligiousSocietyDesc_cineaste];;[GetReligiousSocietyDesc_cineaste];;;;;;;;;x
secret_religious_society_cineaste_currency;Devotion;Dévotion;Hingabe;;Devoción;;;;;;;;;x
secret_religious_society_cineaste_leader_desc;[GetSocietyLeaderDesc];[GetSocietyLeaderDesc];[GetSocietyLeaderDesc];;[GetSocietyLeaderDesc];;;;;;;;;x
alt_start_community_name_cineaste;The [cineaste.GetName] Faithful;Fidèles [cineaste.GetName]s;Die [cineaste.GetName]en Gläubigen;;Creyentes [cineaste.GetName]s;;;;;;;;;x
secretly_convert_to_cineaste_holy_site;Secretly Convert to [cineaste.GetName];Adopter en secret la foi [cineaste.GetName];Heimlich zum [cineaste.GetName] Glauben konvertieren;;Convertirse en secreto a la religión [cineaste.GetName];;;;;;;;;x
secretly_convert_to_cineaste_holy_site_desc;The §Y[cineaste.GetName]§! pilgrims that flock to the holy site in §Y[Root.Location.GetName]§! impress me with the depth and passion of their faith. I am tempted to convert in secrecy...;Les pèlerins §Y[cineaste.GetName]§! qui affluent vers le site saint en §Y[Root.Location.GetName]§! m'impressionnent avec la profondeur et la passion de leur foi. Je suis tenté[Root.Get_E] de me convertir en secret...;Die §Y[cineaste.GetName]istischen§! Pilger in §Y[Root.Location.GetName]§! beeindrucken mich durch die Tiefe und die Leidenschaft ihres Glaubens. Ich bin versucht, heimlich zu konvertieren ...;;Los peregrinos §Y[cineaste.GetName]§! que acuden en masa al lugar sagrado en §Y[Root.Location.GetName]§! me impresionan con la profundidad y la pasión de su fe. Me tienta convertirme en secreto...;;;;;;;;;x

secret_religious_society_constitutional;[GetReligiousCommunityName_constitutional];[GetReligiousCommunityName_constitutional];[GetReligiousCommunityName_constitutional];;[GetReligiousCommunityName_constitutional];;;;;;;;;x
secret_religious_society_constitutional_desc;[GetReligiousSocietyDesc_constitutional];[GetReligiousSocietyDesc_constitutional];[GetReligiousSocietyDesc_constitutional];;[GetReligiousSocietyDesc_constitutional];;;;;;;;;x
secret_religious_society_constitutional_currency;Devotion;Dévotion;Hingabe;;Devoción;;;;;;;;;x
secret_religious_society_constitutional_leader_desc;[GetSocietyLeaderDesc];[GetSocietyLeaderDesc];[GetSocietyLeaderDesc];;[GetSocietyLeaderDesc];;;;;;;;;x
alt_start_community_name_constitutional;The [constitutional.GetName] Faithful;Fidèles [constitutional.GetName]s;Die [constitutional.GetName]en Gläubigen;;Creyentes [constitutional.GetName]s;;;;;;;;;x
secretly_convert_to_constitutional_holy_site;Secretly Convert to [constitutional.GetName];Adopter en secret la foi [constitutional.GetName];Heimlich zum [constitutional.GetName] Glauben konvertieren;;Convertirse en secreto a la religión [constitutional.GetName];;;;;;;;;x
secretly_convert_to_constitutional_holy_site_desc;The §Y[constitutional.GetName]§! pilgrims that flock to the holy site in §Y[Root.Location.GetName]§! impress me with the depth and passion of their faith. I am tempted to convert in secrecy...;Les pèlerins §Y[constitutional.GetName]§! qui affluent vers le site saint en §Y[Root.Location.GetName]§! m'impressionnent avec la profondeur et la passion de leur foi. Je suis tenté[Root.Get_E] de me convertir en secret...;Die §Y[constitutional.GetName]istischen§! Pilger in §Y[Root.Location.GetName]§! beeindrucken mich durch die Tiefe und die Leidenschaft ihres Glaubens. Ich bin versucht, heimlich zu konvertieren ...;;Los peregrinos §Y[constitutional.GetName]§! que acuden en masa al lugar sagrado en §Y[Root.Location.GetName]§! me impresionan con la profundidad y la pasión de su fe. Me tienta convertirme en secreto...;;;;;;;;;x

secret_religious_society_custodite;[GetReligiousCommunityName_custodite];[GetReligiousCommunityName_custodite];[GetReligiousCommunityName_custodite];;[GetReligiousCommunityName_custodite];;;;;;;;;x
secret_religious_society_custodite_desc;[GetReligiousSocietyDesc_custodite];[GetReligiousSocietyDesc_custodite];[GetReligiousSocietyDesc_custodite];;[GetReligiousSocietyDesc_custodite];;;;;;;;;x
secret_religious_society_custodite_currency;Devotion;Dévotion;Hingabe;;Devoción;;;;;;;;;x
secret_religious_society_custodite_leader_desc;[GetSocietyLeaderDesc];[GetSocietyLeaderDesc];[GetSocietyLeaderDesc];;[GetSocietyLeaderDesc];;;;;;;;;x
alt_start_community_name_custodite;The [custodite.GetName] Faithful;Fidèles [custodite.GetName]s;Die [custodite.GetName]en Gläubigen;;Creyentes [custodite.GetName]s;;;;;;;;;x
secretly_convert_to_custodite_holy_site;Secretly Convert to [custodite.GetName];Adopter en secret la foi [custodite.GetName];Heimlich zum [custodite.GetName] Glauben konvertieren;;Convertirse en secreto a la religión [custodite.GetName];;;;;;;;;x
secretly_convert_to_custodite_holy_site_desc;The §Y[custodite.GetName]§! pilgrims that flock to the holy site in §Y[Root.Location.GetName]§! impress me with the depth and passion of their faith. I am tempted to convert in secrecy...;Les pèlerins §Y[custodite.GetName]§! qui affluent vers le site saint en §Y[Root.Location.GetName]§! m'impressionnent avec la profondeur et la passion de leur foi. Je suis tenté[Root.Get_E] de me convertir en secret...;Die §Y[custodite.GetName]istischen§! Pilger in §Y[Root.Location.GetName]§! beeindrucken mich durch die Tiefe und die Leidenschaft ihres Glaubens. Ich bin versucht, heimlich zu konvertieren ...;;Los peregrinos §Y[custodite.GetName]§! que acuden en masa al lugar sagrado en §Y[Root.Location.GetName]§! me impresionan con la profundidad y la pasión de su fe. Me tienta convertirme en secreto...;;;;;;;;;x

secret_religious_society_cyclist;[GetReligiousCommunityName_cyclist];[GetReligiousCommunityName_cyclist];[GetReligiousCommunityName_cyclist];;[GetReligiousCommunityName_cyclist];;;;;;;;;x
secret_religious_society_cyclist_desc;[GetReligiousSocietyDesc_cyclist];[GetReligiousSocietyDesc_cyclist];[GetReligiousSocietyDesc_cyclist];;[GetReligiousSocietyDesc_cyclist];;;;;;;;;x
secret_religious_society_cyclist_currency;Devotion;Dévotion;Hingabe;;Devoción;;;;;;;;;x
secret_religious_society_cyclist_leader_desc;[GetSocietyLeaderDesc];[GetSocietyLeaderDesc];[GetSocietyLeaderDesc];;[GetSocietyLeaderDesc];;;;;;;;;x
alt_start_community_name_cyclist;The [cyclist.GetName] Faithful;Fidèles [cyclist.GetName]s;Die [cyclist.GetName]en Gläubigen;;Creyentes [cyclist.GetName]s;;;;;;;;;x
secretly_convert_to_cyclist_holy_site;Secretly Convert to [cyclist.GetName];Adopter en secret la foi [cyclist.GetName];Heimlich zum [cyclist.GetName] Glauben konvertieren;;Convertirse en secreto a la religión [cyclist.GetName];;;;;;;;;x
secretly_convert_to_cyclist_holy_site_desc;The §Y[cyclist.GetName]§! pilgrims that flock to the holy site in §Y[Root.Location.GetName]§! impress me with the depth and passion of their faith. I am tempted to convert in secrecy...;Les pèlerins §Y[cyclist.GetName]§! qui affluent vers le site saint en §Y[Root.Location.GetName]§! m'impressionnent avec la profondeur et la passion de leur foi. Je suis tenté[Root.Get_E] de me convertir en secret...;Die §Y[cyclist.GetName]istischen§! Pilger in §Y[Root.Location.GetName]§! beeindrucken mich durch die Tiefe und die Leidenschaft ihres Glaubens. Ich bin versucht, heimlich zu konvertieren ...;;Los peregrinos §Y[cyclist.GetName]§! que acuden en masa al lugar sagrado en §Y[Root.Location.GetName]§! me impresionan con la profundidad y la pasión de su fe. Me tienta convertirme en secreto...;;;;;;;;;x

secret_religious_society_delver;[GetReligiousCommunityName_delver];[GetReligiousCommunityName_delver];[GetReligiousCommunityName_delver];;[GetReligiousCommunityName_delver];;;;;;;;;x
secret_religious_society_delver_desc;[GetReligiousSocietyDesc_delver];[GetReligiousSocietyDesc_delver];[GetReligiousSocietyDesc_delver];;[GetReligiousSocietyDesc_delver];;;;;;;;;x
secret_religious_society_delver_currency;Devotion;Dévotion;Hingabe;;Devoción;;;;;;;;;x
secret_religious_society_delver_leader_desc;[GetSocietyLeaderDesc];[GetSocietyLeaderDesc];[GetSocietyLeaderDesc];;[GetSocietyLeaderDesc];;;;;;;;;x
alt_start_community_name_delver;The [delver.GetName] Faithful;Fidèles [delver.GetName]s;Die [delver.GetName]en Gläubigen;;Creyentes [delver.GetName]s;;;;;;;;;x
secretly_convert_to_delver_holy_site;Secretly Convert to [delver.GetName];Adopter en secret la foi [delver.GetName];Heimlich zum [delver.GetName] Glauben konvertieren;;Convertirse en secreto a la religión [delver.GetName];;;;;;;;;x
secretly_convert_to_delver_holy_site_desc;The §Y[delver.GetName]§! pilgrims that flock to the holy site in §Y[Root.Location.GetName]§! impress me with the depth and passion of their faith. I am tempted to convert in secrecy...;Les pèlerins §Y[delver.GetName]§! qui affluent vers le site saint en §Y[Root.Location.GetName]§! m'impressionnent avec la profondeur et la passion de leur foi. Je suis tenté[Root.Get_E] de me convertir en secret...;Die §Y[delver.GetName]istischen§! Pilger in §Y[Root.Location.GetName]§! beeindrucken mich durch die Tiefe und die Leidenschaft ihres Glaubens. Ich bin versucht, heimlich zu konvertieren ...;;Los peregrinos §Y[delver.GetName]§! que acuden en masa al lugar sagrado en §Y[Root.Location.GetName]§! me impresionan con la profundidad y la pasión de su fe. Me tienta convertirme en secreto...;;;;;;;;;x

secret_religious_society_dianic;[GetReligiousCommunityName_dianic];[GetReligiousCommunityName_dianic];[GetReligiousCommunityName_dianic];;[GetReligiousCommunityName_dianic];;;;;;;;;x
secret_religious_society_dianic_desc;[GetReligiousSocietyDesc_dianic];[GetReligiousSocietyDesc_dianic];[GetReligiousSocietyDesc_dianic];;[GetReligiousSocietyDesc_dianic];;;;;;;;;x
secret_religious_society_dianic_currency;Devotion;Dévotion;Hingabe;;Devoción;;;;;;;;;x
secret_religious_society_dianic_leader_desc;[GetSocietyLeaderDesc];[GetSocietyLeaderDesc];[GetSocietyLeaderDesc];;[GetSocietyLeaderDesc];;;;;;;;;x
alt_start_community_name_dianic;The [dianic.GetName] Faithful;Fidèles [dianic.GetName]s;Die [dianic.GetName]en Gläubigen;;Creyentes [dianic.GetName]s;;;;;;;;;x
secretly_convert_to_dianic_holy_site;Secretly Convert to [dianic.GetName];Adopter en secret la foi [dianic.GetName];Heimlich zum [dianic.GetName] Glauben konvertieren;;Convertirse en secreto a la religión [dianic.GetName];;;;;;;;;x
secretly_convert_to_dianic_holy_site_desc;The §Y[dianic.GetName]§! pilgrims that flock to the holy site in §Y[Root.Location.GetName]§! impress me with the depth and passion of their faith. I am tempted to convert in secrecy...;Les pèlerins §Y[dianic.GetName]§! qui affluent vers le site saint en §Y[Root.Location.GetName]§! m'impressionnent avec la profondeur et la passion de leur foi. Je suis tenté[Root.Get_E] de me convertir en secret...;Die §Y[dianic.GetName]istischen§! Pilger in §Y[Root.Location.GetName]§! beeindrucken mich durch die Tiefe und die Leidenschaft ihres Glaubens. Ich bin versucht, heimlich zu konvertieren ...;;Los peregrinos §Y[dianic.GetName]§! que acuden en masa al lugar sagrado en §Y[Root.Location.GetName]§! me impresionan con la profundidad y la pasión de su fe. Me tienta convertirme en secreto...;;;;;;;;;x

secret_religious_society_dominionist;[GetReligiousCommunityName_dominionist];[GetReligiousCommunityName_dominionist];[GetReligiousCommunityName_dominionist];;[GetReligiousCommunityName_dominionist];;;;;;;;;x
secret_religious_society_dominionist_desc;[GetReligiousSocietyDesc_dominionist];[GetReligiousSocietyDesc_dominionist];[GetReligiousSocietyDesc_dominionist];;[GetReligiousSocietyDesc_dominionist];;;;;;;;;x
secret_religious_society_dominionist_currency;Devotion;Dévotion;Hingabe;;Devoción;;;;;;;;;x
secret_religious_society_dominionist_leader_desc;[GetSocietyLeaderDesc];[GetSocietyLeaderDesc];[GetSocietyLeaderDesc];;[GetSocietyLeaderDesc];;;;;;;;;x
alt_start_community_name_dominionist;The [dominionist.GetName] Faithful;Fidèles [dominionist.GetName]s;Die [dominionist.GetName]en Gläubigen;;Creyentes [dominionist.GetName]s;;;;;;;;;x
secretly_convert_to_dominionist_holy_site;Secretly Convert to [dominionist.GetName];Adopter en secret la foi [dominionist.GetName];Heimlich zum [dominionist.GetName] Glauben konvertieren;;Convertirse en secreto a la religión [dominionist.GetName];;;;;;;;;x
secretly_convert_to_dominionist_holy_site_desc;The §Y[dominionist.GetName]§! pilgrims that flock to the holy site in §Y[Root.Location.GetName]§! impress me with the depth and passion of their faith. I am tempted to convert in secrecy...;Les pèlerins §Y[dominionist.GetName]§! qui affluent vers le site saint en §Y[Root.Location.GetName]§! m'impressionnent avec la profondeur et la passion de leur foi. Je suis tenté[Root.Get_E] de me convertir en secret...;Die §Y[dominionist.GetName]istischen§! Pilger in §Y[Root.Location.GetName]§! beeindrucken mich durch die Tiefe und die Leidenschaft ihres Glaubens. Ich bin versucht, heimlich zu konvertieren ...;;Los peregrinos §Y[dominionist.GetName]§! que acuden en masa al lugar sagrado en §Y[Root.Location.GetName]§! me impresionan con la profundidad y la pasión de su fe. Me tienta convertirme en secreto...;;;;;;;;;x

secret_religious_society_doukhobor;[GetReligiousCommunityName_doukhobor];[GetReligiousCommunityName_doukhobor];[GetReligiousCommunityName_doukhobor];;[GetReligiousCommunityName_doukhobor];;;;;;;;;x
secret_religious_society_doukhobor_desc;[GetReligiousSocietyDesc_doukhobor];[GetReligiousSocietyDesc_doukhobor];[GetReligiousSocietyDesc_doukhobor];;[GetReligiousSocietyDesc_doukhobor];;;;;;;;;x
secret_religious_society_doukhobor_currency;Devotion;Dévotion;Hingabe;;Devoción;;;;;;;;;x
secret_religious_society_doukhobor_leader_desc;[GetSocietyLeaderDesc];[GetSocietyLeaderDesc];[GetSocietyLeaderDesc];;[GetSocietyLeaderDesc];;;;;;;;;x
alt_start_community_name_doukhobor;The [doukhobor.GetName] Faithful;Fidèles [doukhobor.GetName]s;Die [doukhobor.GetName]en Gläubigen;;Creyentes [doukhobor.GetName]s;;;;;;;;;x
secretly_convert_to_doukhobor_holy_site;Secretly Convert to [doukhobor.GetName];Adopter en secret la foi [doukhobor.GetName];Heimlich zum [doukhobor.GetName] Glauben konvertieren;;Convertirse en secreto a la religión [doukhobor.GetName];;;;;;;;;x
secretly_convert_to_doukhobor_holy_site_desc;The §Y[doukhobor.GetName]§! pilgrims that flock to the holy site in §Y[Root.Location.GetName]§! impress me with the depth and passion of their faith. I am tempted to convert in secrecy...;Les pèlerins §Y[doukhobor.GetName]§! qui affluent vers le site saint en §Y[Root.Location.GetName]§! m'impressionnent avec la profondeur et la passion de leur foi. Je suis tenté[Root.Get_E] de me convertir en secret...;Die §Y[doukhobor.GetName]istischen§! Pilger in §Y[Root.Location.GetName]§! beeindrucken mich durch die Tiefe und die Leidenschaft ihres Glaubens. Ich bin versucht, heimlich zu konvertieren ...;;Los peregrinos §Y[doukhobor.GetName]§! que acuden en masa al lugar sagrado en §Y[Root.Location.GetName]§! me impresionan con la profundidad y la pasión de su fe. Me tienta convertirme en secreto...;;;;;;;;;x

secret_religious_society_waashat;[GetReligiousCommunityName_waashat];[GetReligiousCommunityName_waashat];[GetReligiousCommunityName_waashat];;[GetReligiousCommunityName_waashat];;;;;;;;;x
secret_religious_society_waashat_desc;[GetReligiousSocietyDesc_waashat];[GetReligiousSocietyDesc_waashat];[GetReligiousSocietyDesc_waashat];;[GetReligiousSocietyDesc_waashat];;;;;;;;;x
secret_religious_society_waashat_currency;Devotion;Dévotion;Hingabe;;Devoción;;;;;;;;;x
secret_religious_society_waashat_leader_desc;[GetSocietyLeaderDesc];[GetSocietyLeaderDesc];[GetSocietyLeaderDesc];;[GetSocietyLeaderDesc];;;;;;;;;x
alt_start_community_name_waashat;The [waashat.GetName] Faithful;Fidèles [waashat.GetName]s;Die [waashat.GetName]en Gläubigen;;Creyentes [waashat.GetName]s;;;;;;;;;x
secretly_convert_to_waashat_holy_site;Secretly Convert to [waashat.GetName];Adopter en secret la foi [waashat.GetName];Heimlich zum [waashat.GetName] Glauben konvertieren;;Convertirse en secreto a la religión [waashat.GetName];;;;;;;;;x
secretly_convert_to_waashat_holy_site_desc;The §Y[waashat.GetName]§! pilgrims that flock to the holy site in §Y[Root.Location.GetName]§! impress me with the depth and passion of their faith. I am tempted to convert in secrecy...;Les pèlerins §Y[waashat.GetName]§! qui affluent vers le site saint en §Y[Root.Location.GetName]§! m'impressionnent avec la profondeur et la passion de leur foi. Je suis tenté[Root.Get_E] de me convertir en secret...;Die §Y[waashat.GetName]istischen§! Pilger in §Y[Root.Location.GetName]§! beeindrucken mich durch die Tiefe und die Leidenschaft ihres Glaubens. Ich bin versucht, heimlich zu konvertieren ...;;Los peregrinos §Y[waashat.GetName]§! que acuden en masa al lugar sagrado en §Y[Root.Location.GetName]§! me impresionan con la profundidad y la pasión de su fe. Me tienta convertirme en secreto...;;;;;;;;;x

secret_religious_society_emmaean;[GetReligiousCommunityName_emmaean];[GetReligiousCommunityName_emmaean];[GetReligiousCommunityName_emmaean];;[GetReligiousCommunityName_emmaean];;;;;;;;;x
secret_religious_society_emmaean_desc;[GetReligiousSocietyDesc_emmaean];[GetReligiousSocietyDesc_emmaean];[GetReligiousSocietyDesc_emmaean];;[GetReligiousSocietyDesc_emmaean];;;;;;;;;x
secret_religious_society_emmaean_currency;Devotion;Dévotion;Hingabe;;Devoción;;;;;;;;;x
secret_religious_society_emmaean_leader_desc;[GetSocietyLeaderDesc];[GetSocietyLeaderDesc];[GetSocietyLeaderDesc];;[GetSocietyLeaderDesc];;;;;;;;;x
alt_start_community_name_emmaean;The [emmaean.GetName] Faithful;Fidèles [emmaean.GetName]s;Die [emmaean.GetName]en Gläubigen;;Creyentes [emmaean.GetName]s;;;;;;;;;x
secretly_convert_to_emmaean_holy_site;Secretly Convert to [emmaean.GetName];Adopter en secret la foi [emmaean.GetName];Heimlich zum [emmaean.GetName] Glauben konvertieren;;Convertirse en secreto a la religión [emmaean.GetName];;;;;;;;;x
secretly_convert_to_emmaean_holy_site_desc;The §Y[emmaean.GetName]§! pilgrims that flock to the holy site in §Y[Root.Location.GetName]§! impress me with the depth and passion of their faith. I am tempted to convert in secrecy...;Les pèlerins §Y[emmaean.GetName]§! qui affluent vers le site saint en §Y[Root.Location.GetName]§! m'impressionnent avec la profondeur et la passion de leur foi. Je suis tenté[Root.Get_E] de me convertir en secret...;Die §Y[emmaean.GetName]istischen§! Pilger in §Y[Root.Location.GetName]§! beeindrucken mich durch die Tiefe und die Leidenschaft ihres Glaubens. Ich bin versucht, heimlich zu konvertieren ...;;Los peregrinos §Y[emmaean.GetName]§! que acuden en masa al lugar sagrado en §Y[Root.Location.GetName]§! me impresionan con la profundidad y la pasión de su fe. Me tienta convertirme en secreto...;;;;;;;;;x

secret_religious_society_edenite;[GetReligiousCommunityName_edenite];[GetReligiousCommunityName_edenite];[GetReligiousCommunityName_edenite];;[GetReligiousCommunityName_edenite];;;;;;;;;x
secret_religious_society_edenite_desc;[GetReligiousSocietyDesc_edenite];[GetReligiousSocietyDesc_edenite];[GetReligiousSocietyDesc_edenite];;[GetReligiousSocietyDesc_edenite];;;;;;;;;x
secret_religious_society_edenite_currency;Devotion;Dévotion;Hingabe;;Devoción;;;;;;;;;x
secret_religious_society_edenite_leader_desc;[GetSocietyLeaderDesc];[GetSocietyLeaderDesc];[GetSocietyLeaderDesc];;[GetSocietyLeaderDesc];;;;;;;;;x
alt_start_community_name_edenite;The [edenite.GetName] Faithful;Fidèles [edenite.GetName]s;Die [edenite.GetName]en Gläubigen;;Creyentes [edenite.GetName]s;;;;;;;;;x
secretly_convert_to_edenite_holy_site;Secretly Convert to [edenite.GetName];Adopter en secret la foi [edenite.GetName];Heimlich zum [edenite.GetName] Glauben konvertieren;;Convertirse en secreto a la religión [edenite.GetName];;;;;;;;;x
secretly_convert_to_edenite_holy_site_desc;The §Y[edenite.GetName]§! pilgrims that flock to the holy site in §Y[Root.Location.GetName]§! impress me with the depth and passion of their faith. I am tempted to convert in secrecy...;Les pèlerins §Y[edenite.GetName]§! qui affluent vers le site saint en §Y[Root.Location.GetName]§! m'impressionnent avec la profondeur et la passion de leur foi. Je suis tenté[Root.Get_E] de me convertir en secret...;Die §Y[edenite.GetName]istischen§! Pilger in §Y[Root.Location.GetName]§! beeindrucken mich durch die Tiefe und die Leidenschaft ihres Glaubens. Ich bin versucht, heimlich zu konvertieren ...;;Los peregrinos §Y[edenite.GetName]§! que acuden en masa al lugar sagrado en §Y[Root.Location.GetName]§! me impresionan con la profundidad y la pasión de su fe. Me tienta convertirme en secreto...;;;;;;;;;x

secret_religious_society_camelotist;[GetReligiousCommunityName_camelotist];[GetReligiousCommunityName_camelotist];[GetReligiousCommunityName_camelotist];;[GetReligiousCommunityName_camelotist];;;;;;;;;x
secret_religious_society_camelotist_desc;[GetReligiousSocietyDesc_camelotist];[GetReligiousSocietyDesc_camelotist];[GetReligiousSocietyDesc_camelotist];;[GetReligiousSocietyDesc_camelotist];;;;;;;;;x
secret_religious_society_camelotist_currency;Devotion;Dévotion;Hingabe;;Devoción;;;;;;;;;x
secret_religious_society_camelotist_leader_desc;[GetSocietyLeaderDesc];[GetSocietyLeaderDesc];[GetSocietyLeaderDesc];;[GetSocietyLeaderDesc];;;;;;;;;x
alt_start_community_name_camelotist;The [camelotist.GetName] Faithful;Fidèles [camelotist.GetName]s;Die [camelotist.GetName]en Gläubigen;;Creyentes [camelotist.GetName]s;;;;;;;;;x
secretly_convert_to_camelotist_holy_site;Secretly Convert to [camelotist.GetName];Adopter en secret la foi [camelotist.GetName];Heimlich zum [camelotist.GetName] Glauben konvertieren;;Convertirse en secreto a la religión [camelotist.GetName];;;;;;;;;x
secretly_convert_to_camelotist_holy_site_desc;The §Y[camelotist.GetName]§! pilgrims that flock to the holy site in §Y[Root.Location.GetName]§! impress me with the depth and passion of their faith. I am tempted to convert in secrecy...;Les pèlerins §Y[camelotist.GetName]§! qui affluent vers le site saint en §Y[Root.Location.GetName]§! m'impressionnent avec la profondeur et la passion de leur foi. Je suis tenté[Root.Get_E] de me convertir en secret...;Die §Y[camelotist.GetName]istischen§! Pilger in §Y[Root.Location.GetName]§! beeindrucken mich durch die Tiefe und die Leidenschaft ihres Glaubens. Ich bin versucht, heimlich zu konvertieren ...;;Los peregrinos §Y[camelotist.GetName]§! que acuden en masa al lugar sagrado en §Y[Root.Location.GetName]§! me impresionan con la profundidad y la pasión de su fe. Me tienta convertirme en secreto...;;;;;;;;;x

secret_religious_society_trayamarga;[GetReligiousCommunityName_trayamarga];[GetReligiousCommunityName_trayamarga];[GetReligiousCommunityName_trayamarga];;[GetReligiousCommunityName_trayamarga];;;;;;;;;x
secret_religious_society_trayamarga_desc;[GetReligiousSocietyDesc_trayamarga];[GetReligiousSocietyDesc_trayamarga];[GetReligiousSocietyDesc_trayamarga];;[GetReligiousSocietyDesc_trayamarga];;;;;;;;;x
secret_religious_society_trayamarga_currency;Devotion;Dévotion;Hingabe;;Devoción;;;;;;;;;x
secret_religious_society_trayamarga_leader_desc;[GetSocietyLeaderDesc];[GetSocietyLeaderDesc];[GetSocietyLeaderDesc];;[GetSocietyLeaderDesc];;;;;;;;;x
alt_start_community_name_trayamarga;The [trayamarga.GetName] Faithful;Fidèles [trayamarga.GetName]s;Die [trayamarga.GetName]en Gläubigen;;Creyentes [trayamarga.GetName]s;;;;;;;;;x
secretly_convert_to_trayamarga_holy_site;Secretly Convert to [trayamarga.GetName];Adopter en secret la foi [trayamarga.GetName];Heimlich zum [trayamarga.GetName] Glauben konvertieren;;Convertirse en secreto a la religión [trayamarga.GetName];;;;;;;;;x
secretly_convert_to_trayamarga_holy_site_desc;The §Y[trayamarga.GetName]§! pilgrims that flock to the holy site in §Y[Root.Location.GetName]§! impress me with the depth and passion of their faith. I am tempted to convert in secrecy...;Les pèlerins §Y[trayamarga.GetName]§! qui affluent vers le site saint en §Y[Root.Location.GetName]§! m'impressionnent avec la profondeur et la passion de leur foi. Je suis tenté[Root.Get_E] de me convertir en secret...;Die §Y[trayamarga.GetName]istischen§! Pilger in §Y[Root.Location.GetName]§! beeindrucken mich durch die Tiefe und die Leidenschaft ihres Glaubens. Ich bin versucht, heimlich zu konvertieren ...;;Los peregrinos §Y[trayamarga.GetName]§! que acuden en masa al lugar sagrado en §Y[Root.Location.GetName]§! me impresionan con la profundidad y la pasión de su fe. Me tienta convertirme en secreto...;;;;;;;;;x

secret_religious_society_ashtari;[GetReligiousCommunityName_ashtari];[GetReligiousCommunityName_ashtari];[GetReligiousCommunityName_ashtari];;[GetReligiousCommunityName_ashtari];;;;;;;;;x
secret_religious_society_ashtari_desc;[GetReligiousSocietyDesc_ashtari];[GetReligiousSocietyDesc_ashtari];[GetReligiousSocietyDesc_ashtari];;[GetReligiousSocietyDesc_ashtari];;;;;;;;;x
secret_religious_society_ashtari_currency;Devotion;Dévotion;Hingabe;;Devoción;;;;;;;;;x
secret_religious_society_ashtari_leader_desc;[GetSocietyLeaderDesc];[GetSocietyLeaderDesc];[GetSocietyLeaderDesc];;[GetSocietyLeaderDesc];;;;;;;;;x
alt_start_community_name_ashtari;The [ashtari.GetName] Faithful;Fidèles [ashtari.GetName]s;Die [ashtari.GetName]en Gläubigen;;Creyentes [ashtari.GetName]s;;;;;;;;;x
secretly_convert_to_ashtari_holy_site;Secretly Convert to [ashtari.GetName];Adopter en secret la foi [ashtari.GetName];Heimlich zum [ashtari.GetName] Glauben konvertieren;;Convertirse en secreto a la religión [ashtari.GetName];;;;;;;;;x
secretly_convert_to_ashtari_holy_site_desc;The §Y[ashtari.GetName]§! pilgrims that flock to the holy site in §Y[Root.Location.GetName]§! impress me with the depth and passion of their faith. I am tempted to convert in secrecy...;Les pèlerins §Y[ashtari.GetName]§! qui affluent vers le site saint en §Y[Root.Location.GetName]§! m'impressionnent avec la profondeur et la passion de leur foi. Je suis tenté[Root.Get_E] de me convertir en secret...;Die §Y[ashtari.GetName]istischen§! Pilger in §Y[Root.Location.GetName]§! beeindrucken mich durch die Tiefe und die Leidenschaft ihres Glaubens. Ich bin versucht, heimlich zu konvertieren ...;;Los peregrinos §Y[ashtari.GetName]§! que acuden en masa al lugar sagrado en §Y[Root.Location.GetName]§! me impresionan con la profundidad y la pasión de su fe. Me tienta convertirme en secreto...;;;;;;;;;x

secret_religious_society_vajrayana;[GetReligiousCommunityName_vajrayana];[GetReligiousCommunityName_vajrayana];[GetReligiousCommunityName_vajrayana];;[GetReligiousCommunityName_vajrayana];;;;;;;;;x
secret_religious_society_vajrayana_desc;[GetReligiousSocietyDesc_vajrayana];[GetReligiousSocietyDesc_vajrayana];[GetReligiousSocietyDesc_vajrayana];;[GetReligiousSocietyDesc_vajrayana];;;;;;;;;x
secret_religious_society_vajrayana_currency;Devotion;Dévotion;Hingabe;;Devoción;;;;;;;;;x
secret_religious_society_vajrayana_leader_desc;[GetSocietyLeaderDesc];[GetSocietyLeaderDesc];[GetSocietyLeaderDesc];;[GetSocietyLeaderDesc];;;;;;;;;x
alt_start_community_name_vajrayana;The [vajrayana.GetName] Faithful;Fidèles [vajrayana.GetName]s;Die [vajrayana.GetName]en Gläubigen;;Creyentes [vajrayana.GetName]s;;;;;;;;;x
secretly_convert_to_vajrayana_holy_site;Secretly Convert to [vajrayana.GetName];Adopter en secret la foi [vajrayana.GetName];Heimlich zum [vajrayana.GetName] Glauben konvertieren;;Convertirse en secreto a la religión [vajrayana.GetName];;;;;;;;;x
secretly_convert_to_vajrayana_holy_site_desc;The §Y[vajrayana.GetName]§! pilgrims that flock to the holy site in §Y[Root.Location.GetName]§! impress me with the depth and passion of their faith. I am tempted to convert in secrecy...;Les pèlerins §Y[vajrayana.GetName]§! qui affluent vers le site saint en §Y[Root.Location.GetName]§! m'impressionnent avec la profondeur et la passion de leur foi. Je suis tenté[Root.Get_E] de me convertir en secret...;Die §Y[vajrayana.GetName]istischen§! Pilger in §Y[Root.Location.GetName]§! beeindrucken mich durch die Tiefe und die Leidenschaft ihres Glaubens. Ich bin versucht, heimlich zu konvertieren ...;;Los peregrinos §Y[vajrayana.GetName]§! que acuden en masa al lugar sagrado en §Y[Root.Location.GetName]§! me impresionan con la profundidad y la pasión de su fe. Me tienta convertirme en secreto...;;;;;;;;;x

secret_religious_society_budaism;[GetReligiousCommunityName_budaism];[GetReligiousCommunityName_budaism];[GetReligiousCommunityName_budaism];;[GetReligiousCommunityName_budaism];;;;;;;;;x
secret_religious_society_budaism_desc;[GetReligiousSocietyDesc_budaism];[GetReligiousSocietyDesc_budaism];[GetReligiousSocietyDesc_budaism];;[GetReligiousSocietyDesc_budaism];;;;;;;;;x
secret_religious_society_budaism_currency;Devotion;Dévotion;Hingabe;;Devoción;;;;;;;;;x
secret_religious_society_budaism_leader_desc;[GetSocietyLeaderDesc];[GetSocietyLeaderDesc];[GetSocietyLeaderDesc];;[GetSocietyLeaderDesc];;;;;;;;;x
alt_start_community_name_budaism;The [budaism.GetName] Faithful;Fidèles [budaism.GetName]s;Die [budaism.GetName]en Gläubigen;;Creyentes [budaism.GetName]s;;;;;;;;;x
secretly_convert_to_budaism_holy_site;Secretly Convert to [budaism.GetName];Adopter en secret la foi [budaism.GetName];Heimlich zum [budaism.GetName] Glauben konvertieren;;Convertirse en secreto a la religión [budaism.GetName];;;;;;;;;x
secretly_convert_to_budaism_holy_site_desc;The §Y[budaism.GetName]§! pilgrims that flock to the holy site in §Y[Root.Location.GetName]§! impress me with the depth and passion of their faith. I am tempted to convert in secrecy...;Les pèlerins §Y[budaism.GetName]§! qui affluent vers le site saint en §Y[Root.Location.GetName]§! m'impressionnent avec la profondeur et la passion de leur foi. Je suis tenté[Root.Get_E] de me convertir en secret...;Die §Y[budaism.GetName]istischen§! Pilger in §Y[Root.Location.GetName]§! beeindrucken mich durch die Tiefe und die Leidenschaft ihres Glaubens. Ich bin versucht, heimlich zu konvertieren ...;;Los peregrinos §Y[budaism.GetName]§! que acuden en masa al lugar sagrado en §Y[Root.Location.GetName]§! me impresionan con la profundidad y la pasión de su fe. Me tienta convertirme en secreto...;;;;;;;;;x

secret_religious_society_raelian;[GetReligiousCommunityName_raelian];[GetReligiousCommunityName_raelian];[GetReligiousCommunityName_raelian];;[GetReligiousCommunityName_raelian];;;;;;;;;x
secret_religious_society_raelian_desc;[GetReligiousSocietyDesc_raelian];[GetReligiousSocietyDesc_raelian];[GetReligiousSocietyDesc_raelian];;[GetReligiousSocietyDesc_raelian];;;;;;;;;x
secret_religious_society_raelian_currency;Devotion;Dévotion;Hingabe;;Devoción;;;;;;;;;x
secret_religious_society_raelian_leader_desc;[GetSocietyLeaderDesc];[GetSocietyLeaderDesc];[GetSocietyLeaderDesc];;[GetSocietyLeaderDesc];;;;;;;;;x
alt_start_community_name_raelian;The [raelian.GetName] Faithful;Fidèles [raelian.GetName]s;Die [raelian.GetName]en Gläubigen;;Creyentes [raelian.GetName]s;;;;;;;;;x
secretly_convert_to_raelian_holy_site;Secretly Convert to [raelian.GetName];Adopter en secret la foi [raelian.GetName];Heimlich zum [raelian.GetName] Glauben konvertieren;;Convertirse en secreto a la religión [raelian.GetName];;;;;;;;;x
secretly_convert_to_raelian_holy_site_desc;The §Y[raelian.GetName]§! pilgrims that flock to the holy site in §Y[Root.Location.GetName]§! impress me with the depth and passion of their faith. I am tempted to convert in secrecy...;Les pèlerins §Y[raelian.GetName]§! qui affluent vers le site saint en §Y[Root.Location.GetName]§! m'impressionnent avec la profondeur et la passion de leur foi. Je suis tenté[Root.Get_E] de me convertir en secret...;Die §Y[raelian.GetName]istischen§! Pilger in §Y[Root.Location.GetName]§! beeindrucken mich durch die Tiefe und die Leidenschaft ihres Glaubens. Ich bin versucht, heimlich zu konvertieren ...;;Los peregrinos §Y[raelian.GetName]§! que acuden en masa al lugar sagrado en §Y[Root.Location.GetName]§! me impresionan con la profundidad y la pasión de su fe. Me tienta convertirme en secreto...;;;;;;;;;x

secret_religious_society_leninist;[GetReligiousCommunityName_leninist];[GetReligiousCommunityName_leninist];[GetReligiousCommunityName_leninist];;[GetReligiousCommunityName_leninist];;;;;;;;;x
secret_religious_society_leninist_desc;[GetReligiousSocietyDesc_leninist];[GetReligiousSocietyDesc_leninist];[GetReligiousSocietyDesc_leninist];;[GetReligiousSocietyDesc_leninist];;;;;;;;;x
secret_religious_society_leninist_currency;Devotion;Dévotion;Hingabe;;Devoción;;;;;;;;;x
secret_religious_society_leninist_leader_desc;[GetSocietyLeaderDesc];[GetSocietyLeaderDesc];[GetSocietyLeaderDesc];;[GetSocietyLeaderDesc];;;;;;;;;x
alt_start_community_name_leninist;The [leninist.GetName] Faithful;Fidèles [leninist.GetName]s;Die [leninist.GetName]en Gläubigen;;Creyentes [leninist.GetName]s;;;;;;;;;x
secretly_convert_to_leninist_holy_site;Secretly Convert to [leninist.GetName];Adopter en secret la foi [leninist.GetName];Heimlich zum [leninist.GetName] Glauben konvertieren;;Convertirse en secreto a la religión [leninist.GetName];;;;;;;;;x
secretly_convert_to_leninist_holy_site_desc;The §Y[leninist.GetName]§! pilgrims that flock to the holy site in §Y[Root.Location.GetName]§! impress me with the depth and passion of their faith. I am tempted to convert in secrecy...;Les pèlerins §Y[leninist.GetName]§! qui affluent vers le site saint en §Y[Root.Location.GetName]§! m'impressionnent avec la profondeur et la passion de leur foi. Je suis tenté[Root.Get_E] de me convertir en secret...;Die §Y[leninist.GetName]istischen§! Pilger in §Y[Root.Location.GetName]§! beeindrucken mich durch die Tiefe und die Leidenschaft ihres Glaubens. Ich bin versucht, heimlich zu konvertieren ...;;Los peregrinos §Y[leninist.GetName]§! que acuden en masa al lugar sagrado en §Y[Root.Location.GetName]§! me impresionan con la profundidad y la pasión de su fe. Me tienta convertirme en secreto...;;;;;;;;;x

secret_religious_society_osvicenism;[GetReligiousCommunityName_osvicenism];[GetReligiousCommunityName_osvicenism];[GetReligiousCommunityName_osvicenism];;[GetReligiousCommunityName_osvicenism];;;;;;;;;x
secret_religious_society_osvicenism_desc;[GetReligiousSocietyDesc_osvicenism];[GetReligiousSocietyDesc_osvicenism];[GetReligiousSocietyDesc_osvicenism];;[GetReligiousSocietyDesc_osvicenism];;;;;;;;;x
secret_religious_society_osvicenism_currency;Devotion;Dévotion;Hingabe;;Devoción;;;;;;;;;x
secret_religious_society_osvicenism_leader_desc;[GetSocietyLeaderDesc];[GetSocietyLeaderDesc];[GetSocietyLeaderDesc];;[GetSocietyLeaderDesc];;;;;;;;;x
alt_start_community_name_osvicenism;The [osvicenism.GetName] Faithful;Fidèles [osvicenism.GetName]s;Die [osvicenism.GetName]en Gläubigen;;Creyentes [osvicenism.GetName]s;;;;;;;;;x
secretly_convert_to_osvicenism_holy_site;Secretly Convert to [osvicenism.GetName];Adopter en secret la foi [osvicenism.GetName];Heimlich zum [osvicenism.GetName] Glauben konvertieren;;Convertirse en secreto a la religión [osvicenism.GetName];;;;;;;;;x
secretly_convert_to_osvicenism_holy_site_desc;The §Y[osvicenism.GetName]§! pilgrims that flock to the holy site in §Y[Root.Location.GetName]§! impress me with the depth and passion of their faith. I am tempted to convert in secrecy...;Les pèlerins §Y[osvicenism.GetName]§! qui affluent vers le site saint en §Y[Root.Location.GetName]§! m'impressionnent avec la profondeur et la passion de leur foi. Je suis tenté[Root.Get_E] de me convertir en secret...;Die §Y[osvicenism.GetName]istischen§! Pilger in §Y[Root.Location.GetName]§! beeindrucken mich durch die Tiefe und die Leidenschaft ihres Glaubens. Ich bin versucht, heimlich zu konvertieren ...;;Los peregrinos §Y[osvicenism.GetName]§! que acuden en masa al lugar sagrado en §Y[Root.Location.GetName]§! me impresionan con la profundidad y la pasión de su fe. Me tienta convertirme en secreto...;;;;;;;;;x

secret_religious_society_insular;[GetReligiousCommunityName_insular];[GetReligiousCommunityName_insular];[GetReligiousCommunityName_insular];;[GetReligiousCommunityName_insular];;;;;;;;;x
secret_religious_society_insular_desc;[GetReligiousSocietyDesc_insular];[GetReligiousSocietyDesc_insular];[GetReligiousSocietyDesc_insular];;[GetReligiousSocietyDesc_insular];;;;;;;;;x
secret_religious_society_insular_currency;Devotion;Dévotion;Hingabe;;Devoción;;;;;;;;;x
secret_religious_society_insular_leader_desc;[GetSocietyLeaderDesc];[GetSocietyLeaderDesc];[GetSocietyLeaderDesc];;[GetSocietyLeaderDesc];;;;;;;;;x
alt_start_community_name_insular;The [insular.GetName] Faithful;Fidèles [insular.GetName]s;Die [insular.GetName]en Gläubigen;;Creyentes [insular.GetName]s;;;;;;;;;x
secretly_convert_to_insular_holy_site;Secretly Convert to [insular.GetName];Adopter en secret la foi [insular.GetName];Heimlich zum [insular.GetName] Glauben konvertieren;;Convertirse en secreto a la religión [insular.GetName];;;;;;;;;x
secretly_convert_to_insular_holy_site_desc;The §Y[insular.GetName]§! pilgrims that flock to the holy site in §Y[Root.Location.GetName]§! impress me with the depth and passion of their faith. I am tempted to convert in secrecy...;Les pèlerins §Y[insular.GetName]§! qui affluent vers le site saint en §Y[Root.Location.GetName]§! m'impressionnent avec la profondeur et la passion de leur foi. Je suis tenté[Root.Get_E] de me convertir en secret...;Die §Y[insular.GetName]istischen§! Pilger in §Y[Root.Location.GetName]§! beeindrucken mich durch die Tiefe und die Leidenschaft ihres Glaubens. Ich bin versucht, heimlich zu konvertieren ...;;Los peregrinos §Y[insular.GetName]§! que acuden en masa al lugar sagrado en §Y[Root.Location.GetName]§! me impresionan con la profundidad y la pasión de su fe. Me tienta convertirme en secreto...;;;;;;;;;x

secret_religious_society_community_of_christ;[GetReligiousCommunityName_community_of_christ];[GetReligiousCommunityName_community_of_christ];[GetReligiousCommunityName_community_of_christ];;[GetReligiousCommunityName_community_of_christ];;;;;;;;;x
secret_religious_society_community_of_christ_desc;[GetReligiousSocietyDesc_community_of_christ];[GetReligiousSocietyDesc_community_of_christ];[GetReligiousSocietyDesc_community_of_christ];;[GetReligiousSocietyDesc_community_of_christ];;;;;;;;;x
secret_religious_society_community_of_christ_currency;Devotion;Dévotion;Hingabe;;Devoción;;;;;;;;;x
secret_religious_society_community_of_christ_leader_desc;[GetSocietyLeaderDesc];[GetSocietyLeaderDesc];[GetSocietyLeaderDesc];;[GetSocietyLeaderDesc];;;;;;;;;x
alt_start_community_name_community_of_christ;The [community_of_christ.GetName] Faithful;Fidèles [community_of_christ.GetName]s;Die [community_of_christ.GetName]en Gläubigen;;Creyentes [community_of_christ.GetName]s;;;;;;;;;x
secretly_convert_to_community_of_christ_holy_site;Secretly Convert to [community_of_christ.GetName];Adopter en secret la foi [community_of_christ.GetName];Heimlich zum [community_of_christ.GetName] Glauben konvertieren;;Convertirse en secreto a la religión [community_of_christ.GetName];;;;;;;;;x
secretly_convert_to_community_of_christ_holy_site_desc;The §Y[community_of_christ.GetName]§! pilgrims that flock to the holy site in §Y[Root.Location.GetName]§! impress me with the depth and passion of their faith. I am tempted to convert in secrecy...;Les pèlerins §Y[community_of_christ.GetName]§! qui affluent vers le site saint en §Y[Root.Location.GetName]§! m'impressionnent avec la profondeur et la passion de leur foi. Je suis tenté[Root.Get_E] de me convertir en secret...;Die §Y[community_of_christ.GetName]istischen§! Pilger in §Y[Root.Location.GetName]§! beeindrucken mich durch die Tiefe und die Leidenschaft ihres Glaubens. Ich bin versucht, heimlich zu konvertieren ...;;Los peregrinos §Y[community_of_christ.GetName]§! que acuden en masa al lugar sagrado en §Y[Root.Location.GetName]§! me impresionan con la profundidad y la pasión de su fe. Me tienta convertirme en secreto...;;;;;;;;;x

secret_religious_society_easternprotestant;[GetReligiousCommunityName_easternprotestant];[GetReligiousCommunityName_easternprotestant];[GetReligiousCommunityName_easternprotestant];;[GetReligiousCommunityName_easternprotestant];;;;;;;;;x
secret_religious_society_easternprotestant_desc;[GetReligiousSocietyDesc_easternprotestant];[GetReligiousSocietyDesc_easternprotestant];[GetReligiousSocietyDesc_easternprotestant];;[GetReligiousSocietyDesc_easternprotestant];;;;;;;;;x
secret_religious_society_easternprotestant_currency;Devotion;Dévotion;Hingabe;;Devoción;;;;;;;;;x
secret_religious_society_easternprotestant_leader_desc;[GetSocietyLeaderDesc];[GetSocietyLeaderDesc];[GetSocietyLeaderDesc];;[GetSocietyLeaderDesc];;;;;;;;;x
alt_start_community_name_easternprotestant;The [easternprotestant.GetName] Faithful;Fidèles [easternprotestant.GetName]s;Die [easternprotestant.GetName]en Gläubigen;;Creyentes [easternprotestant.GetName]s;;;;;;;;;x
secretly_convert_to_easternprotestant_holy_site;Secretly Convert to [easternprotestant.GetName];Adopter en secret la foi [easternprotestant.GetName];Heimlich zum [easternprotestant.GetName] Glauben konvertieren;;Convertirse en secreto a la religión [easternprotestant.GetName];;;;;;;;;x
secretly_convert_to_easternprotestant_holy_site_desc;The §Y[easternprotestant.GetName]§! pilgrims that flock to the holy site in §Y[Root.Location.GetName]§! impress me with the depth and passion of their faith. I am tempted to convert in secrecy...;Les pèlerins §Y[easternprotestant.GetName]§! qui affluent vers le site saint en §Y[Root.Location.GetName]§! m'impressionnent avec la profondeur et la passion de leur foi. Je suis tenté[Root.Get_E] de me convertir en secret...;Die §Y[easternprotestant.GetName]istischen§! Pilger in §Y[Root.Location.GetName]§! beeindrucken mich durch die Tiefe und die Leidenschaft ihres Glaubens. Ich bin versucht, heimlich zu konvertieren ...;;Los peregrinos §Y[easternprotestant.GetName]§! que acuden en masa al lugar sagrado en §Y[Root.Location.GetName]§! me impresionan con la profundidad y la pasión de su fe. Me tienta convertirme en secreto...;;;;;;;;;x

secret_religious_society_theravada;[GetReligiousCommunityName_theravada];[GetReligiousCommunityName_theravada];[GetReligiousCommunityName_theravada];;[GetReligiousCommunityName_theravada];;;;;;;;;x
secret_religious_society_theravada_desc;[GetReligiousSocietyDesc_theravada];[GetReligiousSocietyDesc_theravada];[GetReligiousSocietyDesc_theravada];;[GetReligiousSocietyDesc_theravada];;;;;;;;;x
secret_religious_society_theravada_currency;Devotion;Dévotion;Hingabe;;Devoción;;;;;;;;;x
secret_religious_society_theravada_leader_desc;[GetSocietyLeaderDesc];[GetSocietyLeaderDesc];[GetSocietyLeaderDesc];;[GetSocietyLeaderDesc];;;;;;;;;x
alt_start_community_name_theravada;The [theravada.GetName] Faithful;Fidèles [theravada.GetName]s;Die [theravada.GetName]en Gläubigen;;Creyentes [theravada.GetName]s;;;;;;;;;x
secretly_convert_to_theravada_holy_site;Secretly Convert to [theravada.GetName];Adopter en secret la foi [theravada.GetName];Heimlich zum [theravada.GetName] Glauben konvertieren;;Convertirse en secreto a la religión [theravada.GetName];;;;;;;;;x
secretly_convert_to_theravada_holy_site_desc;The §Y[theravada.GetName]§! pilgrims that flock to the holy site in §Y[Root.Location.GetName]§! impress me with the depth and passion of their faith. I am tempted to convert in secrecy...;Les pèlerins §Y[theravada.GetName]§! qui affluent vers le site saint en §Y[Root.Location.GetName]§! m'impressionnent avec la profondeur et la passion de leur foi. Je suis tenté[Root.Get_E] de me convertir en secret...;Die §Y[theravada.GetName]istischen§! Pilger in §Y[Root.Location.GetName]§! beeindrucken mich durch die Tiefe und die Leidenschaft ihres Glaubens. Ich bin versucht, heimlich zu konvertieren ...;;Los peregrinos §Y[theravada.GetName]§! que acuden en masa al lugar sagrado en §Y[Root.Location.GetName]§! me impresionan con la profundidad y la pasión de su fe. Me tienta convertirme en secreto...;;;;;;;;;x

secret_religious_society_thaislam;[GetReligiousCommunityName_thaislam];[GetReligiousCommunityName_thaislam];[GetReligiousCommunityName_thaislam];;[GetReligiousCommunityName_thaislam];;;;;;;;;x
secret_religious_society_thaislam_desc;[GetReligiousSocietyDesc_thaislam];[GetReligiousSocietyDesc_thaislam];[GetReligiousSocietyDesc_thaislam];;[GetReligiousSocietyDesc_thaislam];;;;;;;;;x
secret_religious_society_thaislam_currency;Devotion;Dévotion;Hingabe;;Devoción;;;;;;;;;x
secret_religious_society_thaislam_leader_desc;[GetSocietyLeaderDesc];[GetSocietyLeaderDesc];[GetSocietyLeaderDesc];;[GetSocietyLeaderDesc];;;;;;;;;x
alt_start_community_name_thaislam;The [thaislam.GetName] Faithful;Fidèles [thaislam.GetName]s;Die [thaislam.GetName]en Gläubigen;;Creyentes [thaislam.GetName]s;;;;;;;;;x
secretly_convert_to_thaislam_holy_site;Secretly Convert to [thaislam.GetName];Adopter en secret la foi [thaislam.GetName];Heimlich zum [thaislam.GetName] Glauben konvertieren;;Convertirse en secreto a la religión [thaislam.GetName];;;;;;;;;x
secretly_convert_to_thaislam_holy_site_desc;The §Y[thaislam.GetName]§! pilgrims that flock to the holy site in §Y[Root.Location.GetName]§! impress me with the depth and passion of their faith. I am tempted to convert in secrecy...;Les pèlerins §Y[thaislam.GetName]§! qui affluent vers le site saint en §Y[Root.Location.GetName]§! m'impressionnent avec la profondeur et la passion de leur foi. Je suis tenté[Root.Get_E] de me convertir en secret...;Die §Y[thaislam.GetName]istischen§! Pilger in §Y[Root.Location.GetName]§! beeindrucken mich durch die Tiefe und die Leidenschaft ihres Glaubens. Ich bin versucht, heimlich zu konvertieren ...;;Los peregrinos §Y[thaislam.GetName]§! que acuden en masa al lugar sagrado en §Y[Root.Location.GetName]§! me impresionan con la profundidad y la pasión de su fe. Me tienta convertirme en secreto...;;;;;;;;;x

secret_religious_society_gelugpa;[GetReligiousCommunityName_gelugpa];[GetReligiousCommunityName_gelugpa];[GetReligiousCommunityName_gelugpa];;[GetReligiousCommunityName_gelugpa];;;;;;;;;x
secret_religious_society_gelugpa_desc;[GetReligiousSocietyDesc_gelugpa];[GetReligiousSocietyDesc_gelugpa];[GetReligiousSocietyDesc_gelugpa];;[GetReligiousSocietyDesc_gelugpa];;;;;;;;;x
secret_religious_society_gelugpa_currency;Devotion;Dévotion;Hingabe;;Devoción;;;;;;;;;x
secret_religious_society_gelugpa_leader_desc;[GetSocietyLeaderDesc];[GetSocietyLeaderDesc];[GetSocietyLeaderDesc];;[GetSocietyLeaderDesc];;;;;;;;;x
alt_start_community_name_gelugpa;The [gelugpa.GetName] Faithful;Fidèles [gelugpa.GetName]s;Die [gelugpa.GetName]en Gläubigen;;Creyentes [gelugpa.GetName]s;;;;;;;;;x
secretly_convert_to_gelugpa_holy_site;Secretly Convert to [gelugpa.GetName];Adopter en secret la foi [gelugpa.GetName];Heimlich zum [gelugpa.GetName] Glauben konvertieren;;Convertirse en secreto a la religión [gelugpa.GetName];;;;;;;;;x
secretly_convert_to_gelugpa_holy_site_desc;The §Y[gelugpa.GetName]§! pilgrims that flock to the holy site in §Y[Root.Location.GetName]§! impress me with the depth and passion of their faith. I am tempted to convert in secrecy...;Les pèlerins §Y[gelugpa.GetName]§! qui affluent vers le site saint en §Y[Root.Location.GetName]§! m'impressionnent avec la profondeur et la passion de leur foi. Je suis tenté[Root.Get_E] de me convertir en secret...;Die §Y[gelugpa.GetName]istischen§! Pilger in §Y[Root.Location.GetName]§! beeindrucken mich durch die Tiefe und die Leidenschaft ihres Glaubens. Ich bin versucht, heimlich zu konvertieren ...;;Los peregrinos §Y[gelugpa.GetName]§! que acuden en masa al lugar sagrado en §Y[Root.Location.GetName]§! me impresionan con la profundidad y la pasión de su fe. Me tienta convertirme en secreto...;;;;;;;;;x

secret_religious_society_karmapa;[GetReligiousCommunityName_karmapa];[GetReligiousCommunityName_karmapa];[GetReligiousCommunityName_karmapa];;[GetReligiousCommunityName_karmapa];;;;;;;;;x
secret_religious_society_karmapa_desc;[GetReligiousSocietyDesc_karmapa];[GetReligiousSocietyDesc_karmapa];[GetReligiousSocietyDesc_karmapa];;[GetReligiousSocietyDesc_karmapa];;;;;;;;;x
secret_religious_society_karmapa_currency;Devotion;Dévotion;Hingabe;;Devoción;;;;;;;;;x
secret_religious_society_karmapa_leader_desc;[GetSocietyLeaderDesc];[GetSocietyLeaderDesc];[GetSocietyLeaderDesc];;[GetSocietyLeaderDesc];;;;;;;;;x
alt_start_community_name_karmapa;The [karmapa.GetName] Faithful;Fidèles [karmapa.GetName]s;Die [karmapa.GetName]en Gläubigen;;Creyentes [karmapa.GetName]s;;;;;;;;;x
secretly_convert_to_karmapa_holy_site;Secretly Convert to [karmapa.GetName];Adopter en secret la foi [karmapa.GetName];Heimlich zum [karmapa.GetName] Glauben konvertieren;;Convertirse en secreto a la religión [karmapa.GetName];;;;;;;;;x
secretly_convert_to_karmapa_holy_site_desc;The §Y[karmapa.GetName]§! pilgrims that flock to the holy site in §Y[Root.Location.GetName]§! impress me with the depth and passion of their faith. I am tempted to convert in secrecy...;Les pèlerins §Y[karmapa.GetName]§! qui affluent vers le site saint en §Y[Root.Location.GetName]§! m'impressionnent avec la profondeur et la passion de leur foi. Je suis tenté[Root.Get_E] de me convertir en secret...;Die §Y[karmapa.GetName]istischen§! Pilger in §Y[Root.Location.GetName]§! beeindrucken mich durch die Tiefe und die Leidenschaft ihres Glaubens. Ich bin versucht, heimlich zu konvertieren ...;;Los peregrinos §Y[karmapa.GetName]§! que acuden en masa al lugar sagrado en §Y[Root.Location.GetName]§! me impresionan con la profundidad y la pasión de su fe. Me tienta convertirme en secreto...;;;;;;;;;x

secret_religious_society_amidism;[GetReligiousCommunityName_amidism];[GetReligiousCommunityName_amidism];[GetReligiousCommunityName_amidism];;[GetReligiousCommunityName_amidism];;;;;;;;;x
secret_religious_society_amidism_desc;[GetReligiousSocietyDesc_amidism];[GetReligiousSocietyDesc_amidism];[GetReligiousSocietyDesc_amidism];;[GetReligiousSocietyDesc_amidism];;;;;;;;;x
secret_religious_society_amidism_currency;Devotion;Dévotion;Hingabe;;Devoción;;;;;;;;;x
secret_religious_society_amidism_leader_desc;[GetSocietyLeaderDesc];[GetSocietyLeaderDesc];[GetSocietyLeaderDesc];;[GetSocietyLeaderDesc];;;;;;;;;x
alt_start_community_name_amidism;The [amidism.GetName] Faithful;Fidèles [amidism.GetName]s;Die [amidism.GetName]en Gläubigen;;Creyentes [amidism.GetName]s;;;;;;;;;x
secretly_convert_to_amidism_holy_site;Secretly Convert to [amidism.GetName];Adopter en secret la foi [amidism.GetName];Heimlich zum [amidism.GetName] Glauben konvertieren;;Convertirse en secreto a la religión [amidism.GetName];;;;;;;;;x
secretly_convert_to_amidism_holy_site_desc;The §Y[amidism.GetName]§! pilgrims that flock to the holy site in §Y[Root.Location.GetName]§! impress me with the depth and passion of their faith. I am tempted to convert in secrecy...;Les pèlerins §Y[amidism.GetName]§! qui affluent vers le site saint en §Y[Root.Location.GetName]§! m'impressionnent avec la profondeur et la passion de leur foi. Je suis tenté[Root.Get_E] de me convertir en secret...;Die §Y[amidism.GetName]istischen§! Pilger in §Y[Root.Location.GetName]§! beeindrucken mich durch die Tiefe und die Leidenschaft ihres Glaubens. Ich bin versucht, heimlich zu konvertieren ...;;Los peregrinos §Y[amidism.GetName]§! que acuden en masa al lugar sagrado en §Y[Root.Location.GetName]§! me impresionan con la profundidad y la pasión de su fe. Me tienta convertirme en secreto...;;;;;;;;;x

secret_religious_society_mahayana;[GetReligiousCommunityName_mahayana];[GetReligiousCommunityName_mahayana];[GetReligiousCommunityName_mahayana];;[GetReligiousCommunityName_mahayana];;;;;;;;;x
secret_religious_society_mahayana_desc;[GetReligiousSocietyDesc_mahayana];[GetReligiousSocietyDesc_mahayana];[GetReligiousSocietyDesc_mahayana];;[GetReligiousSocietyDesc_mahayana];;;;;;;;;x
secret_religious_society_mahayana_currency;Devotion;Dévotion;Hingabe;;Devoción;;;;;;;;;x
secret_religious_society_mahayana_leader_desc;[GetSocietyLeaderDesc];[GetSocietyLeaderDesc];[GetSocietyLeaderDesc];;[GetSocietyLeaderDesc];;;;;;;;;x
alt_start_community_name_mahayana;The [mahayana.GetName] Faithful;Fidèles [mahayana.GetName]s;Die [mahayana.GetName]en Gläubigen;;Creyentes [mahayana.GetName]s;;;;;;;;;x
secretly_convert_to_mahayana_holy_site;Secretly Convert to [mahayana.GetName];Adopter en secret la foi [mahayana.GetName];Heimlich zum [mahayana.GetName] Glauben konvertieren;;Convertirse en secreto a la religión [mahayana.GetName];;;;;;;;;x
secretly_convert_to_mahayana_holy_site_desc;The §Y[mahayana.GetName]§! pilgrims that flock to the holy site in §Y[Root.Location.GetName]§! impress me with the depth and passion of their faith. I am tempted to convert in secrecy...;Les pèlerins §Y[mahayana.GetName]§! qui affluent vers le site saint en §Y[Root.Location.GetName]§! m'impressionnent avec la profondeur et la passion de leur foi. Je suis tenté[Root.Get_E] de me convertir en secret...;Die §Y[mahayana.GetName]istischen§! Pilger in §Y[Root.Location.GetName]§! beeindrucken mich durch die Tiefe und die Leidenschaft ihres Glaubens. Ich bin versucht, heimlich zu konvertieren ...;;Los peregrinos §Y[mahayana.GetName]§! que acuden en masa al lugar sagrado en §Y[Root.Location.GetName]§! me impresionan con la profundidad y la pasión de su fe. Me tienta convertirme en secreto...;;;;;;;;;x

secret_religious_society_taoist;[GetReligiousCommunityName_taoist];[GetReligiousCommunityName_taoist];[GetReligiousCommunityName_taoist];;[GetReligiousCommunityName_taoist];;;;;;;;;x
secret_religious_society_taoist_desc;[GetReligiousSocietyDesc_taoist];[GetReligiousSocietyDesc_taoist];[GetReligiousSocietyDesc_taoist];;[GetReligiousSocietyDesc_taoist];;;;;;;;;x
secret_religious_society_taoist_currency;Devotion;Dévotion;Hingabe;;Devoción;;;;;;;;;x
secret_religious_society_taoist_leader_desc;[GetSocietyLeaderDesc];[GetSocietyLeaderDesc];[GetSocietyLeaderDesc];;[GetSocietyLeaderDesc];;;;;;;;;x
alt_start_community_name_taoist;The [taoist.GetName] Faithful;Fidèles [taoist.GetName]s;Die [taoist.GetName]en Gläubigen;;Creyentes [taoist.GetName]s;;;;;;;;;x
secretly_convert_to_taoist_holy_site;Secretly Convert to [taoist.GetName];Adopter en secret la foi [taoist.GetName];Heimlich zum [taoist.GetName] Glauben konvertieren;;Convertirse en secreto a la religión [taoist.GetName];;;;;;;;;x
secretly_convert_to_taoist_holy_site_desc;The §Y[taoist.GetName]§! pilgrims that flock to the holy site in §Y[Root.Location.GetName]§! impress me with the depth and passion of their faith. I am tempted to convert in secrecy...;Les pèlerins §Y[taoist.GetName]§! qui affluent vers le site saint en §Y[Root.Location.GetName]§! m'impressionnent avec la profondeur et la passion de leur foi. Je suis tenté[Root.Get_E] de me convertir en secret...;Die §Y[taoist.GetName]istischen§! Pilger in §Y[Root.Location.GetName]§! beeindrucken mich durch die Tiefe und die Leidenschaft ihres Glaubens. Ich bin versucht, heimlich zu konvertieren ...;;Los peregrinos §Y[taoist.GetName]§! que acuden en masa al lugar sagrado en §Y[Root.Location.GetName]§! me impresionan con la profundidad y la pasión de su fe. Me tienta convertirme en secreto...;;;;;;;;;x

secret_religious_society_wuxia;[GetReligiousCommunityName_wuxia];[GetReligiousCommunityName_wuxia];[GetReligiousCommunityName_wuxia];;[GetReligiousCommunityName_wuxia];;;;;;;;;x
secret_religious_society_wuxia_desc;[GetReligiousSocietyDesc_wuxia];[GetReligiousSocietyDesc_wuxia];[GetReligiousSocietyDesc_wuxia];;[GetReligiousSocietyDesc_wuxia];;;;;;;;;x
secret_religious_society_wuxia_currency;Devotion;Dévotion;Hingabe;;Devoción;;;;;;;;;x
secret_religious_society_wuxia_leader_desc;[GetSocietyLeaderDesc];[GetSocietyLeaderDesc];[GetSocietyLeaderDesc];;[GetSocietyLeaderDesc];;;;;;;;;x
alt_start_community_name_wuxia;The [wuxia.GetName] Faithful;Fidèles [wuxia.GetName]s;Die [wuxia.GetName]en Gläubigen;;Creyentes [wuxia.GetName]s;;;;;;;;;x
secretly_convert_to_wuxia_holy_site;Secretly Convert to [wuxia.GetName];Adopter en secret la foi [wuxia.GetName];Heimlich zum [wuxia.GetName] Glauben konvertieren;;Convertirse en secreto a la religión [wuxia.GetName];;;;;;;;;x
secretly_convert_to_wuxia_holy_site_desc;The §Y[wuxia.GetName]§! pilgrims that flock to the holy site in §Y[Root.Location.GetName]§! impress me with the depth and passion of their faith. I am tempted to convert in secrecy...;Les pèlerins §Y[wuxia.GetName]§! qui affluent vers le site saint en §Y[Root.Location.GetName]§! m'impressionnent avec la profondeur et la passion de leur foi. Je suis tenté[Root.Get_E] de me convertir en secret...;Die §Y[wuxia.GetName]istischen§! Pilger in §Y[Root.Location.GetName]§! beeindrucken mich durch die Tiefe und die Leidenschaft ihres Glaubens. Ich bin versucht, heimlich zu konvertieren ...;;Los peregrinos §Y[wuxia.GetName]§! que acuden en masa al lugar sagrado en §Y[Root.Location.GetName]§! me impresionan con la profundidad y la pasión de su fe. Me tienta convertirme en secreto...;;;;;;;;;x

secret_religious_society_xianxia;[GetReligiousCommunityName_xianxia];[GetReligiousCommunityName_xianxia];[GetReligiousCommunityName_xianxia];;[GetReligiousCommunityName_xianxia];;;;;;;;;x
secret_religious_society_xianxia_desc;[GetReligiousSocietyDesc_xianxia];[GetReligiousSocietyDesc_xianxia];[GetReligiousSocietyDesc_xianxia];;[GetReligiousSocietyDesc_xianxia];;;;;;;;;x
secret_religious_society_xianxia_currency;Devotion;Dévotion;Hingabe;;Devoción;;;;;;;;;x
secret_religious_society_xianxia_leader_desc;[GetSocietyLeaderDesc];[GetSocietyLeaderDesc];[GetSocietyLeaderDesc];;[GetSocietyLeaderDesc];;;;;;;;;x
alt_start_community_name_xianxia;The [xianxia.GetName] Faithful;Fidèles [xianxia.GetName]s;Die [xianxia.GetName]en Gläubigen;;Creyentes [xianxia.GetName]s;;;;;;;;;x
secretly_convert_to_xianxia_holy_site;Secretly Convert to [xianxia.GetName];Adopter en secret la foi [xianxia.GetName];Heimlich zum [xianxia.GetName] Glauben konvertieren;;Convertirse en secreto a la religión [xianxia.GetName];;;;;;;;;x
secretly_convert_to_xianxia_holy_site_desc;The §Y[xianxia.GetName]§! pilgrims that flock to the holy site in §Y[Root.Location.GetName]§! impress me with the depth and passion of their faith. I am tempted to convert in secrecy...;Les pèlerins §Y[xianxia.GetName]§! qui affluent vers le site saint en §Y[Root.Location.GetName]§! m'impressionnent avec la profondeur et la passion de leur foi. Je suis tenté[Root.Get_E] de me convertir en secret...;Die §Y[xianxia.GetName]istischen§! Pilger in §Y[Root.Location.GetName]§! beeindrucken mich durch die Tiefe und die Leidenschaft ihres Glaubens. Ich bin versucht, heimlich zu konvertieren ...;;Los peregrinos §Y[xianxia.GetName]§! que acuden en masa al lugar sagrado en §Y[Root.Location.GetName]§! me impresionan con la profundidad y la pasión de su fe. Me tienta convertirme en secreto...;;;;;;;;;x

secret_religious_society_legalist;[GetReligiousCommunityName_legalist];[GetReligiousCommunityName_legalist];[GetReligiousCommunityName_legalist];;[GetReligiousCommunityName_legalist];;;;;;;;;x
secret_religious_society_legalist_desc;[GetReligiousSocietyDesc_legalist];[GetReligiousSocietyDesc_legalist];[GetReligiousSocietyDesc_legalist];;[GetReligiousSocietyDesc_legalist];;;;;;;;;x
secret_religious_society_legalist_currency;Devotion;Dévotion;Hingabe;;Devoción;;;;;;;;;x
secret_religious_society_legalist_leader_desc;[GetSocietyLeaderDesc];[GetSocietyLeaderDesc];[GetSocietyLeaderDesc];;[GetSocietyLeaderDesc];;;;;;;;;x
alt_start_community_name_legalist;The [legalist.GetName] Faithful;Fidèles [legalist.GetName]s;Die [legalist.GetName]en Gläubigen;;Creyentes [legalist.GetName]s;;;;;;;;;x
secretly_convert_to_legalist_holy_site;Secretly Convert to [legalist.GetName];Adopter en secret la foi [legalist.GetName];Heimlich zum [legalist.GetName] Glauben konvertieren;;Convertirse en secreto a la religión [legalist.GetName];;;;;;;;;x
secretly_convert_to_legalist_holy_site_desc;The §Y[legalist.GetName]§! pilgrims that flock to the holy site in §Y[Root.Location.GetName]§! impress me with the depth and passion of their faith. I am tempted to convert in secrecy...;Les pèlerins §Y[legalist.GetName]§! qui affluent vers le site saint en §Y[Root.Location.GetName]§! m'impressionnent avec la profondeur et la passion de leur foi. Je suis tenté[Root.Get_E] de me convertir en secret...;Die §Y[legalist.GetName]istischen§! Pilger in §Y[Root.Location.GetName]§! beeindrucken mich durch die Tiefe und die Leidenschaft ihres Glaubens. Ich bin versucht, heimlich zu konvertieren ...;;Los peregrinos §Y[legalist.GetName]§! que acuden en masa al lugar sagrado en §Y[Root.Location.GetName]§! me impresionan con la profundidad y la pasión de su fe. Me tienta convertirme en secreto...;;;;;;;;;x

secret_religious_society_katoliko;[GetReligiousCommunityName_katoliko];[GetReligiousCommunityName_katoliko];[GetReligiousCommunityName_katoliko];;[GetReligiousCommunityName_katoliko];;;;;;;;;x
secret_religious_society_katoliko_desc;[GetReligiousSocietyDesc_katoliko];[GetReligiousSocietyDesc_katoliko];[GetReligiousSocietyDesc_katoliko];;[GetReligiousSocietyDesc_katoliko];;;;;;;;;x
secret_religious_society_katoliko_currency;Devotion;Dévotion;Hingabe;;Devoción;;;;;;;;;x
secret_religious_society_katoliko_leader_desc;[GetSocietyLeaderDesc];[GetSocietyLeaderDesc];[GetSocietyLeaderDesc];;[GetSocietyLeaderDesc];;;;;;;;;x
alt_start_community_name_katoliko;The [katoliko.GetName] Faithful;Fidèles [katoliko.GetName]s;Die [katoliko.GetName]en Gläubigen;;Creyentes [katoliko.GetName]s;;;;;;;;;x
secretly_convert_to_katoliko_holy_site;Secretly Convert to [katoliko.GetName];Adopter en secret la foi [katoliko.GetName];Heimlich zum [katoliko.GetName] Glauben konvertieren;;Convertirse en secreto a la religión [katoliko.GetName];;;;;;;;;x
secretly_convert_to_katoliko_holy_site_desc;The §Y[katoliko.GetName]§! pilgrims that flock to the holy site in §Y[Root.Location.GetName]§! impress me with the depth and passion of their faith. I am tempted to convert in secrecy...;Les pèlerins §Y[katoliko.GetName]§! qui affluent vers le site saint en §Y[Root.Location.GetName]§! m'impressionnent avec la profondeur et la passion de leur foi. Je suis tenté[Root.Get_E] de me convertir en secret...;Die §Y[katoliko.GetName]istischen§! Pilger in §Y[Root.Location.GetName]§! beeindrucken mich durch die Tiefe und die Leidenschaft ihres Glaubens. Ich bin versucht, heimlich zu konvertieren ...;;Los peregrinos §Y[katoliko.GetName]§! que acuden en masa al lugar sagrado en §Y[Root.Location.GetName]§! me impresionan con la profundidad y la pasión de su fe. Me tienta convertirme en secreto...;;;;;;;;;x

secret_religious_society_citrus_scientology;[GetReligiousCommunityName_citrus_scientology];[GetReligiousCommunityName_citrus_scientology];[GetReligiousCommunityName_citrus_scientology];;[GetReligiousCommunityName_citrus_scientology];;;;;;;;;x
secret_religious_society_citrus_scientology_desc;[GetReligiousSocietyDesc_citrus_scientology];[GetReligiousSocietyDesc_citrus_scientology];[GetReligiousSocietyDesc_citrus_scientology];;[GetReligiousSocietyDesc_citrus_scientology];;;;;;;;;x
secret_religious_society_citrus_scientology_currency;Devotion;Dévotion;Hingabe;;Devoción;;;;;;;;;x
secret_religious_society_citrus_scientology_leader_desc;[GetSocietyLeaderDesc];[GetSocietyLeaderDesc];[GetSocietyLeaderDesc];;[GetSocietyLeaderDesc];;;;;;;;;x
alt_start_community_name_citrus_scientology;The [citrus_scientology.GetName] Faithful;Fidèles [citrus_scientology.GetName]s;Die [citrus_scientology.GetName]en Gläubigen;;Creyentes [citrus_scientology.GetName]s;;;;;;;;;x
secretly_convert_to_citrus_scientology_holy_site;Secretly Convert to [citrus_scientology.GetName];Adopter en secret la foi [citrus_scientology.GetName];Heimlich zum [citrus_scientology.GetName] Glauben konvertieren;;Convertirse en secreto a la religión [citrus_scientology.GetName];;;;;;;;;x
secretly_convert_to_citrus_scientology_holy_site_desc;The §Y[citrus_scientology.GetName]§! pilgrims that flock to the holy site in §Y[Root.Location.GetName]§! impress me with the depth and passion of their faith. I am tempted to convert in secrecy...;Les pèlerins §Y[citrus_scientology.GetName]§! qui affluent vers le site saint en §Y[Root.Location.GetName]§! m'impressionnent avec la profondeur et la passion de leur foi. Je suis tenté[Root.Get_E] de me convertir en secret...;Die §Y[citrus_scientology.GetName]istischen§! Pilger in §Y[Root.Location.GetName]§! beeindrucken mich durch die Tiefe und die Leidenschaft ihres Glaubens. Ich bin versucht, heimlich zu konvertieren ...;;Los peregrinos §Y[citrus_scientology.GetName]§! que acuden en masa al lugar sagrado en §Y[Root.Location.GetName]§! me impresionan con la profundidad y la pasión de su fe. Me tienta convertirme en secreto...;;;;;;;;;x

secret_religious_society_aglipayan;[GetReligiousCommunityName_aglipayan];[GetReligiousCommunityName_aglipayan];[GetReligiousCommunityName_aglipayan];;[GetReligiousCommunityName_aglipayan];;;;;;;;;x
secret_religious_society_aglipayan_desc;[GetReligiousSocietyDesc_aglipayan];[GetReligiousSocietyDesc_aglipayan];[GetReligiousSocietyDesc_aglipayan];;[GetReligiousSocietyDesc_aglipayan];;;;;;;;;x
secret_religious_society_aglipayan_currency;Devotion;Dévotion;Hingabe;;Devoción;;;;;;;;;x
secret_religious_society_aglipayan_leader_desc;[GetSocietyLeaderDesc];[GetSocietyLeaderDesc];[GetSocietyLeaderDesc];;[GetSocietyLeaderDesc];;;;;;;;;x
alt_start_community_name_aglipayan;The [aglipayan.GetName] Faithful;Fidèles [aglipayan.GetName]s;Die [aglipayan.GetName]en Gläubigen;;Creyentes [aglipayan.GetName]s;;;;;;;;;x
secretly_convert_to_aglipayan_holy_site;Secretly Convert to [aglipayan.GetName];Adopter en secret la foi [aglipayan.GetName];Heimlich zum [aglipayan.GetName] Glauben konvertieren;;Convertirse en secreto a la religión [aglipayan.GetName];;;;;;;;;x
secretly_convert_to_aglipayan_holy_site_desc;The §Y[aglipayan.GetName]§! pilgrims that flock to the holy site in §Y[Root.Location.GetName]§! impress me with the depth and passion of their faith. I am tempted to convert in secrecy...;Les pèlerins §Y[aglipayan.GetName]§! qui affluent vers le site saint en §Y[Root.Location.GetName]§! m'impressionnent avec la profondeur et la passion de leur foi. Je suis tenté[Root.Get_E] de me convertir en secret...;Die §Y[aglipayan.GetName]istischen§! Pilger in §Y[Root.Location.GetName]§! beeindrucken mich durch die Tiefe und die Leidenschaft ihres Glaubens. Ich bin versucht, heimlich zu konvertieren ...;;Los peregrinos §Y[aglipayan.GetName]§! que acuden en masa al lugar sagrado en §Y[Root.Location.GetName]§! me impresionan con la profundidad y la pasión de su fe. Me tienta convertirme en secreto...;;;;;;;;;x

secret_religious_society_el_shaddai;[GetReligiousCommunityName_el_shaddai];[GetReligiousCommunityName_el_shaddai];[GetReligiousCommunityName_el_shaddai];;[GetReligiousCommunityName_el_shaddai];;;;;;;;;x
secret_religious_society_el_shaddai_desc;[GetReligiousSocietyDesc_el_shaddai];[GetReligiousSocietyDesc_el_shaddai];[GetReligiousSocietyDesc_el_shaddai];;[GetReligiousSocietyDesc_el_shaddai];;;;;;;;;x
secret_religious_society_el_shaddai_currency;Devotion;Dévotion;Hingabe;;Devoción;;;;;;;;;x
secret_religious_society_el_shaddai_leader_desc;[GetSocietyLeaderDesc];[GetSocietyLeaderDesc];[GetSocietyLeaderDesc];;[GetSocietyLeaderDesc];;;;;;;;;x
alt_start_community_name_el_shaddai;The [el_shaddai.GetName] Faithful;Fidèles [el_shaddai.GetName]s;Die [el_shaddai.GetName]en Gläubigen;;Creyentes [el_shaddai.GetName]s;;;;;;;;;x
secretly_convert_to_el_shaddai_holy_site;Secretly Convert to [el_shaddai.GetName];Adopter en secret la foi [el_shaddai.GetName];Heimlich zum [el_shaddai.GetName] Glauben konvertieren;;Convertirse en secreto a la religión [el_shaddai.GetName];;;;;;;;;x
secretly_convert_to_el_shaddai_holy_site_desc;The §Y[el_shaddai.GetName]§! pilgrims that flock to the holy site in §Y[Root.Location.GetName]§! impress me with the depth and passion of their faith. I am tempted to convert in secrecy...;Les pèlerins §Y[el_shaddai.GetName]§! qui affluent vers le site saint en §Y[Root.Location.GetName]§! m'impressionnent avec la profondeur et la passion de leur foi. Je suis tenté[Root.Get_E] de me convertir en secret...;Die §Y[el_shaddai.GetName]istischen§! Pilger in §Y[Root.Location.GetName]§! beeindrucken mich durch die Tiefe und die Leidenschaft ihres Glaubens. Ich bin versucht, heimlich zu konvertieren ...;;Los peregrinos §Y[el_shaddai.GetName]§! que acuden en masa al lugar sagrado en §Y[Root.Location.GetName]§! me impresionan con la profundidad y la pasión de su fe. Me tienta convertirme en secreto...;;;;;;;;;x

secret_religious_society_catholic;[GetReligiousCommunityName_catholic];[GetReligiousCommunityName_catholic];[GetReligiousCommunityName_catholic];;[GetReligiousCommunityName_catholic];;;;;;;;;x
secret_religious_society_catholic_desc;[GetReligiousSocietyDesc_catholic];[GetReligiousSocietyDesc_catholic];[GetReligiousSocietyDesc_catholic];;[GetReligiousSocietyDesc_catholic];;;;;;;;;x
secret_religious_society_catholic_currency;Devotion;Dévotion;Hingabe;;Devoción;;;;;;;;;x
secret_religious_society_catholic_leader_desc;[GetSocietyLeaderDesc];[GetSocietyLeaderDesc];[GetSocietyLeaderDesc];;[GetSocietyLeaderDesc];;;;;;;;;x
alt_start_community_name_catholic;The [catholic.GetName] Faithful;Fidèles [catholic.GetName]s;Die [catholic.GetName]en Gläubigen;;Creyentes [catholic.GetName]s;;;;;;;;;x
secretly_convert_to_catholic_holy_site;Secretly Convert to [catholic.GetName];Adopter en secret la foi [catholic.GetName];Heimlich zum [catholic.GetName] Glauben konvertieren;;Convertirse en secreto a la religión [catholic.GetName];;;;;;;;;x
secretly_convert_to_catholic_holy_site_desc;The §Y[catholic.GetName]§! pilgrims that flock to the holy site in §Y[Root.Location.GetName]§! impress me with the depth and passion of their faith. I am tempted to convert in secrecy...;Les pèlerins §Y[catholic.GetName]§! qui affluent vers le site saint en §Y[Root.Location.GetName]§! m'impressionnent avec la profondeur et la passion de leur foi. Je suis tenté[Root.Get_E] de me convertir en secret...;Die §Y[catholic.GetName]istischen§! Pilger in §Y[Root.Location.GetName]§! beeindrucken mich durch die Tiefe und die Leidenschaft ihres Glaubens. Ich bin versucht, heimlich zu konvertieren ...;;Los peregrinos §Y[catholic.GetName]§! que acuden en masa al lugar sagrado en §Y[Root.Location.GetName]§! me impresionan con la profundidad y la pasión de su fe. Me tienta convertirme en secreto...;;;;;;;;;x

secret_religious_society_quaker;[GetReligiousCommunityName_quaker];[GetReligiousCommunityName_quaker];[GetReligiousCommunityName_quaker];;[GetReligiousCommunityName_quaker];;;;;;;;;x
secret_religious_society_quaker_desc;[GetReligiousSocietyDesc_quaker];[GetReligiousSocietyDesc_quaker];[GetReligiousSocietyDesc_quaker];;[GetReligiousSocietyDesc_quaker];;;;;;;;;x
secret_religious_society_quaker_currency;Devotion;Dévotion;Hingabe;;Devoción;;;;;;;;;x
secret_religious_society_quaker_leader_desc;[GetSocietyLeaderDesc];[GetSocietyLeaderDesc];[GetSocietyLeaderDesc];;[GetSocietyLeaderDesc];;;;;;;;;x
alt_start_community_name_quaker;The [quaker.GetName] Faithful;Fidèles [quaker.GetName]s;Die [quaker.GetName]en Gläubigen;;Creyentes [quaker.GetName]s;;;;;;;;;x
secretly_convert_to_quaker_holy_site;Secretly Convert to [quaker.GetName];Adopter en secret la foi [quaker.GetName];Heimlich zum [quaker.GetName] Glauben konvertieren;;Convertirse en secreto a la religión [quaker.GetName];;;;;;;;;x
secretly_convert_to_quaker_holy_site_desc;The §Y[quaker.GetName]§! pilgrims that flock to the holy site in §Y[Root.Location.GetName]§! impress me with the depth and passion of their faith. I am tempted to convert in secrecy...;Les pèlerins §Y[quaker.GetName]§! qui affluent vers le site saint en §Y[Root.Location.GetName]§! m'impressionnent avec la profondeur et la passion de leur foi. Je suis tenté[Root.Get_E] de me convertir en secret...;Die §Y[quaker.GetName]istischen§! Pilger in §Y[Root.Location.GetName]§! beeindrucken mich durch die Tiefe und die Leidenschaft ihres Glaubens. Ich bin versucht, heimlich zu konvertieren ...;;Los peregrinos §Y[quaker.GetName]§! que acuden en masa al lugar sagrado en §Y[Root.Location.GetName]§! me impresionan con la profundidad y la pasión de su fe. Me tienta convertirme en secreto...;;;;;;;;;x

secret_religious_society_tquaker;[GetReligiousCommunityName_tquaker];[GetReligiousCommunityName_tquaker];[GetReligiousCommunityName_tquaker];;[GetReligiousCommunityName_tquaker];;;;;;;;;x
secret_religious_society_tquaker_desc;[GetReligiousSocietyDesc_tquaker];[GetReligiousSocietyDesc_tquaker];[GetReligiousSocietyDesc_tquaker];;[GetReligiousSocietyDesc_tquaker];;;;;;;;;x
secret_religious_society_tquaker_currency;Devotion;Dévotion;Hingabe;;Devoción;;;;;;;;;x
secret_religious_society_tquaker_leader_desc;[GetSocietyLeaderDesc];[GetSocietyLeaderDesc];[GetSocietyLeaderDesc];;[GetSocietyLeaderDesc];;;;;;;;;x
alt_start_community_name_tquaker;The [tquaker.GetName] Faithful;Fidèles [tquaker.GetName]s;Die [tquaker.GetName]en Gläubigen;;Creyentes [tquaker.GetName]s;;;;;;;;;x
secretly_convert_to_tquaker_holy_site;Secretly Convert to [tquaker.GetName];Adopter en secret la foi [tquaker.GetName];Heimlich zum [tquaker.GetName] Glauben konvertieren;;Convertirse en secreto a la religión [tquaker.GetName];;;;;;;;;x
secretly_convert_to_tquaker_holy_site_desc;The §Y[tquaker.GetName]§! pilgrims that flock to the holy site in §Y[Root.Location.GetName]§! impress me with the depth and passion of their faith. I am tempted to convert in secrecy...;Les pèlerins §Y[tquaker.GetName]§! qui affluent vers le site saint en §Y[Root.Location.GetName]§! m'impressionnent avec la profondeur et la passion de leur foi. Je suis tenté[Root.Get_E] de me convertir en secret...;Die §Y[tquaker.GetName]istischen§! Pilger in §Y[Root.Location.GetName]§! beeindrucken mich durch die Tiefe und die Leidenschaft ihres Glaubens. Ich bin versucht, heimlich zu konvertieren ...;;Los peregrinos §Y[tquaker.GetName]§! que acuden en masa al lugar sagrado en §Y[Root.Location.GetName]§! me impresionan con la profundidad y la pasión de su fe. Me tienta convertirme en secreto...;;;;;;;;;x

secret_religious_society_cadaverist;[GetReligiousCommunityName_cadaverist];[GetReligiousCommunityName_cadaverist];[GetReligiousCommunityName_cadaverist];;[GetReligiousCommunityName_cadaverist];;;;;;;;;x
secret_religious_society_cadaverist_desc;[GetReligiousSocietyDesc_cadaverist];[GetReligiousSocietyDesc_cadaverist];[GetReligiousSocietyDesc_cadaverist];;[GetReligiousSocietyDesc_cadaverist];;;;;;;;;x
secret_religious_society_cadaverist_currency;Devotion;Dévotion;Hingabe;;Devoción;;;;;;;;;x
secret_religious_society_cadaverist_leader_desc;[GetSocietyLeaderDesc];[GetSocietyLeaderDesc];[GetSocietyLeaderDesc];;[GetSocietyLeaderDesc];;;;;;;;;x
alt_start_community_name_cadaverist;The [cadaverist.GetName] Faithful;Fidèles [cadaverist.GetName]s;Die [cadaverist.GetName]en Gläubigen;;Creyentes [cadaverist.GetName]s;;;;;;;;;x
secretly_convert_to_cadaverist_holy_site;Secretly Convert to [cadaverist.GetName];Adopter en secret la foi [cadaverist.GetName];Heimlich zum [cadaverist.GetName] Glauben konvertieren;;Convertirse en secreto a la religión [cadaverist.GetName];;;;;;;;;x
secretly_convert_to_cadaverist_holy_site_desc;The §Y[cadaverist.GetName]§! pilgrims that flock to the holy site in §Y[Root.Location.GetName]§! impress me with the depth and passion of their faith. I am tempted to convert in secrecy...;Les pèlerins §Y[cadaverist.GetName]§! qui affluent vers le site saint en §Y[Root.Location.GetName]§! m'impressionnent avec la profondeur et la passion de leur foi. Je suis tenté[Root.Get_E] de me convertir en secret...;Die §Y[cadaverist.GetName]istischen§! Pilger in §Y[Root.Location.GetName]§! beeindrucken mich durch die Tiefe und die Leidenschaft ihres Glaubens. Ich bin versucht, heimlich zu konvertieren ...;;Los peregrinos §Y[cadaverist.GetName]§! que acuden en masa al lugar sagrado en §Y[Root.Location.GetName]§! me impresionan con la profundidad y la pasión de su fe. Me tienta convertirme en secreto...;;;;;;;;;x

secret_religious_society_fraticelli;[GetReligiousCommunityName_fraticelli];[GetReligiousCommunityName_fraticelli];[GetReligiousCommunityName_fraticelli];;[GetReligiousCommunityName_fraticelli];;;;;;;;;x
secret_religious_society_fraticelli_desc;[GetReligiousSocietyDesc_fraticelli];[GetReligiousSocietyDesc_fraticelli];[GetReligiousSocietyDesc_fraticelli];;[GetReligiousSocietyDesc_fraticelli];;;;;;;;;x
secret_religious_society_fraticelli_currency;Devotion;Dévotion;Hingabe;;Devoción;;;;;;;;;x
secret_religious_society_fraticelli_leader_desc;[GetSocietyLeaderDesc];[GetSocietyLeaderDesc];[GetSocietyLeaderDesc];;[GetSocietyLeaderDesc];;;;;;;;;x
alt_start_community_name_fraticelli;The [fraticelli.GetName] Faithful;Fidèles [fraticelli.GetName]s;Die [fraticelli.GetName]en Gläubigen;;Creyentes [fraticelli.GetName]s;;;;;;;;;x
secretly_convert_to_fraticelli_holy_site;Secretly Convert to [fraticelli.GetName];Adopter en secret la foi [fraticelli.GetName];Heimlich zum [fraticelli.GetName] Glauben konvertieren;;Convertirse en secreto a la religión [fraticelli.GetName];;;;;;;;;x
secretly_convert_to_fraticelli_holy_site_desc;The §Y[fraticelli.GetName]§! pilgrims that flock to the holy site in §Y[Root.Location.GetName]§! impress me with the depth and passion of their faith. I am tempted to convert in secrecy...;Les pèlerins §Y[fraticelli.GetName]§! qui affluent vers le site saint en §Y[Root.Location.GetName]§! m'impressionnent avec la profondeur et la passion de leur foi. Je suis tenté[Root.Get_E] de me convertir en secret...;Die §Y[fraticelli.GetName]istischen§! Pilger in §Y[Root.Location.GetName]§! beeindrucken mich durch die Tiefe und die Leidenschaft ihres Glaubens. Ich bin versucht, heimlich zu konvertieren ...;;Los peregrinos §Y[fraticelli.GetName]§! que acuden en masa al lugar sagrado en §Y[Root.Location.GetName]§! me impresionan con la profundidad y la pasión de su fe. Me tienta convertirme en secreto...;;;;;;;;;x

secret_religious_society_sevillian;[GetReligiousCommunityName_sevillian];[GetReligiousCommunityName_sevillian];[GetReligiousCommunityName_sevillian];;[GetReligiousCommunityName_sevillian];;;;;;;;;x
secret_religious_society_sevillian_desc;[GetReligiousSocietyDesc_sevillian];[GetReligiousSocietyDesc_sevillian];[GetReligiousSocietyDesc_sevillian];;[GetReligiousSocietyDesc_sevillian];;;;;;;;;x
secret_religious_society_sevillian_currency;Devotion;Dévotion;Hingabe;;Devoción;;;;;;;;;x
secret_religious_society_sevillian_leader_desc;[GetSocietyLeaderDesc];[GetSocietyLeaderDesc];[GetSocietyLeaderDesc];;[GetSocietyLeaderDesc];;;;;;;;;x
alt_start_community_name_sevillian;The [sevillian.GetName] Faithful;Fidèles [sevillian.GetName]s;Die [sevillian.GetName]en Gläubigen;;Creyentes [sevillian.GetName]s;;;;;;;;;x
secretly_convert_to_sevillian_holy_site;Secretly Convert to [sevillian.GetName];Adopter en secret la foi [sevillian.GetName];Heimlich zum [sevillian.GetName] Glauben konvertieren;;Convertirse en secreto a la religión [sevillian.GetName];;;;;;;;;x
secretly_convert_to_sevillian_holy_site_desc;The §Y[sevillian.GetName]§! pilgrims that flock to the holy site in §Y[Root.Location.GetName]§! impress me with the depth and passion of their faith. I am tempted to convert in secrecy...;Les pèlerins §Y[sevillian.GetName]§! qui affluent vers le site saint en §Y[Root.Location.GetName]§! m'impressionnent avec la profondeur et la passion de leur foi. Je suis tenté[Root.Get_E] de me convertir en secret...;Die §Y[sevillian.GetName]istischen§! Pilger in §Y[Root.Location.GetName]§! beeindrucken mich durch die Tiefe und die Leidenschaft ihres Glaubens. Ich bin versucht, heimlich zu konvertieren ...;;Los peregrinos §Y[sevillian.GetName]§! que acuden en masa al lugar sagrado en §Y[Root.Location.GetName]§! me impresionan con la profundidad y la pasión de su fe. Me tienta convertirme en secreto...;;;;;;;;;x

secret_religious_society_transatlantic;[GetReligiousCommunityName_transatlantic];[GetReligiousCommunityName_transatlantic];[GetReligiousCommunityName_transatlantic];;[GetReligiousCommunityName_transatlantic];;;;;;;;;x
secret_religious_society_transatlantic_desc;[GetReligiousSocietyDesc_transatlantic];[GetReligiousSocietyDesc_transatlantic];[GetReligiousSocietyDesc_transatlantic];;[GetReligiousSocietyDesc_transatlantic];;;;;;;;;x
secret_religious_society_transatlantic_currency;Devotion;Dévotion;Hingabe;;Devoción;;;;;;;;;x
secret_religious_society_transatlantic_leader_desc;[GetSocietyLeaderDesc];[GetSocietyLeaderDesc];[GetSocietyLeaderDesc];;[GetSocietyLeaderDesc];;;;;;;;;x
alt_start_community_name_transatlantic;The [transatlantic.GetName] Faithful;Fidèles [transatlantic.GetName]s;Die [transatlantic.GetName]en Gläubigen;;Creyentes [transatlantic.GetName]s;;;;;;;;;x
secretly_convert_to_transatlantic_holy_site;Secretly Convert to [transatlantic.GetName];Adopter en secret la foi [transatlantic.GetName];Heimlich zum [transatlantic.GetName] Glauben konvertieren;;Convertirse en secreto a la religión [transatlantic.GetName];;;;;;;;;x
secretly_convert_to_transatlantic_holy_site_desc;The §Y[transatlantic.GetName]§! pilgrims that flock to the holy site in §Y[Root.Location.GetName]§! impress me with the depth and passion of their faith. I am tempted to convert in secrecy...;Les pèlerins §Y[transatlantic.GetName]§! qui affluent vers le site saint en §Y[Root.Location.GetName]§! m'impressionnent avec la profondeur et la passion de leur foi. Je suis tenté[Root.Get_E] de me convertir en secret...;Die §Y[transatlantic.GetName]istischen§! Pilger in §Y[Root.Location.GetName]§! beeindrucken mich durch die Tiefe und die Leidenschaft ihres Glaubens. Ich bin versucht, heimlich zu konvertieren ...;;Los peregrinos §Y[transatlantic.GetName]§! que acuden en masa al lugar sagrado en §Y[Root.Location.GetName]§! me impresionan con la profundidad y la pasión de su fe. Me tienta convertirme en secreto...;;;;;;;;;x

secret_religious_society_lutheran;[GetReligiousCommunityName_lutheran];[GetReligiousCommunityName_lutheran];[GetReligiousCommunityName_lutheran];;[GetReligiousCommunityName_lutheran];;;;;;;;;x
secret_religious_society_lutheran_desc;[GetReligiousSocietyDesc_lutheran];[GetReligiousSocietyDesc_lutheran];[GetReligiousSocietyDesc_lutheran];;[GetReligiousSocietyDesc_lutheran];;;;;;;;;x
secret_religious_society_lutheran_currency;Devotion;Dévotion;Hingabe;;Devoción;;;;;;;;;x
secret_religious_society_lutheran_leader_desc;[GetSocietyLeaderDesc];[GetSocietyLeaderDesc];[GetSocietyLeaderDesc];;[GetSocietyLeaderDesc];;;;;;;;;x
alt_start_community_name_lutheran;The [lutheran.GetName] Faithful;Fidèles [lutheran.GetName]s;Die [lutheran.GetName]en Gläubigen;;Creyentes [lutheran.GetName]s;;;;;;;;;x
secretly_convert_to_lutheran_holy_site;Secretly Convert to [lutheran.GetName];Adopter en secret la foi [lutheran.GetName];Heimlich zum [lutheran.GetName] Glauben konvertieren;;Convertirse en secreto a la religión [lutheran.GetName];;;;;;;;;x
secretly_convert_to_lutheran_holy_site_desc;The §Y[lutheran.GetName]§! pilgrims that flock to the holy site in §Y[Root.Location.GetName]§! impress me with the depth and passion of their faith. I am tempted to convert in secrecy...;Les pèlerins §Y[lutheran.GetName]§! qui affluent vers le site saint en §Y[Root.Location.GetName]§! m'impressionnent avec la profondeur et la passion de leur foi. Je suis tenté[Root.Get_E] de me convertir en secret...;Die §Y[lutheran.GetName]istischen§! Pilger in §Y[Root.Location.GetName]§! beeindrucken mich durch die Tiefe und die Leidenschaft ihres Glaubens. Ich bin versucht, heimlich zu konvertieren ...;;Los peregrinos §Y[lutheran.GetName]§! que acuden en masa al lugar sagrado en §Y[Root.Location.GetName]§! me impresionan con la profundidad y la pasión de su fe. Me tienta convertirme en secreto...;;;;;;;;;x

secret_religious_society_gnostic;[GetReligiousCommunityName_gnostic];[GetReligiousCommunityName_gnostic];[GetReligiousCommunityName_gnostic];;[GetReligiousCommunityName_gnostic];;;;;;;;;x
secret_religious_society_gnostic_desc;[GetReligiousSocietyDesc_gnostic];[GetReligiousSocietyDesc_gnostic];[GetReligiousSocietyDesc_gnostic];;[GetReligiousSocietyDesc_gnostic];;;;;;;;;x
secret_religious_society_gnostic_currency;Devotion;Dévotion;Hingabe;;Devoción;;;;;;;;;x
secret_religious_society_gnostic_leader_desc;[GetSocietyLeaderDesc];[GetSocietyLeaderDesc];[GetSocietyLeaderDesc];;[GetSocietyLeaderDesc];;;;;;;;;x
alt_start_community_name_gnostic;The [gnostic.GetName] Faithful;Fidèles [gnostic.GetName]s;Die [gnostic.GetName]en Gläubigen;;Creyentes [gnostic.GetName]s;;;;;;;;;x
secretly_convert_to_gnostic_holy_site;Secretly Convert to [gnostic.GetName];Adopter en secret la foi [gnostic.GetName];Heimlich zum [gnostic.GetName] Glauben konvertieren;;Convertirse en secreto a la religión [gnostic.GetName];;;;;;;;;x
secretly_convert_to_gnostic_holy_site_desc;The §Y[gnostic.GetName]§! pilgrims that flock to the holy site in §Y[Root.Location.GetName]§! impress me with the depth and passion of their faith. I am tempted to convert in secrecy...;Les pèlerins §Y[gnostic.GetName]§! qui affluent vers le site saint en §Y[Root.Location.GetName]§! m'impressionnent avec la profondeur et la passion de leur foi. Je suis tenté[Root.Get_E] de me convertir en secret...;Die §Y[gnostic.GetName]istischen§! Pilger in §Y[Root.Location.GetName]§! beeindrucken mich durch die Tiefe und die Leidenschaft ihres Glaubens. Ich bin versucht, heimlich zu konvertieren ...;;Los peregrinos §Y[gnostic.GetName]§! que acuden en masa al lugar sagrado en §Y[Root.Location.GetName]§! me impresionan con la profundidad y la pasión de su fe. Me tienta convertirme en secreto...;;;;;;;;;x

secret_religious_society_white_lotus;[GetReligiousCommunityName_white_lotus];[GetReligiousCommunityName_white_lotus];[GetReligiousCommunityName_white_lotus];;[GetReligiousCommunityName_white_lotus];;;;;;;;;x
secret_religious_society_white_lotus_desc;[GetReligiousSocietyDesc_white_lotus];[GetReligiousSocietyDesc_white_lotus];[GetReligiousSocietyDesc_white_lotus];;[GetReligiousSocietyDesc_white_lotus];;;;;;;;;x
secret_religious_society_white_lotus_currency;Devotion;Dévotion;Hingabe;;Devoción;;;;;;;;;x
secret_religious_society_white_lotus_leader_desc;[GetSocietyLeaderDesc];[GetSocietyLeaderDesc];[GetSocietyLeaderDesc];;[GetSocietyLeaderDesc];;;;;;;;;x
alt_start_community_name_white_lotus;The [white_lotus.GetName] Faithful;Fidèles [white_lotus.GetName]s;Die [white_lotus.GetName]en Gläubigen;;Creyentes [white_lotus.GetName]s;;;;;;;;;x
secretly_convert_to_white_lotus_holy_site;Secretly Convert to [white_lotus.GetName];Adopter en secret la foi [white_lotus.GetName];Heimlich zum [white_lotus.GetName] Glauben konvertieren;;Convertirse en secreto a la religión [white_lotus.GetName];;;;;;;;;x
secretly_convert_to_white_lotus_holy_site_desc;The §Y[white_lotus.GetName]§! pilgrims that flock to the holy site in §Y[Root.Location.GetName]§! impress me with the depth and passion of their faith. I am tempted to convert in secrecy...;Les pèlerins §Y[white_lotus.GetName]§! qui affluent vers le site saint en §Y[Root.Location.GetName]§! m'impressionnent avec la profondeur et la passion de leur foi. Je suis tenté[Root.Get_E] de me convertir en secret...;Die §Y[white_lotus.GetName]istischen§! Pilger in §Y[Root.Location.GetName]§! beeindrucken mich durch die Tiefe und die Leidenschaft ihres Glaubens. Ich bin versucht, heimlich zu konvertieren ...;;Los peregrinos §Y[white_lotus.GetName]§! que acuden en masa al lugar sagrado en §Y[Root.Location.GetName]§! me impresionan con la profundidad y la pasión de su fe. Me tienta convertirme en secreto...;;;;;;;;;x

secret_religious_society_prussianist;[GetReligiousCommunityName_prussianist];[GetReligiousCommunityName_prussianist];[GetReligiousCommunityName_prussianist];;[GetReligiousCommunityName_prussianist];;;;;;;;;x
secret_religious_society_prussianist_desc;[GetReligiousSocietyDesc_prussianist];[GetReligiousSocietyDesc_prussianist];[GetReligiousSocietyDesc_prussianist];;[GetReligiousSocietyDesc_prussianist];;;;;;;;;x
secret_religious_society_prussianist_currency;Devotion;Dévotion;Hingabe;;Devoción;;;;;;;;;x
secret_religious_society_prussianist_leader_desc;[GetSocietyLeaderDesc];[GetSocietyLeaderDesc];[GetSocietyLeaderDesc];;[GetSocietyLeaderDesc];;;;;;;;;x
alt_start_community_name_prussianist;The [prussianist.GetName] Faithful;Fidèles [prussianist.GetName]s;Die [prussianist.GetName]en Gläubigen;;Creyentes [prussianist.GetName]s;;;;;;;;;x
secretly_convert_to_prussianist_holy_site;Secretly Convert to [prussianist.GetName];Adopter en secret la foi [prussianist.GetName];Heimlich zum [prussianist.GetName] Glauben konvertieren;;Convertirse en secreto a la religión [prussianist.GetName];;;;;;;;;x
secretly_convert_to_prussianist_holy_site_desc;The §Y[prussianist.GetName]§! pilgrims that flock to the holy site in §Y[Root.Location.GetName]§! impress me with the depth and passion of their faith. I am tempted to convert in secrecy...;Les pèlerins §Y[prussianist.GetName]§! qui affluent vers le site saint en §Y[Root.Location.GetName]§! m'impressionnent avec la profondeur et la passion de leur foi. Je suis tenté[Root.Get_E] de me convertir en secret...;Die §Y[prussianist.GetName]istischen§! Pilger in §Y[Root.Location.GetName]§! beeindrucken mich durch die Tiefe und die Leidenschaft ihres Glaubens. Ich bin versucht, heimlich zu konvertieren ...;;Los peregrinos §Y[prussianist.GetName]§! que acuden en masa al lugar sagrado en §Y[Root.Location.GetName]§! me impresionan con la profundidad y la pasión de su fe. Me tienta convertirme en secreto...;;;;;;;;;x

secret_religious_society_sarvodaya;[GetReligiousCommunityName_sarvodaya];[GetReligiousCommunityName_sarvodaya];[GetReligiousCommunityName_sarvodaya];;[GetReligiousCommunityName_sarvodaya];;;;;;;;;x
secret_religious_society_sarvodaya_desc;[GetReligiousSocietyDesc_sarvodaya];[GetReligiousSocietyDesc_sarvodaya];[GetReligiousSocietyDesc_sarvodaya];;[GetReligiousSocietyDesc_sarvodaya];;;;;;;;;x
secret_religious_society_sarvodaya_currency;Devotion;Dévotion;Hingabe;;Devoción;;;;;;;;;x
secret_religious_society_sarvodaya_leader_desc;[GetSocietyLeaderDesc];[GetSocietyLeaderDesc];[GetSocietyLeaderDesc];;[GetSocietyLeaderDesc];;;;;;;;;x
alt_start_community_name_sarvodaya;The [sarvodaya.GetName] Faithful;Fidèles [sarvodaya.GetName]s;Die [sarvodaya.GetName]en Gläubigen;;Creyentes [sarvodaya.GetName]s;;;;;;;;;x
secretly_convert_to_sarvodaya_holy_site;Secretly Convert to [sarvodaya.GetName];Adopter en secret la foi [sarvodaya.GetName];Heimlich zum [sarvodaya.GetName] Glauben konvertieren;;Convertirse en secreto a la religión [sarvodaya.GetName];;;;;;;;;x
secretly_convert_to_sarvodaya_holy_site_desc;The §Y[sarvodaya.GetName]§! pilgrims that flock to the holy site in §Y[Root.Location.GetName]§! impress me with the depth and passion of their faith. I am tempted to convert in secrecy...;Les pèlerins §Y[sarvodaya.GetName]§! qui affluent vers le site saint en §Y[Root.Location.GetName]§! m'impressionnent avec la profondeur et la passion de leur foi. Je suis tenté[Root.Get_E] de me convertir en secret...;Die §Y[sarvodaya.GetName]istischen§! Pilger in §Y[Root.Location.GetName]§! beeindrucken mich durch die Tiefe und die Leidenschaft ihres Glaubens. Ich bin versucht, heimlich zu konvertieren ...;;Los peregrinos §Y[sarvodaya.GetName]§! que acuden en masa al lugar sagrado en §Y[Root.Location.GetName]§! me impresionan con la profundidad y la pasión de su fe. Me tienta convertirme en secreto...;;;;;;;;;x

secret_religious_society_hussite;[GetReligiousCommunityName_hussite];[GetReligiousCommunityName_hussite];[GetReligiousCommunityName_hussite];;[GetReligiousCommunityName_hussite];;;;;;;;;x
secret_religious_society_hussite_desc;[GetReligiousSocietyDesc_hussite];[GetReligiousSocietyDesc_hussite];[GetReligiousSocietyDesc_hussite];;[GetReligiousSocietyDesc_hussite];;;;;;;;;x
secret_religious_society_hussite_currency;Devotion;Dévotion;Hingabe;;Devoción;;;;;;;;;x
secret_religious_society_hussite_leader_desc;[GetSocietyLeaderDesc];[GetSocietyLeaderDesc];[GetSocietyLeaderDesc];;[GetSocietyLeaderDesc];;;;;;;;;x
alt_start_community_name_hussite;The [hussite.GetName] Faithful;Fidèles [hussite.GetName]s;Die [hussite.GetName]en Gläubigen;;Creyentes [hussite.GetName]s;;;;;;;;;x
secretly_convert_to_hussite_holy_site;Secretly Convert to [hussite.GetName];Adopter en secret la foi [hussite.GetName];Heimlich zum [hussite.GetName] Glauben konvertieren;;Convertirse en secreto a la religión [hussite.GetName];;;;;;;;;x
secretly_convert_to_hussite_holy_site_desc;The §Y[hussite.GetName]§! pilgrims that flock to the holy site in §Y[Root.Location.GetName]§! impress me with the depth and passion of their faith. I am tempted to convert in secrecy...;Les pèlerins §Y[hussite.GetName]§! qui affluent vers le site saint en §Y[Root.Location.GetName]§! m'impressionnent avec la profondeur et la passion de leur foi. Je suis tenté[Root.Get_E] de me convertir en secret...;Die §Y[hussite.GetName]istischen§! Pilger in §Y[Root.Location.GetName]§! beeindrucken mich durch die Tiefe und die Leidenschaft ihres Glaubens. Ich bin versucht, heimlich zu konvertieren ...;;Los peregrinos §Y[hussite.GetName]§! que acuden en masa al lugar sagrado en §Y[Root.Location.GetName]§! me impresionan con la profundidad y la pasión de su fe. Me tienta convertirme en secreto...;;;;;;;;;x

secret_religious_society_baptist;[GetReligiousCommunityName_baptist];[GetReligiousCommunityName_baptist];[GetReligiousCommunityName_baptist];;[GetReligiousCommunityName_baptist];;;;;;;;;x
secret_religious_society_baptist_desc;[GetReligiousSocietyDesc_baptist];[GetReligiousSocietyDesc_baptist];[GetReligiousSocietyDesc_baptist];;[GetReligiousSocietyDesc_baptist];;;;;;;;;x
secret_religious_society_baptist_currency;Devotion;Dévotion;Hingabe;;Devoción;;;;;;;;;x
secret_religious_society_baptist_leader_desc;[GetSocietyLeaderDesc];[GetSocietyLeaderDesc];[GetSocietyLeaderDesc];;[GetSocietyLeaderDesc];;;;;;;;;x
alt_start_community_name_baptist;The [baptist.GetName] Faithful;Fidèles [baptist.GetName]s;Die [baptist.GetName]en Gläubigen;;Creyentes [baptist.GetName]s;;;;;;;;;x
secretly_convert_to_baptist_holy_site;Secretly Convert to [baptist.GetName];Adopter en secret la foi [baptist.GetName];Heimlich zum [baptist.GetName] Glauben konvertieren;;Convertirse en secreto a la religión [baptist.GetName];;;;;;;;;x
secretly_convert_to_baptist_holy_site_desc;The §Y[baptist.GetName]§! pilgrims that flock to the holy site in §Y[Root.Location.GetName]§! impress me with the depth and passion of their faith. I am tempted to convert in secrecy...;Les pèlerins §Y[baptist.GetName]§! qui affluent vers le site saint en §Y[Root.Location.GetName]§! m'impressionnent avec la profondeur et la passion de leur foi. Je suis tenté[Root.Get_E] de me convertir en secret...;Die §Y[baptist.GetName]istischen§! Pilger in §Y[Root.Location.GetName]§! beeindrucken mich durch die Tiefe und die Leidenschaft ihres Glaubens. Ich bin versucht, heimlich zu konvertieren ...;;Los peregrinos §Y[baptist.GetName]§! que acuden en masa al lugar sagrado en §Y[Root.Location.GetName]§! me impresionan con la profundidad y la pasión de su fe. Me tienta convertirme en secreto...;;;;;;;;;x

secret_religious_society_xinjiao;[GetReligiousCommunityName_xinjiao];[GetReligiousCommunityName_xinjiao];[GetReligiousCommunityName_xinjiao];;[GetReligiousCommunityName_xinjiao];;;;;;;;;x
secret_religious_society_xinjiao_desc;[GetReligiousSocietyDesc_xinjiao];[GetReligiousSocietyDesc_xinjiao];[GetReligiousSocietyDesc_xinjiao];;[GetReligiousSocietyDesc_xinjiao];;;;;;;;;x
secret_religious_society_xinjiao_currency;Devotion;Dévotion;Hingabe;;Devoción;;;;;;;;;x
secret_religious_society_xinjiao_leader_desc;[GetSocietyLeaderDesc];[GetSocietyLeaderDesc];[GetSocietyLeaderDesc];;[GetSocietyLeaderDesc];;;;;;;;;x
alt_start_community_name_xinjiao;The [xinjiao.GetName] Faithful;Fidèles [xinjiao.GetName]s;Die [xinjiao.GetName]en Gläubigen;;Creyentes [xinjiao.GetName]s;;;;;;;;;x
secretly_convert_to_xinjiao_holy_site;Secretly Convert to [xinjiao.GetName];Adopter en secret la foi [xinjiao.GetName];Heimlich zum [xinjiao.GetName] Glauben konvertieren;;Convertirse en secreto a la religión [xinjiao.GetName];;;;;;;;;x
secretly_convert_to_xinjiao_holy_site_desc;The §Y[xinjiao.GetName]§! pilgrims that flock to the holy site in §Y[Root.Location.GetName]§! impress me with the depth and passion of their faith. I am tempted to convert in secrecy...;Les pèlerins §Y[xinjiao.GetName]§! qui affluent vers le site saint en §Y[Root.Location.GetName]§! m'impressionnent avec la profondeur et la passion de leur foi. Je suis tenté[Root.Get_E] de me convertir en secret...;Die §Y[xinjiao.GetName]istischen§! Pilger in §Y[Root.Location.GetName]§! beeindrucken mich durch die Tiefe und die Leidenschaft ihres Glaubens. Ich bin versucht, heimlich zu konvertieren ...;;Los peregrinos §Y[xinjiao.GetName]§! que acuden en masa al lugar sagrado en §Y[Root.Location.GetName]§! me impresionan con la profundidad y la pasión de su fe. Me tienta convertirme en secreto...;;;;;;;;;x

secret_religious_society_orthodox;[GetReligiousCommunityName_orthodox];[GetReligiousCommunityName_orthodox];[GetReligiousCommunityName_orthodox];;[GetReligiousCommunityName_orthodox];;;;;;;;;x
secret_religious_society_orthodox_desc;[GetReligiousSocietyDesc_orthodox];[GetReligiousSocietyDesc_orthodox];[GetReligiousSocietyDesc_orthodox];;[GetReligiousSocietyDesc_orthodox];;;;;;;;;x
secret_religious_society_orthodox_currency;Devotion;Dévotion;Hingabe;;Devoción;;;;;;;;;x
secret_religious_society_orthodox_leader_desc;[GetSocietyLeaderDesc];[GetSocietyLeaderDesc];[GetSocietyLeaderDesc];;[GetSocietyLeaderDesc];;;;;;;;;x
alt_start_community_name_orthodox;The [orthodox.GetName] Faithful;Fidèles [orthodox.GetName]s;Die [orthodox.GetName]en Gläubigen;;Creyentes [orthodox.GetName]s;;;;;;;;;x
secretly_convert_to_orthodox_holy_site;Secretly Convert to [orthodox.GetName];Adopter en secret la foi [orthodox.GetName];Heimlich zum [orthodox.GetName] Glauben konvertieren;;Convertirse en secreto a la religión [orthodox.GetName];;;;;;;;;x
secretly_convert_to_orthodox_holy_site_desc;The §Y[orthodox.GetName]§! pilgrims that flock to the holy site in §Y[Root.Location.GetName]§! impress me with the depth and passion of their faith. I am tempted to convert in secrecy...;Les pèlerins §Y[orthodox.GetName]§! qui affluent vers le site saint en §Y[Root.Location.GetName]§! m'impressionnent avec la profondeur et la passion de leur foi. Je suis tenté[Root.Get_E] de me convertir en secret...;Die §Y[orthodox.GetName]istischen§! Pilger in §Y[Root.Location.GetName]§! beeindrucken mich durch die Tiefe und die Leidenschaft ihres Glaubens. Ich bin versucht, heimlich zu konvertieren ...;;Los peregrinos §Y[orthodox.GetName]§! que acuden en masa al lugar sagrado en §Y[Root.Location.GetName]§! me impresionan con la profundidad y la pasión de su fe. Me tienta convertirme en secreto...;;;;;;;;;x

secret_religious_society_neodonatists;[GetReligiousCommunityName_neodonatists];[GetReligiousCommunityName_neodonatists];[GetReligiousCommunityName_neodonatists];;[GetReligiousCommunityName_neodonatists];;;;;;;;;x
secret_religious_society_neodonatists_desc;[GetReligiousSocietyDesc_neodonatists];[GetReligiousSocietyDesc_neodonatists];[GetReligiousSocietyDesc_neodonatists];;[GetReligiousSocietyDesc_neodonatists];;;;;;;;;x
secret_religious_society_neodonatists_currency;Devotion;Dévotion;Hingabe;;Devoción;;;;;;;;;x
secret_religious_society_neodonatists_leader_desc;[GetSocietyLeaderDesc];[GetSocietyLeaderDesc];[GetSocietyLeaderDesc];;[GetSocietyLeaderDesc];;;;;;;;;x
alt_start_community_name_neodonatists;The [neodonatists.GetName] Faithful;Fidèles [neodonatists.GetName]s;Die [neodonatists.GetName]en Gläubigen;;Creyentes [neodonatists.GetName]s;;;;;;;;;x
secretly_convert_to_neodonatists_holy_site;Secretly Convert to [neodonatists.GetName];Adopter en secret la foi [neodonatists.GetName];Heimlich zum [neodonatists.GetName] Glauben konvertieren;;Convertirse en secreto a la religión [neodonatists.GetName];;;;;;;;;x
secretly_convert_to_neodonatists_holy_site_desc;The §Y[neodonatists.GetName]§! pilgrims that flock to the holy site in §Y[Root.Location.GetName]§! impress me with the depth and passion of their faith. I am tempted to convert in secrecy...;Les pèlerins §Y[neodonatists.GetName]§! qui affluent vers le site saint en §Y[Root.Location.GetName]§! m'impressionnent avec la profondeur et la passion de leur foi. Je suis tenté[Root.Get_E] de me convertir en secret...;Die §Y[neodonatists.GetName]istischen§! Pilger in §Y[Root.Location.GetName]§! beeindrucken mich durch die Tiefe und die Leidenschaft ihres Glaubens. Ich bin versucht, heimlich zu konvertieren ...;;Los peregrinos §Y[neodonatists.GetName]§! que acuden en masa al lugar sagrado en §Y[Root.Location.GetName]§! me impresionan con la profundidad y la pasión de su fe. Me tienta convertirme en secreto...;;;;;;;;;x

secret_religious_society_oldbeliever;[GetReligiousCommunityName_oldbeliever];[GetReligiousCommunityName_oldbeliever];[GetReligiousCommunityName_oldbeliever];;[GetReligiousCommunityName_oldbeliever];;;;;;;;;x
secret_religious_society_oldbeliever_desc;[GetReligiousSocietyDesc_oldbeliever];[GetReligiousSocietyDesc_oldbeliever];[GetReligiousSocietyDesc_oldbeliever];;[GetReligiousSocietyDesc_oldbeliever];;;;;;;;;x
secret_religious_society_oldbeliever_currency;Devotion;Dévotion;Hingabe;;Devoción;;;;;;;;;x
secret_religious_society_oldbeliever_leader_desc;[GetSocietyLeaderDesc];[GetSocietyLeaderDesc];[GetSocietyLeaderDesc];;[GetSocietyLeaderDesc];;;;;;;;;x
alt_start_community_name_oldbeliever;The [oldbeliever.GetName] Faithful;Fidèles [oldbeliever.GetName]s;Die [oldbeliever.GetName]en Gläubigen;;Creyentes [oldbeliever.GetName]s;;;;;;;;;x
secretly_convert_to_oldbeliever_holy_site;Secretly Convert to [oldbeliever.GetName];Adopter en secret la foi [oldbeliever.GetName];Heimlich zum [oldbeliever.GetName] Glauben konvertieren;;Convertirse en secreto a la religión [oldbeliever.GetName];;;;;;;;;x
secretly_convert_to_oldbeliever_holy_site_desc;The §Y[oldbeliever.GetName]§! pilgrims that flock to the holy site in §Y[Root.Location.GetName]§! impress me with the depth and passion of their faith. I am tempted to convert in secrecy...;Les pèlerins §Y[oldbeliever.GetName]§! qui affluent vers le site saint en §Y[Root.Location.GetName]§! m'impressionnent avec la profondeur et la passion de leur foi. Je suis tenté[Root.Get_E] de me convertir en secret...;Die §Y[oldbeliever.GetName]istischen§! Pilger in §Y[Root.Location.GetName]§! beeindrucken mich durch die Tiefe und die Leidenschaft ihres Glaubens. Ich bin versucht, heimlich zu konvertieren ...;;Los peregrinos §Y[oldbeliever.GetName]§! que acuden en masa al lugar sagrado en §Y[Root.Location.GetName]§! me impresionan con la profundidad y la pasión de su fe. Me tienta convertirme en secreto...;;;;;;;;;x

secret_religious_society_bezpopotvsy;[GetReligiousCommunityName_bezpopotvsy];[GetReligiousCommunityName_bezpopotvsy];[GetReligiousCommunityName_bezpopotvsy];;[GetReligiousCommunityName_bezpopotvsy];;;;;;;;;x
secret_religious_society_bezpopotvsy_desc;[GetReligiousSocietyDesc_bezpopotvsy];[GetReligiousSocietyDesc_bezpopotvsy];[GetReligiousSocietyDesc_bezpopotvsy];;[GetReligiousSocietyDesc_bezpopotvsy];;;;;;;;;x
secret_religious_society_bezpopotvsy_currency;Devotion;Dévotion;Hingabe;;Devoción;;;;;;;;;x
secret_religious_society_bezpopotvsy_leader_desc;[GetSocietyLeaderDesc];[GetSocietyLeaderDesc];[GetSocietyLeaderDesc];;[GetSocietyLeaderDesc];;;;;;;;;x
alt_start_community_name_bezpopotvsy;The [bezpopotvsy.GetName] Faithful;Fidèles [bezpopotvsy.GetName]s;Die [bezpopotvsy.GetName]en Gläubigen;;Creyentes [bezpopotvsy.GetName]s;;;;;;;;;x
secretly_convert_to_bezpopotvsy_holy_site;Secretly Convert to [bezpopotvsy.GetName];Adopter en secret la foi [bezpopotvsy.GetName];Heimlich zum [bezpopotvsy.GetName] Glauben konvertieren;;Convertirse en secreto a la religión [bezpopotvsy.GetName];;;;;;;;;x
secretly_convert_to_bezpopotvsy_holy_site_desc;The §Y[bezpopotvsy.GetName]§! pilgrims that flock to the holy site in §Y[Root.Location.GetName]§! impress me with the depth and passion of their faith. I am tempted to convert in secrecy...;Les pèlerins §Y[bezpopotvsy.GetName]§! qui affluent vers le site saint en §Y[Root.Location.GetName]§! m'impressionnent avec la profondeur et la passion de leur foi. Je suis tenté[Root.Get_E] de me convertir en secret...;Die §Y[bezpopotvsy.GetName]istischen§! Pilger in §Y[Root.Location.GetName]§! beeindrucken mich durch die Tiefe und die Leidenschaft ihres Glaubens. Ich bin versucht, heimlich zu konvertieren ...;;Los peregrinos §Y[bezpopotvsy.GetName]§! que acuden en masa al lugar sagrado en §Y[Root.Location.GetName]§! me impresionan con la profundidad y la pasión de su fe. Me tienta convertirme en secreto...;;;;;;;;;x

secret_religious_society_chaldean;[GetReligiousCommunityName_chaldean];[GetReligiousCommunityName_chaldean];[GetReligiousCommunityName_chaldean];;[GetReligiousCommunityName_chaldean];;;;;;;;;x
secret_religious_society_chaldean_desc;[GetReligiousSocietyDesc_chaldean];[GetReligiousSocietyDesc_chaldean];[GetReligiousSocietyDesc_chaldean];;[GetReligiousSocietyDesc_chaldean];;;;;;;;;x
secret_religious_society_chaldean_currency;Devotion;Dévotion;Hingabe;;Devoción;;;;;;;;;x
secret_religious_society_chaldean_leader_desc;[GetSocietyLeaderDesc];[GetSocietyLeaderDesc];[GetSocietyLeaderDesc];;[GetSocietyLeaderDesc];;;;;;;;;x
alt_start_community_name_chaldean;The [chaldean.GetName] Faithful;Fidèles [chaldean.GetName]s;Die [chaldean.GetName]en Gläubigen;;Creyentes [chaldean.GetName]s;;;;;;;;;x
secretly_convert_to_chaldean_holy_site;Secretly Convert to [chaldean.GetName];Adopter en secret la foi [chaldean.GetName];Heimlich zum [chaldean.GetName] Glauben konvertieren;;Convertirse en secreto a la religión [chaldean.GetName];;;;;;;;;x
secretly_convert_to_chaldean_holy_site_desc;The §Y[chaldean.GetName]§! pilgrims that flock to the holy site in §Y[Root.Location.GetName]§! impress me with the depth and passion of their faith. I am tempted to convert in secrecy...;Les pèlerins §Y[chaldean.GetName]§! qui affluent vers le site saint en §Y[Root.Location.GetName]§! m'impressionnent avec la profondeur et la passion de leur foi. Je suis tenté[Root.Get_E] de me convertir en secret...;Die §Y[chaldean.GetName]istischen§! Pilger in §Y[Root.Location.GetName]§! beeindrucken mich durch die Tiefe und die Leidenschaft ihres Glaubens. Ich bin versucht, heimlich zu konvertieren ...;;Los peregrinos §Y[chaldean.GetName]§! que acuden en masa al lugar sagrado en §Y[Root.Location.GetName]§! me impresionan con la profundidad y la pasión de su fe. Me tienta convertirme en secreto...;;;;;;;;;x

secret_religious_society_koptic;[GetReligiousCommunityName_koptic];[GetReligiousCommunityName_koptic];[GetReligiousCommunityName_koptic];;[GetReligiousCommunityName_koptic];;;;;;;;;x
secret_religious_society_koptic_desc;[GetReligiousSocietyDesc_koptic];[GetReligiousSocietyDesc_koptic];[GetReligiousSocietyDesc_koptic];;[GetReligiousSocietyDesc_koptic];;;;;;;;;x
secret_religious_society_koptic_currency;Devotion;Dévotion;Hingabe;;Devoción;;;;;;;;;x
secret_religious_society_koptic_leader_desc;[GetSocietyLeaderDesc];[GetSocietyLeaderDesc];[GetSocietyLeaderDesc];;[GetSocietyLeaderDesc];;;;;;;;;x
alt_start_community_name_koptic;The [koptic.GetName] Faithful;Fidèles [koptic.GetName]s;Die [koptic.GetName]en Gläubigen;;Creyentes [koptic.GetName]s;;;;;;;;;x
secretly_convert_to_koptic_holy_site;Secretly Convert to [koptic.GetName];Adopter en secret la foi [koptic.GetName];Heimlich zum [koptic.GetName] Glauben konvertieren;;Convertirse en secreto a la religión [koptic.GetName];;;;;;;;;x
secretly_convert_to_koptic_holy_site_desc;The §Y[koptic.GetName]§! pilgrims that flock to the holy site in §Y[Root.Location.GetName]§! impress me with the depth and passion of their faith. I am tempted to convert in secrecy...;Les pèlerins §Y[koptic.GetName]§! qui affluent vers le site saint en §Y[Root.Location.GetName]§! m'impressionnent avec la profondeur et la passion de leur foi. Je suis tenté[Root.Get_E] de me convertir en secret...;Die §Y[koptic.GetName]istischen§! Pilger in §Y[Root.Location.GetName]§! beeindrucken mich durch die Tiefe und die Leidenschaft ihres Glaubens. Ich bin versucht, heimlich zu konvertieren ...;;Los peregrinos §Y[koptic.GetName]§! que acuden en masa al lugar sagrado en §Y[Root.Location.GetName]§! me impresionan con la profundidad y la pasión de su fe. Me tienta convertirme en secreto...;;;;;;;;;x

secret_religious_society_mattaism;[GetReligiousCommunityName_mattaism];[GetReligiousCommunityName_mattaism];[GetReligiousCommunityName_mattaism];;[GetReligiousCommunityName_mattaism];;;;;;;;;x
secret_religious_society_mattaism_desc;[GetReligiousSocietyDesc_mattaism];[GetReligiousSocietyDesc_mattaism];[GetReligiousSocietyDesc_mattaism];;[GetReligiousSocietyDesc_mattaism];;;;;;;;;x
secret_religious_society_mattaism_currency;Devotion;Dévotion;Hingabe;;Devoción;;;;;;;;;x
secret_religious_society_mattaism_leader_desc;[GetSocietyLeaderDesc];[GetSocietyLeaderDesc];[GetSocietyLeaderDesc];;[GetSocietyLeaderDesc];;;;;;;;;x
alt_start_community_name_mattaism;The [mattaism.GetName] Faithful;Fidèles [mattaism.GetName]s;Die [mattaism.GetName]en Gläubigen;;Creyentes [mattaism.GetName]s;;;;;;;;;x
secretly_convert_to_mattaism_holy_site;Secretly Convert to [mattaism.GetName];Adopter en secret la foi [mattaism.GetName];Heimlich zum [mattaism.GetName] Glauben konvertieren;;Convertirse en secreto a la religión [mattaism.GetName];;;;;;;;;x
secretly_convert_to_mattaism_holy_site_desc;The §Y[mattaism.GetName]§! pilgrims that flock to the holy site in §Y[Root.Location.GetName]§! impress me with the depth and passion of their faith. I am tempted to convert in secrecy...;Les pèlerins §Y[mattaism.GetName]§! qui affluent vers le site saint en §Y[Root.Location.GetName]§! m'impressionnent avec la profondeur et la passion de leur foi. Je suis tenté[Root.Get_E] de me convertir en secret...;Die §Y[mattaism.GetName]istischen§! Pilger in §Y[Root.Location.GetName]§! beeindrucken mich durch die Tiefe und die Leidenschaft ihres Glaubens. Ich bin versucht, heimlich zu konvertieren ...;;Los peregrinos §Y[mattaism.GetName]§! que acuden en masa al lugar sagrado en §Y[Root.Location.GetName]§! me impresionan con la profundidad y la pasión de su fe. Me tienta convertirme en secreto...;;;;;;;;;x

secret_religious_society_marapu;[GetReligiousCommunityName_marapu];[GetReligiousCommunityName_marapu];[GetReligiousCommunityName_marapu];;[GetReligiousCommunityName_marapu];;;;;;;;;x
secret_religious_society_marapu_desc;[GetReligiousSocietyDesc_marapu];[GetReligiousSocietyDesc_marapu];[GetReligiousSocietyDesc_marapu];;[GetReligiousSocietyDesc_marapu];;;;;;;;;x
secret_religious_society_marapu_currency;Devotion;Dévotion;Hingabe;;Devoción;;;;;;;;;x
secret_religious_society_marapu_leader_desc;[GetSocietyLeaderDesc];[GetSocietyLeaderDesc];[GetSocietyLeaderDesc];;[GetSocietyLeaderDesc];;;;;;;;;x
alt_start_community_name_marapu;The [marapu.GetName] Faithful;Fidèles [marapu.GetName]s;Die [marapu.GetName]en Gläubigen;;Creyentes [marapu.GetName]s;;;;;;;;;x
secretly_convert_to_marapu_holy_site;Secretly Convert to [marapu.GetName];Adopter en secret la foi [marapu.GetName];Heimlich zum [marapu.GetName] Glauben konvertieren;;Convertirse en secreto a la religión [marapu.GetName];;;;;;;;;x
secretly_convert_to_marapu_holy_site_desc;The §Y[marapu.GetName]§! pilgrims that flock to the holy site in §Y[Root.Location.GetName]§! impress me with the depth and passion of their faith. I am tempted to convert in secrecy...;Les pèlerins §Y[marapu.GetName]§! qui affluent vers le site saint en §Y[Root.Location.GetName]§! m'impressionnent avec la profondeur et la passion de leur foi. Je suis tenté[Root.Get_E] de me convertir en secret...;Die §Y[marapu.GetName]istischen§! Pilger in §Y[Root.Location.GetName]§! beeindrucken mich durch die Tiefe und die Leidenschaft ihres Glaubens. Ich bin versucht, heimlich zu konvertieren ...;;Los peregrinos §Y[marapu.GetName]§! que acuden en masa al lugar sagrado en §Y[Root.Location.GetName]§! me impresionan con la profundidad y la pasión de su fe. Me tienta convertirme en secreto...;;;;;;;;;x

secret_religious_society_wunggur;[GetReligiousCommunityName_wunggur];[GetReligiousCommunityName_wunggur];[GetReligiousCommunityName_wunggur];;[GetReligiousCommunityName_wunggur];;;;;;;;;x
secret_religious_society_wunggur_desc;[GetReligiousSocietyDesc_wunggur];[GetReligiousSocietyDesc_wunggur];[GetReligiousSocietyDesc_wunggur];;[GetReligiousSocietyDesc_wunggur];;;;;;;;;x
secret_religious_society_wunggur_currency;Devotion;Dévotion;Hingabe;;Devoción;;;;;;;;;x
secret_religious_society_wunggur_leader_desc;[GetSocietyLeaderDesc];[GetSocietyLeaderDesc];[GetSocietyLeaderDesc];;[GetSocietyLeaderDesc];;;;;;;;;x
alt_start_community_name_wunggur;The [wunggur.GetName] Faithful;Fidèles [wunggur.GetName]s;Die [wunggur.GetName]en Gläubigen;;Creyentes [wunggur.GetName]s;;;;;;;;;x
secretly_convert_to_wunggur_holy_site;Secretly Convert to [wunggur.GetName];Adopter en secret la foi [wunggur.GetName];Heimlich zum [wunggur.GetName] Glauben konvertieren;;Convertirse en secreto a la religión [wunggur.GetName];;;;;;;;;x
secretly_convert_to_wunggur_holy_site_desc;The §Y[wunggur.GetName]§! pilgrims that flock to the holy site in §Y[Root.Location.GetName]§! impress me with the depth and passion of their faith. I am tempted to convert in secrecy...;Les pèlerins §Y[wunggur.GetName]§! qui affluent vers le site saint en §Y[Root.Location.GetName]§! m'impressionnent avec la profondeur et la passion de leur foi. Je suis tenté[Root.Get_E] de me convertir en secret...;Die §Y[wunggur.GetName]istischen§! Pilger in §Y[Root.Location.GetName]§! beeindrucken mich durch die Tiefe und die Leidenschaft ihres Glaubens. Ich bin versucht, heimlich zu konvertieren ...;;Los peregrinos §Y[wunggur.GetName]§! que acuden en masa al lugar sagrado en §Y[Root.Location.GetName]§! me impresionan con la profundidad y la pasión de su fe. Me tienta convertirme en secreto...;;;;;;;;;x

secret_religious_society_wunggur_reformed;[GetReligiousCommunityName_wunggur_reformed];[GetReligiousCommunityName_wunggur_reformed];[GetReligiousCommunityName_wunggur_reformed];;[GetReligiousCommunityName_wunggur_reformed];;;;;;;;;x
secret_religious_society_wunggur_reformed_desc;[GetReligiousSocietyDesc_wunggur_reformed];[GetReligiousSocietyDesc_wunggur_reformed];[GetReligiousSocietyDesc_wunggur_reformed];;[GetReligiousSocietyDesc_wunggur_reformed];;;;;;;;;x
secret_religious_society_wunggur_reformed_currency;Devotion;Dévotion;Hingabe;;Devoción;;;;;;;;;x
secret_religious_society_wunggur_reformed_leader_desc;[GetSocietyLeaderDesc];[GetSocietyLeaderDesc];[GetSocietyLeaderDesc];;[GetSocietyLeaderDesc];;;;;;;;;x
alt_start_community_name_wunggur_reformed;The [wunggur_reformed.GetName] Faithful;Fidèles [wunggur_reformed.GetName]s;Die [wunggur_reformed.GetName]en Gläubigen;;Creyentes [wunggur_reformed.GetName]s;;;;;;;;;x
secretly_convert_to_wunggur_reformed_holy_site;Secretly Convert to [wunggur_reformed.GetName];Adopter en secret la foi [wunggur_reformed.GetName];Heimlich zum [wunggur_reformed.GetName] Glauben konvertieren;;Convertirse en secreto a la religión [wunggur_reformed.GetName];;;;;;;;;x
secretly_convert_to_wunggur_reformed_holy_site_desc;The §Y[wunggur_reformed.GetName]§! pilgrims that flock to the holy site in §Y[Root.Location.GetName]§! impress me with the depth and passion of their faith. I am tempted to convert in secrecy...;Les pèlerins §Y[wunggur_reformed.GetName]§! qui affluent vers le site saint en §Y[Root.Location.GetName]§! m'impressionnent avec la profondeur et la passion de leur foi. Je suis tenté[Root.Get_E] de me convertir en secret...;Die §Y[wunggur_reformed.GetName]istischen§! Pilger in §Y[Root.Location.GetName]§! beeindrucken mich durch die Tiefe und die Leidenschaft ihres Glaubens. Ich bin versucht, heimlich zu konvertieren ...;;Los peregrinos §Y[wunggur_reformed.GetName]§! que acuden en masa al lugar sagrado en §Y[Root.Location.GetName]§! me impresionan con la profundidad y la pasión de su fe. Me tienta convertirme en secreto...;;;;;;;;;x

secret_religious_society_sarna_pagan;[GetReligiousCommunityName_sarna_pagan];[GetReligiousCommunityName_sarna_pagan];[GetReligiousCommunityName_sarna_pagan];;[GetReligiousCommunityName_sarna_pagan];;;;;;;;;x
secret_religious_society_sarna_pagan_desc;[GetReligiousSocietyDesc_sarna_pagan];[GetReligiousSocietyDesc_sarna_pagan];[GetReligiousSocietyDesc_sarna_pagan];;[GetReligiousSocietyDesc_sarna_pagan];;;;;;;;;x
secret_religious_society_sarna_pagan_currency;Devotion;Dévotion;Hingabe;;Devoción;;;;;;;;;x
secret_religious_society_sarna_pagan_leader_desc;[GetSocietyLeaderDesc];[GetSocietyLeaderDesc];[GetSocietyLeaderDesc];;[GetSocietyLeaderDesc];;;;;;;;;x
alt_start_community_name_sarna_pagan;The [sarna_pagan.GetName] Faithful;Fidèles [sarna_pagan.GetName]s;Die [sarna_pagan.GetName]en Gläubigen;;Creyentes [sarna_pagan.GetName]s;;;;;;;;;x
secretly_convert_to_sarna_pagan_holy_site;Secretly Convert to [sarna_pagan.GetName];Adopter en secret la foi [sarna_pagan.GetName];Heimlich zum [sarna_pagan.GetName] Glauben konvertieren;;Convertirse en secreto a la religión [sarna_pagan.GetName];;;;;;;;;x
secretly_convert_to_sarna_pagan_holy_site_desc;The §Y[sarna_pagan.GetName]§! pilgrims that flock to the holy site in §Y[Root.Location.GetName]§! impress me with the depth and passion of their faith. I am tempted to convert in secrecy...;Les pèlerins §Y[sarna_pagan.GetName]§! qui affluent vers le site saint en §Y[Root.Location.GetName]§! m'impressionnent avec la profondeur et la passion de leur foi. Je suis tenté[Root.Get_E] de me convertir en secret...;Die §Y[sarna_pagan.GetName]istischen§! Pilger in §Y[Root.Location.GetName]§! beeindrucken mich durch die Tiefe und die Leidenschaft ihres Glaubens. Ich bin versucht, heimlich zu konvertieren ...;;Los peregrinos §Y[sarna_pagan.GetName]§! que acuden en masa al lugar sagrado en §Y[Root.Location.GetName]§! me impresionan con la profundidad y la pasión de su fe. Me tienta convertirme en secreto...;;;;;;;;;x

secret_religious_society_sarna_pagan_reformed;[GetReligiousCommunityName_sarna_pagan_reformed];[GetReligiousCommunityName_sarna_pagan_reformed];[GetReligiousCommunityName_sarna_pagan_reformed];;[GetReligiousCommunityName_sarna_pagan_reformed];;;;;;;;;x
secret_religious_society_sarna_pagan_reformed_desc;[GetReligiousSocietyDesc_sarna_pagan_reformed];[GetReligiousSocietyDesc_sarna_pagan_reformed];[GetReligiousSocietyDesc_sarna_pagan_reformed];;[GetReligiousSocietyDesc_sarna_pagan_reformed];;;;;;;;;x
secret_religious_society_sarna_pagan_reformed_currency;Devotion;Dévotion;Hingabe;;Devoción;;;;;;;;;x
secret_religious_society_sarna_pagan_reformed_leader_desc;[GetSocietyLeaderDesc];[GetSocietyLeaderDesc];[GetSocietyLeaderDesc];;[GetSocietyLeaderDesc];;;;;;;;;x
alt_start_community_name_sarna_pagan_reformed;The [sarna_pagan_reformed.GetName] Faithful;Fidèles [sarna_pagan_reformed.GetName]s;Die [sarna_pagan_reformed.GetName]en Gläubigen;;Creyentes [sarna_pagan_reformed.GetName]s;;;;;;;;;x
secretly_convert_to_sarna_pagan_reformed_holy_site;Secretly Convert to [sarna_pagan_reformed.GetName];Adopter en secret la foi [sarna_pagan_reformed.GetName];Heimlich zum [sarna_pagan_reformed.GetName] Glauben konvertieren;;Convertirse en secreto a la religión [sarna_pagan_reformed.GetName];;;;;;;;;x
secretly_convert_to_sarna_pagan_reformed_holy_site_desc;The §Y[sarna_pagan_reformed.GetName]§! pilgrims that flock to the holy site in §Y[Root.Location.GetName]§! impress me with the depth and passion of their faith. I am tempted to convert in secrecy...;Les pèlerins §Y[sarna_pagan_reformed.GetName]§! qui affluent vers le site saint en §Y[Root.Location.GetName]§! m'impressionnent avec la profondeur et la passion de leur foi. Je suis tenté[Root.Get_E] de me convertir en secret...;Die §Y[sarna_pagan_reformed.GetName]istischen§! Pilger in §Y[Root.Location.GetName]§! beeindrucken mich durch die Tiefe und die Leidenschaft ihres Glaubens. Ich bin versucht, heimlich zu konvertieren ...;;Los peregrinos §Y[sarna_pagan_reformed.GetName]§! que acuden en masa al lugar sagrado en §Y[Root.Location.GetName]§! me impresionan con la profundidad y la pasión de su fe. Me tienta convertirme en secreto...;;;;;;;;;x

secret_religious_society_alukta_pagan;[GetReligiousCommunityName_alukta_pagan];[GetReligiousCommunityName_alukta_pagan];[GetReligiousCommunityName_alukta_pagan];;[GetReligiousCommunityName_alukta_pagan];;;;;;;;;x
secret_religious_society_alukta_pagan_desc;[GetReligiousSocietyDesc_alukta_pagan];[GetReligiousSocietyDesc_alukta_pagan];[GetReligiousSocietyDesc_alukta_pagan];;[GetReligiousSocietyDesc_alukta_pagan];;;;;;;;;x
secret_religious_society_alukta_pagan_currency;Devotion;Dévotion;Hingabe;;Devoción;;;;;;;;;x
secret_religious_society_alukta_pagan_leader_desc;[GetSocietyLeaderDesc];[GetSocietyLeaderDesc];[GetSocietyLeaderDesc];;[GetSocietyLeaderDesc];;;;;;;;;x
alt_start_community_name_alukta_pagan;The [alukta_pagan.GetName] Faithful;Fidèles [alukta_pagan.GetName]s;Die [alukta_pagan.GetName]en Gläubigen;;Creyentes [alukta_pagan.GetName]s;;;;;;;;;x
secretly_convert_to_alukta_pagan_holy_site;Secretly Convert to [alukta_pagan.GetName];Adopter en secret la foi [alukta_pagan.GetName];Heimlich zum [alukta_pagan.GetName] Glauben konvertieren;;Convertirse en secreto a la religión [alukta_pagan.GetName];;;;;;;;;x
secretly_convert_to_alukta_pagan_holy_site_desc;The §Y[alukta_pagan.GetName]§! pilgrims that flock to the holy site in §Y[Root.Location.GetName]§! impress me with the depth and passion of their faith. I am tempted to convert in secrecy...;Les pèlerins §Y[alukta_pagan.GetName]§! qui affluent vers le site saint en §Y[Root.Location.GetName]§! m'impressionnent avec la profondeur et la passion de leur foi. Je suis tenté[Root.Get_E] de me convertir en secret...;Die §Y[alukta_pagan.GetName]istischen§! Pilger in §Y[Root.Location.GetName]§! beeindrucken mich durch die Tiefe und die Leidenschaft ihres Glaubens. Ich bin versucht, heimlich zu konvertieren ...;;Los peregrinos §Y[alukta_pagan.GetName]§! que acuden en masa al lugar sagrado en §Y[Root.Location.GetName]§! me impresionan con la profundidad y la pasión de su fe. Me tienta convertirme en secreto...;;;;;;;;;x

secret_religious_society_alukta_pagan_reformed;[GetReligiousCommunityName_alukta_pagan_reformed];[GetReligiousCommunityName_alukta_pagan_reformed];[GetReligiousCommunityName_alukta_pagan_reformed];;[GetReligiousCommunityName_alukta_pagan_reformed];;;;;;;;;x
secret_religious_society_alukta_pagan_reformed_desc;[GetReligiousSocietyDesc_alukta_pagan_reformed];[GetReligiousSocietyDesc_alukta_pagan_reformed];[GetReligiousSocietyDesc_alukta_pagan_reformed];;[GetReligiousSocietyDesc_alukta_pagan_reformed];;;;;;;;;x
secret_religious_society_alukta_pagan_reformed_currency;Devotion;Dévotion;Hingabe;;Devoción;;;;;;;;;x
secret_religious_society_alukta_pagan_reformed_leader_desc;[GetSocietyLeaderDesc];[GetSocietyLeaderDesc];[GetSocietyLeaderDesc];;[GetSocietyLeaderDesc];;;;;;;;;x
alt_start_community_name_alukta_pagan_reformed;The [alukta_pagan_reformed.GetName] Faithful;Fidèles [alukta_pagan_reformed.GetName]s;Die [alukta_pagan_reformed.GetName]en Gläubigen;;Creyentes [alukta_pagan_reformed.GetName]s;;;;;;;;;x
secretly_convert_to_alukta_pagan_reformed_holy_site;Secretly Convert to [alukta_pagan_reformed.GetName];Adopter en secret la foi [alukta_pagan_reformed.GetName];Heimlich zum [alukta_pagan_reformed.GetName] Glauben konvertieren;;Convertirse en secreto a la religión [alukta_pagan_reformed.GetName];;;;;;;;;x
secretly_convert_to_alukta_pagan_reformed_holy_site_desc;The §Y[alukta_pagan_reformed.GetName]§! pilgrims that flock to the holy site in §Y[Root.Location.GetName]§! impress me with the depth and passion of their faith. I am tempted to convert in secrecy...;Les pèlerins §Y[alukta_pagan_reformed.GetName]§! qui affluent vers le site saint en §Y[Root.Location.GetName]§! m'impressionnent avec la profondeur et la passion de leur foi. Je suis tenté[Root.Get_E] de me convertir en secret...;Die §Y[alukta_pagan_reformed.GetName]istischen§! Pilger in §Y[Root.Location.GetName]§! beeindrucken mich durch die Tiefe und die Leidenschaft ihres Glaubens. Ich bin versucht, heimlich zu konvertieren ...;;Los peregrinos §Y[alukta_pagan_reformed.GetName]§! que acuden en masa al lugar sagrado en §Y[Root.Location.GetName]§! me impresionan con la profundidad y la pasión de su fe. Me tienta convertirme en secreto...;;;;;;;;;x

secret_religious_society_combuddhist;[GetReligiousCommunityName_combuddhist];[GetReligiousCommunityName_combuddhist];[GetReligiousCommunityName_combuddhist];;[GetReligiousCommunityName_combuddhist];;;;;;;;;x
secret_religious_society_combuddhist_desc;[GetReligiousSocietyDesc_combuddhist];[GetReligiousSocietyDesc_combuddhist];[GetReligiousSocietyDesc_combuddhist];;[GetReligiousSocietyDesc_combuddhist];;;;;;;;;x
secret_religious_society_combuddhist_currency;Devotion;Dévotion;Hingabe;;Devoción;;;;;;;;;x
secret_religious_society_combuddhist_leader_desc;[GetSocietyLeaderDesc];[GetSocietyLeaderDesc];[GetSocietyLeaderDesc];;[GetSocietyLeaderDesc];;;;;;;;;x
alt_start_community_name_combuddhist;The [combuddhist.GetName] Faithful;Fidèles [combuddhist.GetName]s;Die [combuddhist.GetName]en Gläubigen;;Creyentes [combuddhist.GetName]s;;;;;;;;;x
secretly_convert_to_combuddhist_holy_site;Secretly Convert to [combuddhist.GetName];Adopter en secret la foi [combuddhist.GetName];Heimlich zum [combuddhist.GetName] Glauben konvertieren;;Convertirse en secreto a la religión [combuddhist.GetName];;;;;;;;;x
secretly_convert_to_combuddhist_holy_site_desc;The §Y[combuddhist.GetName]§! pilgrims that flock to the holy site in §Y[Root.Location.GetName]§! impress me with the depth and passion of their faith. I am tempted to convert in secrecy...;Les pèlerins §Y[combuddhist.GetName]§! qui affluent vers le site saint en §Y[Root.Location.GetName]§! m'impressionnent avec la profondeur et la passion de leur foi. Je suis tenté[Root.Get_E] de me convertir en secret...;Die §Y[combuddhist.GetName]istischen§! Pilger in §Y[Root.Location.GetName]§! beeindrucken mich durch die Tiefe und die Leidenschaft ihres Glaubens. Ich bin versucht, heimlich zu konvertieren ...;;Los peregrinos §Y[combuddhist.GetName]§! que acuden en masa al lugar sagrado en §Y[Root.Location.GetName]§! me impresionan con la profundidad y la pasión de su fe. Me tienta convertirme en secreto...;;;;;;;;;x

secret_religious_society_caodai;[GetReligiousCommunityName_caodai];[GetReligiousCommunityName_caodai];[GetReligiousCommunityName_caodai];;[GetReligiousCommunityName_caodai];;;;;;;;;x
secret_religious_society_caodai_desc;[GetReligiousSocietyDesc_caodai];[GetReligiousSocietyDesc_caodai];[GetReligiousSocietyDesc_caodai];;[GetReligiousSocietyDesc_caodai];;;;;;;;;x
secret_religious_society_caodai_currency;Devotion;Dévotion;Hingabe;;Devoción;;;;;;;;;x
secret_religious_society_caodai_leader_desc;[GetSocietyLeaderDesc];[GetSocietyLeaderDesc];[GetSocietyLeaderDesc];;[GetSocietyLeaderDesc];;;;;;;;;x
alt_start_community_name_caodai;The [caodai.GetName] Faithful;Fidèles [caodai.GetName]s;Die [caodai.GetName]en Gläubigen;;Creyentes [caodai.GetName]s;;;;;;;;;x
secretly_convert_to_caodai_holy_site;Secretly Convert to [caodai.GetName];Adopter en secret la foi [caodai.GetName];Heimlich zum [caodai.GetName] Glauben konvertieren;;Convertirse en secreto a la religión [caodai.GetName];;;;;;;;;x
secretly_convert_to_caodai_holy_site_desc;The §Y[caodai.GetName]§! pilgrims that flock to the holy site in §Y[Root.Location.GetName]§! impress me with the depth and passion of their faith. I am tempted to convert in secrecy...;Les pèlerins §Y[caodai.GetName]§! qui affluent vers le site saint en §Y[Root.Location.GetName]§! m'impressionnent avec la profondeur et la passion de leur foi. Je suis tenté[Root.Get_E] de me convertir en secret...;Die §Y[caodai.GetName]istischen§! Pilger in §Y[Root.Location.GetName]§! beeindrucken mich durch die Tiefe und die Leidenschaft ihres Glaubens. Ich bin versucht, heimlich zu konvertieren ...;;Los peregrinos §Y[caodai.GetName]§! que acuden en masa al lugar sagrado en §Y[Root.Location.GetName]§! me impresionan con la profundidad y la pasión de su fe. Me tienta convertirme en secreto...;;;;;;;;;x

secret_religious_society_satsana_pi_pagan;[GetReligiousCommunityName_satsana_pi_pagan];[GetReligiousCommunityName_satsana_pi_pagan];[GetReligiousCommunityName_satsana_pi_pagan];;[GetReligiousCommunityName_satsana_pi_pagan];;;;;;;;;x
secret_religious_society_satsana_pi_pagan_desc;[GetReligiousSocietyDesc_satsana_pi_pagan];[GetReligiousSocietyDesc_satsana_pi_pagan];[GetReligiousSocietyDesc_satsana_pi_pagan];;[GetReligiousSocietyDesc_satsana_pi_pagan];;;;;;;;;x
secret_religious_society_satsana_pi_pagan_currency;Devotion;Dévotion;Hingabe;;Devoción;;;;;;;;;x
secret_religious_society_satsana_pi_pagan_leader_desc;[GetSocietyLeaderDesc];[GetSocietyLeaderDesc];[GetSocietyLeaderDesc];;[GetSocietyLeaderDesc];;;;;;;;;x
alt_start_community_name_satsana_pi_pagan;The [satsana_pi_pagan.GetName] Faithful;Fidèles [satsana_pi_pagan.GetName]s;Die [satsana_pi_pagan.GetName]en Gläubigen;;Creyentes [satsana_pi_pagan.GetName]s;;;;;;;;;x
secretly_convert_to_satsana_pi_pagan_holy_site;Secretly Convert to [satsana_pi_pagan.GetName];Adopter en secret la foi [satsana_pi_pagan.GetName];Heimlich zum [satsana_pi_pagan.GetName] Glauben konvertieren;;Convertirse en secreto a la religión [satsana_pi_pagan.GetName];;;;;;;;;x
secretly_convert_to_satsana_pi_pagan_holy_site_desc;The §Y[satsana_pi_pagan.GetName]§! pilgrims that flock to the holy site in §Y[Root.Location.GetName]§! impress me with the depth and passion of their faith. I am tempted to convert in secrecy...;Les pèlerins §Y[satsana_pi_pagan.GetName]§! qui affluent vers le site saint en §Y[Root.Location.GetName]§! m'impressionnent avec la profondeur et la passion de leur foi. Je suis tenté[Root.Get_E] de me convertir en secret...;Die §Y[satsana_pi_pagan.GetName]istischen§! Pilger in §Y[Root.Location.GetName]§! beeindrucken mich durch die Tiefe und die Leidenschaft ihres Glaubens. Ich bin versucht, heimlich zu konvertieren ...;;Los peregrinos §Y[satsana_pi_pagan.GetName]§! que acuden en masa al lugar sagrado en §Y[Root.Location.GetName]§! me impresionan con la profundidad y la pasión de su fe. Me tienta convertirme en secreto...;;;;;;;;;x

secret_religious_society_satsana_pi_pagan_reformed;[GetReligiousCommunityName_satsana_pi_pagan_reformed];[GetReligiousCommunityName_satsana_pi_pagan_reformed];[GetReligiousCommunityName_satsana_pi_pagan_reformed];;[GetReligiousCommunityName_satsana_pi_pagan_reformed];;;;;;;;;x
secret_religious_society_satsana_pi_pagan_reformed_desc;[GetReligiousSocietyDesc_satsana_pi_pagan_reformed];[GetReligiousSocietyDesc_satsana_pi_pagan_reformed];[GetReligiousSocietyDesc_satsana_pi_pagan_reformed];;[GetReligiousSocietyDesc_satsana_pi_pagan_reformed];;;;;;;;;x
secret_religious_society_satsana_pi_pagan_reformed_currency;Devotion;Dévotion;Hingabe;;Devoción;;;;;;;;;x
secret_religious_society_satsana_pi_pagan_reformed_leader_desc;[GetSocietyLeaderDesc];[GetSocietyLeaderDesc];[GetSocietyLeaderDesc];;[GetSocietyLeaderDesc];;;;;;;;;x
alt_start_community_name_satsana_pi_pagan_reformed;The [satsana_pi_pagan_reformed.GetName] Faithful;Fidèles [satsana_pi_pagan_reformed.GetName]s;Die [satsana_pi_pagan_reformed.GetName]en Gläubigen;;Creyentes [satsana_pi_pagan_reformed.GetName]s;;;;;;;;;x
secretly_convert_to_satsana_pi_pagan_reformed_holy_site;Secretly Convert to [satsana_pi_pagan_reformed.GetName];Adopter en secret la foi [satsana_pi_pagan_reformed.GetName];Heimlich zum [satsana_pi_pagan_reformed.GetName] Glauben konvertieren;;Convertirse en secreto a la religión [satsana_pi_pagan_reformed.GetName];;;;;;;;;x
secretly_convert_to_satsana_pi_pagan_reformed_holy_site_desc;The §Y[satsana_pi_pagan_reformed.GetName]§! pilgrims that flock to the holy site in §Y[Root.Location.GetName]§! impress me with the depth and passion of their faith. I am tempted to convert in secrecy...;Les pèlerins §Y[satsana_pi_pagan_reformed.GetName]§! qui affluent vers le site saint en §Y[Root.Location.GetName]§! m'impressionnent avec la profondeur et la passion de leur foi. Je suis tenté[Root.Get_E] de me convertir en secret...;Die §Y[satsana_pi_pagan_reformed.GetName]istischen§! Pilger in §Y[Root.Location.GetName]§! beeindrucken mich durch die Tiefe und die Leidenschaft ihres Glaubens. Ich bin versucht, heimlich zu konvertieren ...;;Los peregrinos §Y[satsana_pi_pagan_reformed.GetName]§! que acuden en masa al lugar sagrado en §Y[Root.Location.GetName]§! me impresionan con la profundidad y la pasión de su fe. Me tienta convertirme en secreto...;;;;;;;;;x

secret_religious_society_ho_cult;[GetReligiousCommunityName_ho_cult];[GetReligiousCommunityName_ho_cult];[GetReligiousCommunityName_ho_cult];;[GetReligiousCommunityName_ho_cult];;;;;;;;;x
secret_religious_society_ho_cult_desc;[GetReligiousSocietyDesc_ho_cult];[GetReligiousSocietyDesc_ho_cult];[GetReligiousSocietyDesc_ho_cult];;[GetReligiousSocietyDesc_ho_cult];;;;;;;;;x
secret_religious_society_ho_cult_currency;Devotion;Dévotion;Hingabe;;Devoción;;;;;;;;;x
secret_religious_society_ho_cult_leader_desc;[GetSocietyLeaderDesc];[GetSocietyLeaderDesc];[GetSocietyLeaderDesc];;[GetSocietyLeaderDesc];;;;;;;;;x
alt_start_community_name_ho_cult;The [ho_cult.GetName] Faithful;Fidèles [ho_cult.GetName]s;Die [ho_cult.GetName]en Gläubigen;;Creyentes [ho_cult.GetName]s;;;;;;;;;x
secretly_convert_to_ho_cult_holy_site;Secretly Convert to [ho_cult.GetName];Adopter en secret la foi [ho_cult.GetName];Heimlich zum [ho_cult.GetName] Glauben konvertieren;;Convertirse en secreto a la religión [ho_cult.GetName];;;;;;;;;x
secretly_convert_to_ho_cult_holy_site_desc;The §Y[ho_cult.GetName]§! pilgrims that flock to the holy site in §Y[Root.Location.GetName]§! impress me with the depth and passion of their faith. I am tempted to convert in secrecy...;Les pèlerins §Y[ho_cult.GetName]§! qui affluent vers le site saint en §Y[Root.Location.GetName]§! m'impressionnent avec la profondeur et la passion de leur foi. Je suis tenté[Root.Get_E] de me convertir en secret...;Die §Y[ho_cult.GetName]istischen§! Pilger in §Y[Root.Location.GetName]§! beeindrucken mich durch die Tiefe und die Leidenschaft ihres Glaubens. Ich bin versucht, heimlich zu konvertieren ...;;Los peregrinos §Y[ho_cult.GetName]§! que acuden en masa al lugar sagrado en §Y[Root.Location.GetName]§! me impresionan con la profundidad y la pasión de su fe. Me tienta convertirme en secreto...;;;;;;;;;x

secret_religious_society_pusaka;[GetReligiousCommunityName_pusaka];[GetReligiousCommunityName_pusaka];[GetReligiousCommunityName_pusaka];;[GetReligiousCommunityName_pusaka];;;;;;;;;x
secret_religious_society_pusaka_desc;[GetReligiousSocietyDesc_pusaka];[GetReligiousSocietyDesc_pusaka];[GetReligiousSocietyDesc_pusaka];;[GetReligiousSocietyDesc_pusaka];;;;;;;;;x
secret_religious_society_pusaka_currency;Devotion;Dévotion;Hingabe;;Devoción;;;;;;;;;x
secret_religious_society_pusaka_leader_desc;[GetSocietyLeaderDesc];[GetSocietyLeaderDesc];[GetSocietyLeaderDesc];;[GetSocietyLeaderDesc];;;;;;;;;x
alt_start_community_name_pusaka;The [pusaka.GetName] Faithful;Fidèles [pusaka.GetName]s;Die [pusaka.GetName]en Gläubigen;;Creyentes [pusaka.GetName]s;;;;;;;;;x
secretly_convert_to_pusaka_holy_site;Secretly Convert to [pusaka.GetName];Adopter en secret la foi [pusaka.GetName];Heimlich zum [pusaka.GetName] Glauben konvertieren;;Convertirse en secreto a la religión [pusaka.GetName];;;;;;;;;x
secretly_convert_to_pusaka_holy_site_desc;The §Y[pusaka.GetName]§! pilgrims that flock to the holy site in §Y[Root.Location.GetName]§! impress me with the depth and passion of their faith. I am tempted to convert in secrecy...;Les pèlerins §Y[pusaka.GetName]§! qui affluent vers le site saint en §Y[Root.Location.GetName]§! m'impressionnent avec la profondeur et la passion de leur foi. Je suis tenté[Root.Get_E] de me convertir en secret...;Die §Y[pusaka.GetName]istischen§! Pilger in §Y[Root.Location.GetName]§! beeindrucken mich durch die Tiefe und die Leidenschaft ihres Glaubens. Ich bin versucht, heimlich zu konvertieren ...;;Los peregrinos §Y[pusaka.GetName]§! que acuden en masa al lugar sagrado en §Y[Root.Location.GetName]§! me impresionan con la profundidad y la pasión de su fe. Me tienta convertirme en secreto...;;;;;;;;;x

secret_religious_society_syafi;[GetReligiousCommunityName_syafi];[GetReligiousCommunityName_syafi];[GetReligiousCommunityName_syafi];;[GetReligiousCommunityName_syafi];;;;;;;;;x
secret_religious_society_syafi_desc;[GetReligiousSocietyDesc_syafi];[GetReligiousSocietyDesc_syafi];[GetReligiousSocietyDesc_syafi];;[GetReligiousSocietyDesc_syafi];;;;;;;;;x
secret_religious_society_syafi_currency;Devotion;Dévotion;Hingabe;;Devoción;;;;;;;;;x
secret_religious_society_syafi_leader_desc;[GetSocietyLeaderDesc];[GetSocietyLeaderDesc];[GetSocietyLeaderDesc];;[GetSocietyLeaderDesc];;;;;;;;;x
alt_start_community_name_syafi;The [syafi.GetName] Faithful;Fidèles [syafi.GetName]s;Die [syafi.GetName]en Gläubigen;;Creyentes [syafi.GetName]s;;;;;;;;;x
secretly_convert_to_syafi_holy_site;Secretly Convert to [syafi.GetName];Adopter en secret la foi [syafi.GetName];Heimlich zum [syafi.GetName] Glauben konvertieren;;Convertirse en secreto a la religión [syafi.GetName];;;;;;;;;x
secretly_convert_to_syafi_holy_site_desc;The §Y[syafi.GetName]§! pilgrims that flock to the holy site in §Y[Root.Location.GetName]§! impress me with the depth and passion of their faith. I am tempted to convert in secrecy...;Les pèlerins §Y[syafi.GetName]§! qui affluent vers le site saint en §Y[Root.Location.GetName]§! m'impressionnent avec la profondeur et la passion de leur foi. Je suis tenté[Root.Get_E] de me convertir en secret...;Die §Y[syafi.GetName]istischen§! Pilger in §Y[Root.Location.GetName]§! beeindrucken mich durch die Tiefe und die Leidenschaft ihres Glaubens. Ich bin versucht, heimlich zu konvertieren ...;;Los peregrinos §Y[syafi.GetName]§! que acuden en masa al lugar sagrado en §Y[Root.Location.GetName]§! me impresionan con la profundidad y la pasión de su fe. Me tienta convertirme en secreto...;;;;;;;;;x

secret_religious_society_ramadi;[GetReligiousCommunityName_ramadi];[GetReligiousCommunityName_ramadi];[GetReligiousCommunityName_ramadi];;[GetReligiousCommunityName_ramadi];;;;;;;;;x
secret_religious_society_ramadi_desc;[GetReligiousSocietyDesc_ramadi];[GetReligiousSocietyDesc_ramadi];[GetReligiousSocietyDesc_ramadi];;[GetReligiousSocietyDesc_ramadi];;;;;;;;;x
secret_religious_society_ramadi_currency;Devotion;Dévotion;Hingabe;;Devoción;;;;;;;;;x
secret_religious_society_ramadi_leader_desc;[GetSocietyLeaderDesc];[GetSocietyLeaderDesc];[GetSocietyLeaderDesc];;[GetSocietyLeaderDesc];;;;;;;;;x
alt_start_community_name_ramadi;The [ramadi.GetName] Faithful;Fidèles [ramadi.GetName]s;Die [ramadi.GetName]en Gläubigen;;Creyentes [ramadi.GetName]s;;;;;;;;;x
secretly_convert_to_ramadi_holy_site;Secretly Convert to [ramadi.GetName];Adopter en secret la foi [ramadi.GetName];Heimlich zum [ramadi.GetName] Glauben konvertieren;;Convertirse en secreto a la religión [ramadi.GetName];;;;;;;;;x
secretly_convert_to_ramadi_holy_site_desc;The §Y[ramadi.GetName]§! pilgrims that flock to the holy site in §Y[Root.Location.GetName]§! impress me with the depth and passion of their faith. I am tempted to convert in secrecy...;Les pèlerins §Y[ramadi.GetName]§! qui affluent vers le site saint en §Y[Root.Location.GetName]§! m'impressionnent avec la profondeur et la passion de leur foi. Je suis tenté[Root.Get_E] de me convertir en secret...;Die §Y[ramadi.GetName]istischen§! Pilger in §Y[Root.Location.GetName]§! beeindrucken mich durch die Tiefe und die Leidenschaft ihres Glaubens. Ich bin versucht, heimlich zu konvertieren ...;;Los peregrinos §Y[ramadi.GetName]§! que acuden en masa al lugar sagrado en §Y[Root.Location.GetName]§! me impresionan con la profundidad y la pasión de su fe. Me tienta convertirme en secreto...;;;;;;;;;x

secret_religious_society_numic;[GetReligiousCommunityName_numic];[GetReligiousCommunityName_numic];[GetReligiousCommunityName_numic];;[GetReligiousCommunityName_numic];;;;;;;;;x
secret_religious_society_numic_desc;[GetReligiousSocietyDesc_numic];[GetReligiousSocietyDesc_numic];[GetReligiousSocietyDesc_numic];;[GetReligiousSocietyDesc_numic];;;;;;;;;x
secret_religious_society_numic_currency;Devotion;Dévotion;Hingabe;;Devoción;;;;;;;;;x
secret_religious_society_numic_leader_desc;[GetSocietyLeaderDesc];[GetSocietyLeaderDesc];[GetSocietyLeaderDesc];;[GetSocietyLeaderDesc];;;;;;;;;x
alt_start_community_name_numic;The [numic.GetName] Faithful;Fidèles [numic.GetName]s;Die [numic.GetName]en Gläubigen;;Creyentes [numic.GetName]s;;;;;;;;;x
secretly_convert_to_numic_holy_site;Secretly Convert to [numic.GetName];Adopter en secret la foi [numic.GetName];Heimlich zum [numic.GetName] Glauben konvertieren;;Convertirse en secreto a la religión [numic.GetName];;;;;;;;;x
secretly_convert_to_numic_holy_site_desc;The §Y[numic.GetName]§! pilgrims that flock to the holy site in §Y[Root.Location.GetName]§! impress me with the depth and passion of their faith. I am tempted to convert in secrecy...;Les pèlerins §Y[numic.GetName]§! qui affluent vers le site saint en §Y[Root.Location.GetName]§! m'impressionnent avec la profondeur et la passion de leur foi. Je suis tenté[Root.Get_E] de me convertir en secret...;Die §Y[numic.GetName]istischen§! Pilger in §Y[Root.Location.GetName]§! beeindrucken mich durch die Tiefe und die Leidenschaft ihres Glaubens. Ich bin versucht, heimlich zu konvertieren ...;;Los peregrinos §Y[numic.GetName]§! que acuden en masa al lugar sagrado en §Y[Root.Location.GetName]§! me impresionan con la profundidad y la pasión de su fe. Me tienta convertirme en secreto...;;;;;;;;;x

secret_religious_society_numic_reformed;[GetReligiousCommunityName_numic_reformed];[GetReligiousCommunityName_numic_reformed];[GetReligiousCommunityName_numic_reformed];;[GetReligiousCommunityName_numic_reformed];;;;;;;;;x
secret_religious_society_numic_reformed_desc;[GetReligiousSocietyDesc_numic_reformed];[GetReligiousSocietyDesc_numic_reformed];[GetReligiousSocietyDesc_numic_reformed];;[GetReligiousSocietyDesc_numic_reformed];;;;;;;;;x
secret_religious_society_numic_reformed_currency;Devotion;Dévotion;Hingabe;;Devoción;;;;;;;;;x
secret_religious_society_numic_reformed_leader_desc;[GetSocietyLeaderDesc];[GetSocietyLeaderDesc];[GetSocietyLeaderDesc];;[GetSocietyLeaderDesc];;;;;;;;;x
alt_start_community_name_numic_reformed;The [numic_reformed.GetName] Faithful;Fidèles [numic_reformed.GetName]s;Die [numic_reformed.GetName]en Gläubigen;;Creyentes [numic_reformed.GetName]s;;;;;;;;;x
secretly_convert_to_numic_reformed_holy_site;Secretly Convert to [numic_reformed.GetName];Adopter en secret la foi [numic_reformed.GetName];Heimlich zum [numic_reformed.GetName] Glauben konvertieren;;Convertirse en secreto a la religión [numic_reformed.GetName];;;;;;;;;x
secretly_convert_to_numic_reformed_holy_site_desc;The §Y[numic_reformed.GetName]§! pilgrims that flock to the holy site in §Y[Root.Location.GetName]§! impress me with the depth and passion of their faith. I am tempted to convert in secrecy...;Les pèlerins §Y[numic_reformed.GetName]§! qui affluent vers le site saint en §Y[Root.Location.GetName]§! m'impressionnent avec la profondeur et la passion de leur foi. Je suis tenté[Root.Get_E] de me convertir en secret...;Die §Y[numic_reformed.GetName]istischen§! Pilger in §Y[Root.Location.GetName]§! beeindrucken mich durch die Tiefe und die Leidenschaft ihres Glaubens. Ich bin versucht, heimlich zu konvertieren ...;;Los peregrinos §Y[numic_reformed.GetName]§! que acuden en masa al lugar sagrado en §Y[Root.Location.GetName]§! me impresionan con la profundidad y la pasión de su fe. Me tienta convertirme en secreto...;;;;;;;;;x

secret_religious_society_blue_star;[GetReligiousCommunityName_wuist];[GetReligiousCommunityName_wuist];[GetReligiousCommunityName_wuist];;[GetReligiousCommunityName_wuist];;;;;;;;;x
secret_religious_society_blue_star_desc;[GetReligiousSocietyDesc_wuist];[GetReligiousSocietyDesc_wuist];[GetReligiousSocietyDesc_wuist];;[GetReligiousSocietyDesc_wuist];;;;;;;;;x
secret_religious_society_blue_star_currency;Devotion;Dévotion;Hingabe;;Devoción;;;;;;;;;x
secret_religious_society_blue_star_leader_desc;[GetSocietyLeaderDesc];[GetSocietyLeaderDesc];[GetSocietyLeaderDesc];;[GetSocietyLeaderDesc];;;;;;;;;x
alt_start_community_name_blue_star;The [wuist.GetName] Faithful;Fidèles [wuist.GetName]s;Die [wuist.GetName]en Gläubigen;;Creyentes [wuist.GetName]s;;;;;;;;;x
secretly_convert_to_blue_star_holy_site;Secretly Convert to [wuist.GetName];Adopter en secret la foi [wuist.GetName];Heimlich zum [wuist.GetName] Glauben konvertieren;;Convertirse en secreto a la religión [wuist.GetName];;;;;;;;;x
secretly_convert_to_blue_star_holy_site_desc;The §Y[wuist.GetName]§! pilgrims that flock to the holy site in §Y[Root.Location.GetName]§! impress me with the depth and passion of their faith. I am tempted to convert in secrecy...;Les pèlerins §Y[wuist.GetName]§! qui affluent vers le site saint en §Y[Root.Location.GetName]§! m'impressionnent avec la profondeur et la passion de leur foi. Je suis tenté[Root.Get_E] de me convertir en secret...;Die §Y[wuist.GetName]istischen§! Pilger in §Y[Root.Location.GetName]§! beeindrucken mich durch die Tiefe und die Leidenschaft ihres Glaubens. Ich bin versucht, heimlich zu konvertieren ...;;Los peregrinos §Y[wuist.GetName]§! que acuden en masa al lugar sagrado en §Y[Root.Location.GetName]§! me impresionan con la profundidad y la pasión de su fe. Me tienta convertirme en secreto...;;;;;;;;;x

secret_religious_society_blue_star_reformed;[GetReligiousCommunityName_blue_star_reformed];[GetReligiousCommunityName_blue_star_reformed];[GetReligiousCommunityName_blue_star_reformed];;[GetReligiousCommunityName_blue_star_reformed];;;;;;;;;x
secret_religious_society_blue_star_reformed_desc;[GetReligiousSocietyDesc_blue_star_reformed];[GetReligiousSocietyDesc_blue_star_reformed];[GetReligiousSocietyDesc_blue_star_reformed];;[GetReligiousSocietyDesc_blue_star_reformed];;;;;;;;;x
secret_religious_society_blue_star_reformed_currency;Devotion;Dévotion;Hingabe;;Devoción;;;;;;;;;x
secret_religious_society_blue_star_reformed_leader_desc;[GetSocietyLeaderDesc];[GetSocietyLeaderDesc];[GetSocietyLeaderDesc];;[GetSocietyLeaderDesc];;;;;;;;;x
alt_start_community_name_blue_star_reformed;The [blue_star_reformed.GetName] Faithful;Fidèles [blue_star_reformed.GetName]s;Die [blue_star_reformed.GetName]en Gläubigen;;Creyentes [blue_star_reformed.GetName]s;;;;;;;;;x
secretly_convert_to_blue_star_reformed_holy_site;Secretly Convert to [blue_star_reformed.GetName];Adopter en secret la foi [blue_star_reformed.GetName];Heimlich zum [blue_star_reformed.GetName] Glauben konvertieren;;Convertirse en secreto a la religión [blue_star_reformed.GetName];;;;;;;;;x
secretly_convert_to_blue_star_reformed_holy_site_desc;The §Y[blue_star_reformed.GetName]§! pilgrims that flock to the holy site in §Y[Root.Location.GetName]§! impress me with the depth and passion of their faith. I am tempted to convert in secrecy...;Les pèlerins §Y[blue_star_reformed.GetName]§! qui affluent vers le site saint en §Y[Root.Location.GetName]§! m'impressionnent avec la profondeur et la passion de leur foi. Je suis tenté[Root.Get_E] de me convertir en secret...;Die §Y[blue_star_reformed.GetName]istischen§! Pilger in §Y[Root.Location.GetName]§! beeindrucken mich durch die Tiefe und die Leidenschaft ihres Glaubens. Ich bin versucht, heimlich zu konvertieren ...;;Los peregrinos §Y[blue_star_reformed.GetName]§! que acuden en masa al lugar sagrado en §Y[Root.Location.GetName]§! me impresionan con la profundidad y la pasión de su fe. Me tienta convertirme en secreto...;;;;;;;;;x

secret_religious_society_combuddhist;[GetReligiousCommunityName_combuddhist];[GetReligiousCommunityName_combuddhist];[GetReligiousCommunityName_combuddhist];;[GetReligiousCommunityName_combuddhist];;;;;;;;;x
secret_religious_society_combuddhist_desc;[GetReligiousSocietyDesc_combuddhist];[GetReligiousSocietyDesc_combuddhist];[GetReligiousSocietyDesc_combuddhist];;[GetReligiousSocietyDesc_combuddhist];;;;;;;;;x
secret_religious_society_combuddhist_currency;Devotion;Dévotion;Hingabe;;Devoción;;;;;;;;;x
secret_religious_society_combuddhist_leader_desc;[GetSocietyLeaderDesc];[GetSocietyLeaderDesc];[GetSocietyLeaderDesc];;[GetSocietyLeaderDesc];;;;;;;;;x
alt_start_community_name_combuddhist;The [combuddhist.GetName] Faithful;Fidèles [combuddhist.GetName]s;Die [combuddhist.GetName]en Gläubigen;;Creyentes [combuddhist.GetName]s;;;;;;;;;x
secretly_convert_to_combuddhist_holy_site;Secretly Convert to [combuddhist.GetName];Adopter en secret la foi [combuddhist.GetName];Heimlich zum [combuddhist.GetName] Glauben konvertieren;;Convertirse en secreto a la religión [combuddhist.GetName];;;;;;;;;x
secretly_convert_to_combuddhist_holy_site_desc;The §Y[combuddhist.GetName]§! pilgrims that flock to the holy site in §Y[Root.Location.GetName]§! impress me with the depth and passion of their faith. I am tempted to convert in secrecy...;Les pèlerins §Y[combuddhist.GetName]§! qui affluent vers le site saint en §Y[Root.Location.GetName]§! m'impressionnent avec la profondeur et la passion de leur foi. Je suis tenté[Root.Get_E] de me convertir en secret...;Die §Y[combuddhist.GetName]istischen§! Pilger in §Y[Root.Location.GetName]§! beeindrucken mich durch die Tiefe und die Leidenschaft ihres Glaubens. Ich bin versucht, heimlich zu konvertieren ...;;Los peregrinos §Y[combuddhist.GetName]§! que acuden en masa al lugar sagrado en §Y[Root.Location.GetName]§! me impresionan con la profundidad y la pasión de su fe. Me tienta convertirme en secreto...;;;;;;;;;x


secret_religious_society_anglican;[GetReligiousCommunityName_anglican];[GetReligiousCommunityName_anglican];[GetReligiousCommunityName_anglican];;[GetReligiousCommunityName_anglican];;;;;;;;;x
secret_religious_society_anglican_desc;[GetReligiousSocietyDesc_anglican];[GetReligiousSocietyDesc_anglican];[GetReligiousSocietyDesc_anglican];;[GetReligiousSocietyDesc_anglican];;;;;;;;;x
secret_religious_society_anglican_currency;Devotion;Dévotion;Hingabe;;Devoción;;;;;;;;;x
secret_religious_society_anglican_leader_desc;[GetSocietyLeaderDesc];[GetSocietyLeaderDesc];[GetSocietyLeaderDesc];;[GetSocietyLeaderDesc];;;;;;;;;x
alt_start_community_name_anglican;The [anglican.GetName] Faithful;Fidèles [anglican.GetName]s;Die [anglican.GetName]en Gläubigen;;Creyentes [anglican.GetName]s;;;;;;;;;x
secretly_convert_to_anglican_holy_site;Secretly Convert to [anglican.GetName];Adopter en secret la foi [anglican.GetName];Heimlich zum [anglican.GetName] Glauben konvertieren;;Convertirse en secreto a la religión [anglican.GetName];;;;;;;;;x
secretly_convert_to_anglican_holy_site_desc;The §Y[anglican.GetName]§! pilgrims that flock to the holy site in §Y[Root.Location.GetName]§! impress me with the depth and passion of their faith. I am tempted to convert in secrecy...;Les pèlerins §Y[anglican.GetName]§! qui affluent vers le site saint en §Y[Root.Location.GetName]§! m'impressionnent avec la profondeur et la passion de leur foi. Je suis tenté[Root.Get_E] de me convertir en secret...;Die §Y[anglican.GetName]istischen§! Pilger in §Y[Root.Location.GetName]§! beeindrucken mich durch die Tiefe und die Leidenschaft ihres Glaubens. Ich bin versucht, heimlich zu konvertieren ...;;Los peregrinos §Y[anglican.GetName]§! que acuden en masa al lugar sagrado en §Y[Root.Location.GetName]§! me impresionan con la profundidad y la pasión de su fe. Me tienta convertirme en secreto...;;;;;;;;;x

secret_religious_society_highchurch;[GetReligiousCommunityName_highchurch];[GetReligiousCommunityName_highchurch];[GetReligiousCommunityName_highchurch];;[GetReligiousCommunityName_highchurch];;;;;;;;;x
secret_religious_society_highchurch_desc;[GetReligiousSocietyDesc_highchurch];[GetReligiousSocietyDesc_highchurch];[GetReligiousSocietyDesc_highchurch];;[GetReligiousSocietyDesc_highchurch];;;;;;;;;x
secret_religious_society_highchurch_currency;Devotion;Dévotion;Hingabe;;Devoción;;;;;;;;;x
secret_religious_society_highchurch_leader_desc;[GetSocietyLeaderDesc];[GetSocietyLeaderDesc];[GetSocietyLeaderDesc];;[GetSocietyLeaderDesc];;;;;;;;;x
alt_start_community_name_highchurch;The [highchurch.GetName] Faithful;Fidèles [highchurch.GetName]s;Die [highchurch.GetName]en Gläubigen;;Creyentes [highchurch.GetName]s;;;;;;;;;x
secretly_convert_to_highchurch_holy_site;Secretly Convert to [highchurch.GetName];Adopter en secret la foi [highchurch.GetName];Heimlich zum [highchurch.GetName] Glauben konvertieren;;Convertirse en secreto a la religión [highchurch.GetName];;;;;;;;;x
secretly_convert_to_highchurch_holy_site_desc;The §Y[highchurch.GetName]§! pilgrims that flock to the holy site in §Y[Root.Location.GetName]§! impress me with the depth and passion of their faith. I am tempted to convert in secrecy...;Les pèlerins §Y[highchurch.GetName]§! qui affluent vers le site saint en §Y[Root.Location.GetName]§! m'impressionnent avec la profondeur et la passion de leur foi. Je suis tenté[Root.Get_E] de me convertir en secret...;Die §Y[highchurch.GetName]istischen§! Pilger in §Y[Root.Location.GetName]§! beeindrucken mich durch die Tiefe und die Leidenschaft ihres Glaubens. Ich bin versucht, heimlich zu konvertieren ...;;Los peregrinos §Y[highchurch.GetName]§! que acuden en masa al lugar sagrado en §Y[Root.Location.GetName]§! me impresionan con la profundidad y la pasión de su fe. Me tienta convertirme en secreto...;;;;;;;;;x

secret_religious_society_ursuline;[GetReligiousCommunityName_ursuline];[GetReligiousCommunityName_ursuline];[GetReligiousCommunityName_ursuline];;[GetReligiousCommunityName_ursuline];;;;;;;;;x
secret_religious_society_ursuline_desc;[GetReligiousSocietyDesc_ursuline];[GetReligiousSocietyDesc_ursuline];[GetReligiousSocietyDesc_ursuline];;[GetReligiousSocietyDesc_ursuline];;;;;;;;;x
secret_religious_society_ursuline_currency;Devotion;Dévotion;Hingabe;;Devoción;;;;;;;;;x
secret_religious_society_ursuline_leader_desc;[GetSocietyLeaderDesc];[GetSocietyLeaderDesc];[GetSocietyLeaderDesc];;[GetSocietyLeaderDesc];;;;;;;;;x
alt_start_community_name_ursuline;The [ursuline.GetName] Faithful;Fidèles [ursuline.GetName]s;Die [ursuline.GetName]en Gläubigen;;Creyentes [ursuline.GetName]s;;;;;;;;;x
secretly_convert_to_ursuline_holy_site;Secretly Convert to [ursuline.GetName];Adopter en secret la foi [ursuline.GetName];Heimlich zum [ursuline.GetName] Glauben konvertieren;;Convertirse en secreto a la religión [ursuline.GetName];;;;;;;;;x
secretly_convert_to_ursuline_holy_site_desc;The §Y[ursuline.GetName]§! pilgrims that flock to the holy site in §Y[Root.Location.GetName]§! impress me with the depth and passion of their faith. I am tempted to convert in secrecy...;Les pèlerins §Y[ursuline.GetName]§! qui affluent vers le site saint en §Y[Root.Location.GetName]§! m'impressionnent avec la profondeur et la passion de leur foi. Je suis tenté[Root.Get_E] de me convertir en secret...;Die §Y[ursuline.GetName]istischen§! Pilger in §Y[Root.Location.GetName]§! beeindrucken mich durch die Tiefe und die Leidenschaft ihres Glaubens. Ich bin versucht, heimlich zu konvertieren ...;;Los peregrinos §Y[ursuline.GetName]§! que acuden en masa al lugar sagrado en §Y[Root.Location.GetName]§! me impresionan con la profundidad y la pasión de su fe. Me tienta convertirme en secreto...;;;;;;;;;x

secret_religious_society_evangelical;[GetReligiousCommunityName_evangelical];[GetReligiousCommunityName_evangelical];[GetReligiousCommunityName_evangelical];;[GetReligiousCommunityName_evangelical];;;;;;;;;x
secret_religious_society_evangelical_desc;[GetReligiousSocietyDesc_evangelical];[GetReligiousSocietyDesc_evangelical];[GetReligiousSocietyDesc_evangelical];;[GetReligiousSocietyDesc_evangelical];;;;;;;;;x
secret_religious_society_evangelical_currency;Devotion;Dévotion;Hingabe;;Devoción;;;;;;;;;x
secret_religious_society_evangelical_leader_desc;[GetSocietyLeaderDesc];[GetSocietyLeaderDesc];[GetSocietyLeaderDesc];;[GetSocietyLeaderDesc];;;;;;;;;x
alt_start_community_name_evangelical;The [evangelical.GetName] Faithful;Fidèles [evangelical.GetName]s;Die [evangelical.GetName]en Gläubigen;;Creyentes [evangelical.GetName]s;;;;;;;;;x
secretly_convert_to_evangelical_holy_site;Secretly Convert to [evangelical.GetName];Adopter en secret la foi [evangelical.GetName];Heimlich zum [evangelical.GetName] Glauben konvertieren;;Convertirse en secreto a la religión [evangelical.GetName];;;;;;;;;x
secretly_convert_to_evangelical_holy_site_desc;The §Y[evangelical.GetName]§! pilgrims that flock to the holy site in §Y[Root.Location.GetName]§! impress me with the depth and passion of their faith. I am tempted to convert in secrecy...;Les pèlerins §Y[evangelical.GetName]§! qui affluent vers le site saint en §Y[Root.Location.GetName]§! m'impressionnent avec la profondeur et la passion de leur foi. Je suis tenté[Root.Get_E] de me convertir en secret...;Die §Y[evangelical.GetName]istischen§! Pilger in §Y[Root.Location.GetName]§! beeindrucken mich durch die Tiefe und die Leidenschaft ihres Glaubens. Ich bin versucht, heimlich zu konvertieren ...;;Los peregrinos §Y[evangelical.GetName]§! que acuden en masa al lugar sagrado en §Y[Root.Location.GetName]§! me impresionan con la profundidad y la pasión de su fe. Me tienta convertirme en secreto...;;;;;;;;;x

secret_religious_society_mainline;[GetReligiousCommunityName_mainline];[GetReligiousCommunityName_mainline];[GetReligiousCommunityName_mainline];;[GetReligiousCommunityName_mainline];;;;;;;;;x
secret_religious_society_mainline_desc;[GetReligiousSocietyDesc_mainline];[GetReligiousSocietyDesc_mainline];[GetReligiousSocietyDesc_mainline];;[GetReligiousSocietyDesc_mainline];;;;;;;;;x
secret_religious_society_mainline_currency;Devotion;Dévotion;Hingabe;;Devoción;;;;;;;;;x
secret_religious_society_mainline_leader_desc;[GetSocietyLeaderDesc];[GetSocietyLeaderDesc];[GetSocietyLeaderDesc];;[GetSocietyLeaderDesc];;;;;;;;;x
alt_start_community_name_mainline;The [mainline.GetName] Faithful;Fidèles [mainline.GetName]s;Die [mainline.GetName]en Gläubigen;;Creyentes [mainline.GetName]s;;;;;;;;;x
secretly_convert_to_mainline_holy_site;Secretly Convert to [mainline.GetName];Adopter en secret la foi [mainline.GetName];Heimlich zum [mainline.GetName] Glauben konvertieren;;Convertirse en secreto a la religión [mainline.GetName];;;;;;;;;x
secretly_convert_to_mainline_holy_site_desc;The §Y[mainline.GetName]§! pilgrims that flock to the holy site in §Y[Root.Location.GetName]§! impress me with the depth and passion of their faith. I am tempted to convert in secrecy...;Les pèlerins §Y[mainline.GetName]§! qui affluent vers le site saint en §Y[Root.Location.GetName]§! m'impressionnent avec la profondeur et la passion de leur foi. Je suis tenté[Root.Get_E] de me convertir en secret...;Die §Y[mainline.GetName]istischen§! Pilger in §Y[Root.Location.GetName]§! beeindrucken mich durch die Tiefe und die Leidenschaft ihres Glaubens. Ich bin versucht, heimlich zu konvertieren ...;;Los peregrinos §Y[mainline.GetName]§! que acuden en masa al lugar sagrado en §Y[Root.Location.GetName]§! me impresionan con la profundidad y la pasión de su fe. Me tienta convertirme en secreto...;;;;;;;;;x

secret_religious_society_maaravi;[GetReligiousCommunityName_maaravi];[GetReligiousCommunityName_maaravi];[GetReligiousCommunityName_maaravi];;[GetReligiousCommunityName_maaravi];;;;;;;;;x
secret_religious_society_maaravi_desc;[GetReligiousSocietyDesc_maaravi];[GetReligiousSocietyDesc_maaravi];[GetReligiousSocietyDesc_maaravi];;[GetReligiousSocietyDesc_maaravi];;;;;;;;;x
secret_religious_society_maaravi_currency;Devotion;Dévotion;Hingabe;;Devoción;;;;;;;;;x
secret_religious_society_maaravi_leader_desc;[GetSocietyLeaderDesc];[GetSocietyLeaderDesc];[GetSocietyLeaderDesc];;[GetSocietyLeaderDesc];;;;;;;;;x
alt_start_community_name_maaravi;The [maaravi.GetName] Faithful;Fidèles [maaravi.GetName]s;Die [maaravi.GetName]en Gläubigen;;Creyentes [maaravi.GetName]s;;;;;;;;;x
secretly_convert_to_maaravi_holy_site;Secretly Convert to [maaravi.GetName];Adopter en secret la foi [maaravi.GetName];Heimlich zum [maaravi.GetName] Glauben konvertieren;;Convertirse en secreto a la religión [maaravi.GetName];;;;;;;;;x
secretly_convert_to_maaravi_holy_site_desc;The §Y[maaravi.GetName]§! pilgrims that flock to the holy site in §Y[Root.Location.GetName]§! impress me with the depth and passion of their faith. I am tempted to convert in secrecy...;Les pèlerins §Y[maaravi.GetName]§! qui affluent vers le site saint en §Y[Root.Location.GetName]§! m'impressionnent avec la profondeur et la passion de leur foi. Je suis tenté[Root.Get_E] de me convertir en secret...;Die §Y[maaravi.GetName]istischen§! Pilger in §Y[Root.Location.GetName]§! beeindrucken mich durch die Tiefe und die Leidenschaft ihres Glaubens. Ich bin versucht, heimlich zu konvertieren ...;;Los peregrinos §Y[maaravi.GetName]§! que acuden en masa al lugar sagrado en §Y[Root.Location.GetName]§! me impresionan con la profundidad y la pasión de su fe. Me tienta convertirme en secreto...;;;;;;;;;x

secret_religious_society_hasidic;[GetReligiousCommunityName_hasidic];[GetReligiousCommunityName_hasidic];[GetReligiousCommunityName_hasidic];;[GetReligiousCommunityName_hasidic];;;;;;;;;x
secret_religious_society_hasidic_desc;[GetReligiousSocietyDesc_hasidic];[GetReligiousSocietyDesc_hasidic];[GetReligiousSocietyDesc_hasidic];;[GetReligiousSocietyDesc_hasidic];;;;;;;;;x
secret_religious_society_hasidic_currency;Devotion;Dévotion;Hingabe;;Devoción;;;;;;;;;x
secret_religious_society_hasidic_leader_desc;[GetSocietyLeaderDesc];[GetSocietyLeaderDesc];[GetSocietyLeaderDesc];;[GetSocietyLeaderDesc];;;;;;;;;x
alt_start_community_name_hasidic;The [hasidic.GetName] Faithful;Fidèles [hasidic.GetName]s;Die [hasidic.GetName]en Gläubigen;;Creyentes [hasidic.GetName]s;;;;;;;;;x
secretly_convert_to_hasidic_holy_site;Secretly Convert to [hasidic.GetName];Adopter en secret la foi [hasidic.GetName];Heimlich zum [hasidic.GetName] Glauben konvertieren;;Convertirse en secreto a la religión [hasidic.GetName];;;;;;;;;x
secretly_convert_to_hasidic_holy_site_desc;The §Y[hasidic.GetName]§! pilgrims that flock to the holy site in §Y[Root.Location.GetName]§! impress me with the depth and passion of their faith. I am tempted to convert in secrecy...;Les pèlerins §Y[hasidic.GetName]§! qui affluent vers le site saint en §Y[Root.Location.GetName]§! m'impressionnent avec la profondeur et la passion de leur foi. Je suis tenté[Root.Get_E] de me convertir en secret...;Die §Y[hasidic.GetName]istischen§! Pilger in §Y[Root.Location.GetName]§! beeindrucken mich durch die Tiefe und die Leidenschaft ihres Glaubens. Ich bin versucht, heimlich zu konvertieren ...;;Los peregrinos §Y[hasidic.GetName]§! que acuden en masa al lugar sagrado en §Y[Root.Location.GetName]§! me impresionan con la profundidad y la pasión de su fe. Me tienta convertirme en secreto...;;;;;;;;;x

secret_religious_society_haymanot;[GetReligiousCommunityName_haymanot];[GetReligiousCommunityName_haymanot];[GetReligiousCommunityName_haymanot];;[GetReligiousCommunityName_haymanot];;;;;;;;;x
secret_religious_society_haymanot_desc;[GetReligiousSocietyDesc_haymanot];[GetReligiousSocietyDesc_haymanot];[GetReligiousSocietyDesc_haymanot];;[GetReligiousSocietyDesc_haymanot];;;;;;;;;x
secret_religious_society_haymanot_currency;Devotion;Dévotion;Hingabe;;Devoción;;;;;;;;;x
secret_religious_society_haymanot_leader_desc;[GetSocietyLeaderDesc];[GetSocietyLeaderDesc];[GetSocietyLeaderDesc];;[GetSocietyLeaderDesc];;;;;;;;;x
alt_start_community_name_haymanot;The [haymanot.GetName] Faithful;Fidèles [haymanot.GetName]s;Die [haymanot.GetName]en Gläubigen;;Creyentes [haymanot.GetName]s;;;;;;;;;x
secretly_convert_to_haymanot_holy_site;Secretly Convert to [haymanot.GetName];Adopter en secret la foi [haymanot.GetName];Heimlich zum [haymanot.GetName] Glauben konvertieren;;Convertirse en secreto a la religión [haymanot.GetName];;;;;;;;;x
secretly_convert_to_haymanot_holy_site_desc;The §Y[haymanot.GetName]§! pilgrims that flock to the holy site in §Y[Root.Location.GetName]§! impress me with the depth and passion of their faith. I am tempted to convert in secrecy...;Les pèlerins §Y[haymanot.GetName]§! qui affluent vers le site saint en §Y[Root.Location.GetName]§! m'impressionnent avec la profondeur et la passion de leur foi. Je suis tenté[Root.Get_E] de me convertir en secret...;Die §Y[haymanot.GetName]istischen§! Pilger in §Y[Root.Location.GetName]§! beeindrucken mich durch die Tiefe und die Leidenschaft ihres Glaubens. Ich bin versucht, heimlich zu konvertieren ...;;Los peregrinos §Y[haymanot.GetName]§! que acuden en masa al lugar sagrado en §Y[Root.Location.GetName]§! me impresionan con la profundidad y la pasión de su fe. Me tienta convertirme en secreto...;;;;;;;;;x

secret_religious_society_lakefolk_pagan;[GetReligiousCommunityName_lakefolk_pagan];[GetReligiousCommunityName_lakefolk_pagan];[GetReligiousCommunityName_lakefolk_pagan];;[GetReligiousCommunityName_lakefolk_pagan];;;;;;;;;x
secret_religious_society_lakefolk_pagan_desc;[GetReligiousSocietyDesc_lakefolk_pagan];[GetReligiousSocietyDesc_lakefolk_pagan];[GetReligiousSocietyDesc_lakefolk_pagan];;[GetReligiousSocietyDesc_lakefolk_pagan];;;;;;;;;x
secret_religious_society_lakefolk_pagan_currency;Devotion;Dévotion;Hingabe;;Devoción;;;;;;;;;x
secret_religious_society_lakefolk_pagan_leader_desc;[GetSocietyLeaderDesc];[GetSocietyLeaderDesc];[GetSocietyLeaderDesc];;[GetSocietyLeaderDesc];;;;;;;;;x
alt_start_community_name_lakefolk_pagan;The [lakefolk_pagan.GetName] Faithful;Fidèles [lakefolk_pagan.GetName]s;Die [lakefolk_pagan.GetName]en Gläubigen;;Creyentes [lakefolk_pagan.GetName]s;;;;;;;;;x
secretly_convert_to_lakefolk_pagan_holy_site;Secretly Convert to [lakefolk_pagan.GetName];Adopter en secret la foi [lakefolk_pagan.GetName];Heimlich zum [lakefolk_pagan.GetName] Glauben konvertieren;;Convertirse en secreto a la religión [lakefolk_pagan.GetName];;;;;;;;;x
secretly_convert_to_lakefolk_pagan_holy_site_desc;The §Y[lakefolk_pagan.GetName]§! pilgrims that flock to the holy site in §Y[Root.Location.GetName]§! impress me with the depth and passion of their faith. I am tempted to convert in secrecy...;Les pèlerins §Y[lakefolk_pagan.GetName]§! qui affluent vers le site saint en §Y[Root.Location.GetName]§! m'impressionnent avec la profondeur et la passion de leur foi. Je suis tenté[Root.Get_E] de me convertir en secret...;Die §Y[lakefolk_pagan.GetName]istischen§! Pilger in §Y[Root.Location.GetName]§! beeindrucken mich durch die Tiefe und die Leidenschaft ihres Glaubens. Ich bin versucht, heimlich zu konvertieren ...;;Los peregrinos §Y[lakefolk_pagan.GetName]§! que acuden en masa al lugar sagrado en §Y[Root.Location.GetName]§! me impresionan con la profundidad y la pasión de su fe. Me tienta convertirme en secreto...;;;;;;;;;x

secret_religious_society_lakefolk_pagan_reformed_reformed;[GetReligiousCommunityName_lakefolk_pagan_reformed_reformed];[GetReligiousCommunityName_lakefolk_pagan_reformed_reformed];[GetReligiousCommunityName_lakefolk_pagan_reformed_reformed];;[GetReligiousCommunityName_lakefolk_pagan_reformed_reformed];;;;;;;;;x
secret_religious_society_lakefolk_pagan_reformed_reformed_desc;[GetReligiousSocietyDesc_lakefolk_pagan_reformed_reformed];[GetReligiousSocietyDesc_lakefolk_pagan_reformed_reformed];[GetReligiousSocietyDesc_lakefolk_pagan_reformed_reformed];;[GetReligiousSocietyDesc_lakefolk_pagan_reformed_reformed];;;;;;;;;x
secret_religious_society_lakefolk_pagan_reformed_reformed_currency;Devotion;Dévotion;Hingabe;;Devoción;;;;;;;;;x
secret_religious_society_lakefolk_pagan_reformed_reformed_leader_desc;[GetSocietyLeaderDesc];[GetSocietyLeaderDesc];[GetSocietyLeaderDesc];;[GetSocietyLeaderDesc];;;;;;;;;x
alt_start_community_name_lakefolk_pagan_reformed_reformed;The [lakefolk_pagan_reformed_reformed.GetName] Faithful;Fidèles [lakefolk_pagan_reformed_reformed.GetName]s;Die [lakefolk_pagan_reformed_reformed.GetName]en Gläubigen;;Creyentes [lakefolk_pagan_reformed_reformed.GetName]s;;;;;;;;;x
secretly_convert_to_lakefolk_pagan_reformed_reformed_holy_site;Secretly Convert to [lakefolk_pagan_reformed_reformed.GetName];Adopter en secret la foi [lakefolk_pagan_reformed_reformed.GetName];Heimlich zum [lakefolk_pagan_reformed_reformed.GetName] Glauben konvertieren;;Convertirse en secreto a la religión [lakefolk_pagan_reformed_reformed.GetName];;;;;;;;;x
secretly_convert_to_lakefolk_pagan_reformed_reformed_holy_site_desc;The §Y[lakefolk_pagan_reformed_reformed.GetName]§! pilgrims that flock to the holy site in §Y[Root.Location.GetName]§! impress me with the depth and passion of their faith. I am tempted to convert in secrecy...;Les pèlerins §Y[lakefolk_pagan_reformed_reformed.GetName]§! qui affluent vers le site saint en §Y[Root.Location.GetName]§! m'impressionnent avec la profondeur et la passion de leur foi. Je suis tenté[Root.Get_E] de me convertir en secret...;Die §Y[lakefolk_pagan_reformed_reformed.GetName]istischen§! Pilger in §Y[Root.Location.GetName]§! beeindrucken mich durch die Tiefe und die Leidenschaft ihres Glaubens. Ich bin versucht, heimlich zu konvertieren ...;;Los peregrinos §Y[lakefolk_pagan_reformed_reformed.GetName]§! que acuden en masa al lugar sagrado en §Y[Root.Location.GetName]§! me impresionan con la profundidad y la pasión de su fe. Me tienta convertirme en secreto...;;;;;;;;;x

secret_religious_society_starist_pagan;[GetReligiousCommunityName_starist_pagan];[GetReligiousCommunityName_starist_pagan];[GetReligiousCommunityName_starist_pagan];;[GetReligiousCommunityName_starist_pagan];;;;;;;;;x
secret_religious_society_starist_pagan_desc;[GetReligiousSocietyDesc_starist_pagan];[GetReligiousSocietyDesc_starist_pagan];[GetReligiousSocietyDesc_starist_pagan];;[GetReligiousSocietyDesc_starist_pagan];;;;;;;;;x
secret_religious_society_starist_pagan_currency;Devotion;Dévotion;Hingabe;;Devoción;;;;;;;;;x
secret_religious_society_starist_pagan_leader_desc;[GetSocietyLeaderDesc];[GetSocietyLeaderDesc];[GetSocietyLeaderDesc];;[GetSocietyLeaderDesc];;;;;;;;;x
alt_start_community_name_starist_pagan;The [starist_pagan.GetName] Faithful;Fidèles [starist_pagan.GetName]s;Die [starist_pagan.GetName]en Gläubigen;;Creyentes [starist_pagan.GetName]s;;;;;;;;;x
secretly_convert_to_starist_pagan_holy_site;Secretly Convert to [starist_pagan.GetName];Adopter en secret la foi [starist_pagan.GetName];Heimlich zum [starist_pagan.GetName] Glauben konvertieren;;Convertirse en secreto a la religión [starist_pagan.GetName];;;;;;;;;x
secretly_convert_to_starist_pagan_holy_site_desc;The §Y[starist_pagan.GetName]§! pilgrims that flock to the holy site in §Y[Root.Location.GetName]§! impress me with the depth and passion of their faith. I am tempted to convert in secrecy...;Les pèlerins §Y[starist_pagan.GetName]§! qui affluent vers le site saint en §Y[Root.Location.GetName]§! m'impressionnent avec la profondeur et la passion de leur foi. Je suis tenté[Root.Get_E] de me convertir en secret...;Die §Y[starist_pagan.GetName]istischen§! Pilger in §Y[Root.Location.GetName]§! beeindrucken mich durch die Tiefe und die Leidenschaft ihres Glaubens. Ich bin versucht, heimlich zu konvertieren ...;;Los peregrinos §Y[starist_pagan.GetName]§! que acuden en masa al lugar sagrado en §Y[Root.Location.GetName]§! me impresionan con la profundidad y la pasión de su fe. Me tienta convertirme en secreto...;;;;;;;;;x

secret_religious_society_starist_pagan_reformed;[GetReligiousCommunityName_starist_pagan_reformed];[GetReligiousCommunityName_starist_pagan_reformed];[GetReligiousCommunityName_starist_pagan_reformed];;[GetReligiousCommunityName_starist_pagan_reformed];;;;;;;;;x
secret_religious_society_starist_pagan_reformed_desc;[GetReligiousSocietyDesc_starist_pagan_reformed];[GetReligiousSocietyDesc_starist_pagan_reformed];[GetReligiousSocietyDesc_starist_pagan_reformed];;[GetReligiousSocietyDesc_starist_pagan_reformed];;;;;;;;;x
secret_religious_society_starist_pagan_reformed_currency;Devotion;Dévotion;Hingabe;;Devoción;;;;;;;;;x
secret_religious_society_starist_pagan_reformed_leader_desc;[GetSocietyLeaderDesc];[GetSocietyLeaderDesc];[GetSocietyLeaderDesc];;[GetSocietyLeaderDesc];;;;;;;;;x
alt_start_community_name_starist_pagan_reformed;The [starist_pagan_reformed.GetName] Faithful;Fidèles [starist_pagan_reformed.GetName]s;Die [starist_pagan_reformed.GetName]en Gläubigen;;Creyentes [starist_pagan_reformed.GetName]s;;;;;;;;;x
secretly_convert_to_starist_pagan_reformed_holy_site;Secretly Convert to [starist_pagan_reformed.GetName];Adopter en secret la foi [starist_pagan_reformed.GetName];Heimlich zum [starist_pagan_reformed.GetName] Glauben konvertieren;;Convertirse en secreto a la religión [starist_pagan_reformed.GetName];;;;;;;;;x
secretly_convert_to_starist_pagan_reformed_holy_site_desc;The §Y[starist_pagan_reformed.GetName]§! pilgrims that flock to the holy site in §Y[Root.Location.GetName]§! impress me with the depth and passion of their faith. I am tempted to convert in secrecy...;Les pèlerins §Y[starist_pagan_reformed.GetName]§! qui affluent vers le site saint en §Y[Root.Location.GetName]§! m'impressionnent avec la profondeur et la passion de leur foi. Je suis tenté[Root.Get_E] de me convertir en secret...;Die §Y[starist_pagan_reformed.GetName]istischen§! Pilger in §Y[Root.Location.GetName]§! beeindrucken mich durch die Tiefe und die Leidenschaft ihres Glaubens. Ich bin versucht, heimlich zu konvertieren ...;;Los peregrinos §Y[starist_pagan_reformed.GetName]§! que acuden en masa al lugar sagrado en §Y[Root.Location.GetName]§! me impresionan con la profundidad y la pasión de su fe. Me tienta convertirme en secreto...;;;;;;;;;x

secret_religious_society_constitutional;[GetReligiousCommunityName_constitutional];[GetReligiousCommunityName_constitutional];[GetReligiousCommunityName_constitutional];;[GetReligiousCommunityName_constitutional];;;;;;;;;x
secret_religious_society_constitutional_desc;[GetReligiousSocietyDesc_constitutional];[GetReligiousSocietyDesc_constitutional];[GetReligiousSocietyDesc_constitutional];;[GetReligiousSocietyDesc_constitutional];;;;;;;;;x
secret_religious_society_constitutional_currency;Devotion;Dévotion;Hingabe;;Devoción;;;;;;;;;x
secret_religious_society_constitutional_leader_desc;[GetSocietyLeaderDesc];[GetSocietyLeaderDesc];[GetSocietyLeaderDesc];;[GetSocietyLeaderDesc];;;;;;;;;x
alt_start_community_name_constitutional;The [constitutional.GetName] Faithful;Fidèles [constitutional.GetName]s;Die [constitutional.GetName]en Gläubigen;;Creyentes [constitutional.GetName]s;;;;;;;;;x
secretly_convert_to_constitutional_holy_site;Secretly Convert to [constitutional.GetName];Adopter en secret la foi [constitutional.GetName];Heimlich zum [constitutional.GetName] Glauben konvertieren;;Convertirse en secreto a la religión [constitutional.GetName];;;;;;;;;x
secretly_convert_to_constitutional_holy_site_desc;The §Y[constitutional.GetName]§! pilgrims that flock to the holy site in §Y[Root.Location.GetName]§! impress me with the depth and passion of their faith. I am tempted to convert in secrecy...;Les pèlerins §Y[constitutional.GetName]§! qui affluent vers le site saint en §Y[Root.Location.GetName]§! m'impressionnent avec la profondeur et la passion de leur foi. Je suis tenté[Root.Get_E] de me convertir en secret...;Die §Y[constitutional.GetName]istischen§! Pilger in §Y[Root.Location.GetName]§! beeindrucken mich durch die Tiefe und die Leidenschaft ihres Glaubens. Ich bin versucht, heimlich zu konvertieren ...;;Los peregrinos §Y[constitutional.GetName]§! que acuden en masa al lugar sagrado en §Y[Root.Location.GetName]§! me impresionan con la profundidad y la pasión de su fe. Me tienta convertirme en secreto...;;;;;;;;;x

secret_religious_society_charismatic;[GetReligiousCommunityName_charismatic];[GetReligiousCommunityName_charismatic];[GetReligiousCommunityName_charismatic];;[GetReligiousCommunityName_charismatic];;;;;;;;;x
secret_religious_society_charismatic_desc;[GetReligiousSocietyDesc_charismatic];[GetReligiousSocietyDesc_charismatic];[GetReligiousSocietyDesc_charismatic];;[GetReligiousSocietyDesc_charismatic];;;;;;;;;x
secret_religious_society_charismatic_currency;Devotion;Dévotion;Hingabe;;Devoción;;;;;;;;;x
secret_religious_society_charismatic_leader_desc;[GetSocietyLeaderDesc];[GetSocietyLeaderDesc];[GetSocietyLeaderDesc];;[GetSocietyLeaderDesc];;;;;;;;;x
alt_start_community_name_charismatic;The [charismatic.GetName] Faithful;Fidèles [charismatic.GetName]s;Die [charismatic.GetName]en Gläubigen;;Creyentes [charismatic.GetName]s;;;;;;;;;x
secretly_convert_to_charismatic_holy_site;Secretly Convert to [charismatic.GetName];Adopter en secret la foi [charismatic.GetName];Heimlich zum [charismatic.GetName] Glauben konvertieren;;Convertirse en secreto a la religión [charismatic.GetName];;;;;;;;;x
secretly_convert_to_charismatic_holy_site_desc;The §Y[charismatic.GetName]§! pilgrims that flock to the holy site in §Y[Root.Location.GetName]§! impress me with the depth and passion of their faith. I am tempted to convert in secrecy...;Les pèlerins §Y[charismatic.GetName]§! qui affluent vers le site saint en §Y[Root.Location.GetName]§! m'impressionnent avec la profondeur et la passion de leur foi. Je suis tenté[Root.Get_E] de me convertir en secret...;Die §Y[charismatic.GetName]istischen§! Pilger in §Y[Root.Location.GetName]§! beeindrucken mich durch die Tiefe und die Leidenschaft ihres Glaubens. Ich bin versucht, heimlich zu konvertieren ...;;Los peregrinos §Y[charismatic.GetName]§! que acuden en masa al lugar sagrado en §Y[Root.Location.GetName]§! me impresionan con la profundidad y la pasión de su fe. Me tienta convertirme en secreto...;;;;;;;;;x

secret_religious_society_batenburger;[GetReligiousCommunityName_batenburger];[GetReligiousCommunityName_batenburger];[GetReligiousCommunityName_batenburger];;[GetReligiousCommunityName_batenburger];;;;;;;;;x
secret_religious_society_batenburger_desc;[GetReligiousSocietyDesc_batenburger];[GetReligiousSocietyDesc_batenburger];[GetReligiousSocietyDesc_batenburger];;[GetReligiousSocietyDesc_batenburger];;;;;;;;;x
secret_religious_society_batenburger_currency;Devotion;Dévotion;Hingabe;;Devoción;;;;;;;;;x
secret_religious_society_batenburger_leader_desc;[GetSocietyLeaderDesc];[GetSocietyLeaderDesc];[GetSocietyLeaderDesc];;[GetSocietyLeaderDesc];;;;;;;;;x
alt_start_community_name_batenburger;The [batenburger.GetName] Faithful;Fidèles [batenburger.GetName]s;Die [batenburger.GetName]en Gläubigen;;Creyentes [batenburger.GetName]s;;;;;;;;;x
secretly_convert_to_batenburger_holy_site;Secretly Convert to [batenburger.GetName];Adopter en secret la foi [batenburger.GetName];Heimlich zum [batenburger.GetName] Glauben konvertieren;;Convertirse en secreto a la religión [batenburger.GetName];;;;;;;;;x
secretly_convert_to_batenburger_holy_site_desc;The §Y[batenburger.GetName]§! pilgrims that flock to the holy site in §Y[Root.Location.GetName]§! impress me with the depth and passion of their faith. I am tempted to convert in secrecy...;Les pèlerins §Y[batenburger.GetName]§! qui affluent vers le site saint en §Y[Root.Location.GetName]§! m'impressionnent avec la profondeur et la passion de leur foi. Je suis tenté[Root.Get_E] de me convertir en secret...;Die §Y[batenburger.GetName]istischen§! Pilger in §Y[Root.Location.GetName]§! beeindrucken mich durch die Tiefe und die Leidenschaft ihres Glaubens. Ich bin versucht, heimlich zu konvertieren ...;;Los peregrinos §Y[batenburger.GetName]§! que acuden en masa al lugar sagrado en §Y[Root.Location.GetName]§! me impresionan con la profundidad y la pasión de su fe. Me tienta convertirme en secreto...;;;;;;;;;x

secret_religious_society_apostolic;[GetReligiousCommunityName_apostolic];[GetReligiousCommunityName_apostolic];[GetReligiousCommunityName_apostolic];;[GetReligiousCommunityName_apostolic];;;;;;;;;x
secret_religious_society_apostolic_desc;[GetReligiousSocietyDesc_apostolic];[GetReligiousSocietyDesc_apostolic];[GetReligiousSocietyDesc_apostolic];;[GetReligiousSocietyDesc_apostolic];;;;;;;;;x
secret_religious_society_apostolic_currency;Devotion;Dévotion;Hingabe;;Devoción;;;;;;;;;x
secret_religious_society_apostolic_leader_desc;[GetSocietyLeaderDesc];[GetSocietyLeaderDesc];[GetSocietyLeaderDesc];;[GetSocietyLeaderDesc];;;;;;;;;x
alt_start_community_name_apostolic;The [apostolic.GetName] Faithful;Fidèles [apostolic.GetName]s;Die [apostolic.GetName]en Gläubigen;;Creyentes [apostolic.GetName]s;;;;;;;;;x
secretly_convert_to_apostolic_holy_site;Secretly Convert to [apostolic.GetName];Adopter en secret la foi [apostolic.GetName];Heimlich zum [apostolic.GetName] Glauben konvertieren;;Convertirse en secreto a la religión [apostolic.GetName];;;;;;;;;x
secretly_convert_to_apostolic_holy_site_desc;The §Y[apostolic.GetName]§! pilgrims that flock to the holy site in §Y[Root.Location.GetName]§! impress me with the depth and passion of their faith. I am tempted to convert in secrecy...;Les pèlerins §Y[apostolic.GetName]§! qui affluent vers le site saint en §Y[Root.Location.GetName]§! m'impressionnent avec la profondeur et la passion de leur foi. Je suis tenté[Root.Get_E] de me convertir en secret...;Die §Y[apostolic.GetName]istischen§! Pilger in §Y[Root.Location.GetName]§! beeindrucken mich durch die Tiefe und die Leidenschaft ihres Glaubens. Ich bin versucht, heimlich zu konvertieren ...;;Los peregrinos §Y[apostolic.GetName]§! que acuden en masa al lugar sagrado en §Y[Root.Location.GetName]§! me impresionan con la profundidad y la pasión de su fe. Me tienta convertirme en secreto...;;;;;;;;;x

secret_religious_society_thelemic_reformed;[GetReligiousCommunityName_thelemic_reformed];[GetReligiousCommunityName_thelemic_reformed];[GetReligiousCommunityName_thelemic_reformed];;[GetReligiousCommunityName_thelemic_reformed];;;;;;;;;x
secret_religious_society_thelemic_reformed_desc;[GetReligiousSocietyDesc_thelemic_reformed];[GetReligiousSocietyDesc_thelemic_reformed];[GetReligiousSocietyDesc_thelemic_reformed];;[GetReligiousSocietyDesc_thelemic_reformed];;;;;;;;;x
secret_religious_society_thelemic_reformed_currency;Devotion;Dévotion;Hingabe;;Devoción;;;;;;;;;x
secret_religious_society_thelemic_reformed_leader_desc;[GetSocietyLeaderDesc];[GetSocietyLeaderDesc];[GetSocietyLeaderDesc];;[GetSocietyLeaderDesc];;;;;;;;;x
alt_start_community_name_thelemic_reformed;The [thelemic_reformed.GetName] Faithful;Fidèles [thelemic_reformed.GetName]s;Die [thelemic_reformed.GetName]en Gläubigen;;Creyentes [thelemic_reformed.GetName]s;;;;;;;;;x
secretly_convert_to_thelemic_reformed_holy_site;Secretly Convert to [thelemic_reformed.GetName];Adopter en secret la foi [thelemic_reformed.GetName];Heimlich zum [thelemic_reformed.GetName] Glauben konvertieren;;Convertirse en secreto a la religión [thelemic_reformed.GetName];;;;;;;;;x
secretly_convert_to_thelemic_reformed_holy_site_desc;The §Y[thelemic_reformed.GetName]§! pilgrims that flock to the holy site in §Y[Root.Location.GetName]§! impress me with the depth and passion of their faith. I am tempted to convert in secrecy...;Les pèlerins §Y[thelemic_reformed.GetName]§! qui affluent vers le site saint en §Y[Root.Location.GetName]§! m'impressionnent avec la profondeur et la passion de leur foi. Je suis tenté[Root.Get_E] de me convertir en secret...;Die §Y[thelemic_reformed.GetName]istischen§! Pilger in §Y[Root.Location.GetName]§! beeindrucken mich durch die Tiefe und die Leidenschaft ihres Glaubens. Ich bin versucht, heimlich zu konvertieren ...;;Los peregrinos §Y[thelemic_reformed.GetName]§! que acuden en masa al lugar sagrado en §Y[Root.Location.GetName]§! me impresionan con la profundidad y la pasión de su fe. Me tienta convertirme en secreto...;;;;;;;;;x

secret_religious_society_summer_queen;[GetReligiousCommunityName_summer_queen];[GetReligiousCommunityName_summer_queen];[GetReligiousCommunityName_summer_queen];;[GetReligiousCommunityName_summer_queen];;;;;;;;;x
secret_religious_society_summer_queen_desc;[GetReligiousSocietyDesc_summer_queen];[GetReligiousSocietyDesc_summer_queen];[GetReligiousSocietyDesc_summer_queen];;[GetReligiousSocietyDesc_summer_queen];;;;;;;;;x
secret_religious_society_summer_queen_currency;Devotion;Dévotion;Hingabe;;Devoción;;;;;;;;;x
secret_religious_society_summer_queen_leader_desc;[GetSocietyLeaderDesc];[GetSocietyLeaderDesc];[GetSocietyLeaderDesc];;[GetSocietyLeaderDesc];;;;;;;;;x
alt_start_community_name_summer_queen;The [summer_queen.GetName] Faithful;Fidèles [summer_queen.GetName]s;Die [summer_queen.GetName]en Gläubigen;;Creyentes [summer_queen.GetName]s;;;;;;;;;x
secretly_convert_to_summer_queen_holy_site;Secretly Convert to [summer_queen.GetName];Adopter en secret la foi [summer_queen.GetName];Heimlich zum [summer_queen.GetName] Glauben konvertieren;;Convertirse en secreto a la religión [summer_queen.GetName];;;;;;;;;x
secretly_convert_to_summer_queen_holy_site_desc;The §Y[summer_queen.GetName]§! pilgrims that flock to the holy site in §Y[Root.Location.GetName]§! impress me with the depth and passion of their faith. I am tempted to convert in secrecy...;Les pèlerins §Y[summer_queen.GetName]§! qui affluent vers le site saint en §Y[Root.Location.GetName]§! m'impressionnent avec la profondeur et la passion de leur foi. Je suis tenté[Root.Get_E] de me convertir en secret...;Die §Y[summer_queen.GetName]istischen§! Pilger in §Y[Root.Location.GetName]§! beeindrucken mich durch die Tiefe und die Leidenschaft ihres Glaubens. Ich bin versucht, heimlich zu konvertieren ...;;Los peregrinos §Y[summer_queen.GetName]§! que acuden en masa al lugar sagrado en §Y[Root.Location.GetName]§! me impresionan con la profundidad y la pasión de su fe. Me tienta convertirme en secreto...;;;;;;;;;x

secret_religious_society_thelemic;[GetReligiousCommunityName_thelemic];[GetReligiousCommunityName_thelemic];[GetReligiousCommunityName_thelemic];;[GetReligiousCommunityName_thelemic];;;;;;;;;x
secret_religious_society_thelemic_desc;[GetReligiousSocietyDesc_thelemic];[GetReligiousSocietyDesc_thelemic];[GetReligiousSocietyDesc_thelemic];;[GetReligiousSocietyDesc_thelemic];;;;;;;;;x
secret_religious_society_thelemic_currency;Devotion;Dévotion;Hingabe;;Devoción;;;;;;;;;x
secret_religious_society_thelemic_leader_desc;[GetSocietyLeaderDesc];[GetSocietyLeaderDesc];[GetSocietyLeaderDesc];;[GetSocietyLeaderDesc];;;;;;;;;x
alt_start_community_name_thelemic;The [thelemic.GetName] Faithful;Fidèles [thelemic.GetName]s;Die [thelemic.GetName]en Gläubigen;;Creyentes [thelemic.GetName]s;;;;;;;;;x
secretly_convert_to_thelemic_holy_site;Secretly Convert to [thelemic.GetName];Adopter en secret la foi [thelemic.GetName];Heimlich zum [thelemic.GetName] Glauben konvertieren;;Convertirse en secreto a la religión [thelemic.GetName];;;;;;;;;x
secretly_convert_to_thelemic_holy_site_desc;The §Y[thelemic.GetName]§! pilgrims that flock to the holy site in §Y[Root.Location.GetName]§! impress me with the depth and passion of their faith. I am tempted to convert in secrecy...;Les pèlerins §Y[thelemic.GetName]§! qui affluent vers le site saint en §Y[Root.Location.GetName]§! m'impressionnent avec la profondeur et la passion de leur foi. Je suis tenté[Root.Get_E] de me convertir en secret...;Die §Y[thelemic.GetName]istischen§! Pilger in §Y[Root.Location.GetName]§! beeindrucken mich durch die Tiefe und die Leidenschaft ihres Glaubens. Ich bin versucht, heimlich zu konvertieren ...;;Los peregrinos §Y[thelemic.GetName]§! que acuden en masa al lugar sagrado en §Y[Root.Location.GetName]§! me impresionan con la profundidad y la pasión de su fe. Me tienta convertirme en secreto...;;;;;;;;;x

secret_religious_society_orange_king;[GetReligiousCommunityName_orange_king];[GetReligiousCommunityName_orange_king];[GetReligiousCommunityName_orange_king];;[GetReligiousCommunityName_orange_king];;;;;;;;;x
secret_religious_society_orange_king_desc;[GetReligiousSocietyDesc_orange_king];[GetReligiousSocietyDesc_orange_king];[GetReligiousSocietyDesc_orange_king];;[GetReligiousSocietyDesc_orange_king];;;;;;;;;x
secret_religious_society_orange_king_currency;Devotion;Dévotion;Hingabe;;Devoción;;;;;;;;;x
secret_religious_society_orange_king_leader_desc;[GetSocietyLeaderDesc];[GetSocietyLeaderDesc];[GetSocietyLeaderDesc];;[GetSocietyLeaderDesc];;;;;;;;;x
alt_start_community_name_orange_king;The [orange_king.GetName] Faithful;Fidèles [orange_king.GetName]s;Die [orange_king.GetName]en Gläubigen;;Creyentes [orange_king.GetName]s;;;;;;;;;x
secretly_convert_to_orange_king_holy_site;Secretly Convert to [orange_king.GetName];Adopter en secret la foi [orange_king.GetName];Heimlich zum [orange_king.GetName] Glauben konvertieren;;Convertirse en secreto a la religión [orange_king.GetName];;;;;;;;;x
secretly_convert_to_orange_king_holy_site_desc;The §Y[orange_king.GetName]§! pilgrims that flock to the holy site in §Y[Root.Location.GetName]§! impress me with the depth and passion of their faith. I am tempted to convert in secrecy...;Les pèlerins §Y[orange_king.GetName]§! qui affluent vers le site saint en §Y[Root.Location.GetName]§! m'impressionnent avec la profondeur et la passion de leur foi. Je suis tenté[Root.Get_E] de me convertir en secret...;Die §Y[orange_king.GetName]istischen§! Pilger in §Y[Root.Location.GetName]§! beeindrucken mich durch die Tiefe und die Leidenschaft ihres Glaubens. Ich bin versucht, heimlich zu konvertieren ...;;Los peregrinos §Y[orange_king.GetName]§! que acuden en masa al lugar sagrado en §Y[Root.Location.GetName]§! me impresionan con la profundidad y la pasión de su fe. Me tienta convertirme en secreto...;;;;;;;;;x

secret_religious_society_nousthreskeia_reformed;[GetReligiousCommunityName_nousthreskeia_reformed];[GetReligiousCommunityName_nousthreskeia_reformed];[GetReligiousCommunityName_nousthreskeia_reformed];;[GetReligiousCommunityName_nousthreskeia_reformed];;;;;;;;;x
secret_religious_society_nousthreskeia_reformed_desc;[GetReligiousSocietyDesc_nousthreskeia_reformed];[GetReligiousSocietyDesc_nousthreskeia_reformed];[GetReligiousSocietyDesc_nousthreskeia_reformed];;[GetReligiousSocietyDesc_nousthreskeia_reformed];;;;;;;;;x
secret_religious_society_nousthreskeia_reformed_currency;Devotion;Dévotion;Hingabe;;Devoción;;;;;;;;;x
secret_religious_society_nousthreskeia_reformed_leader_desc;[GetSocietyLeaderDesc];[GetSocietyLeaderDesc];[GetSocietyLeaderDesc];;[GetSocietyLeaderDesc];;;;;;;;;x
alt_start_community_name_nousthreskeia_reformed;The [nousthreskeia_reformed.GetName] Faithful;Fidèles [nousthreskeia_reformed.GetName]s;Die [nousthreskeia_reformed.GetName]en Gläubigen;;Creyentes [nousthreskeia_reformed.GetName]s;;;;;;;;;x
secretly_convert_to_nousthreskeia_reformed_holy_site;Secretly Convert to [nousthreskeia_reformed.GetName];Adopter en secret la foi [nousthreskeia_reformed.GetName];Heimlich zum [nousthreskeia_reformed.GetName] Glauben konvertieren;;Convertirse en secreto a la religión [nousthreskeia_reformed.GetName];;;;;;;;;x
secretly_convert_to_nousthreskeia_reformed_holy_site_desc;The §Y[nousthreskeia_reformed.GetName]§! pilgrims that flock to the holy site in §Y[Root.Location.GetName]§! impress me with the depth and passion of their faith. I am tempted to convert in secrecy...;Les pèlerins §Y[nousthreskeia_reformed.GetName]§! qui affluent vers le site saint en §Y[Root.Location.GetName]§! m'impressionnent avec la profondeur et la passion de leur foi. Je suis tenté[Root.Get_E] de me convertir en secret...;Die §Y[nousthreskeia_reformed.GetName]istischen§! Pilger in §Y[Root.Location.GetName]§! beeindrucken mich durch die Tiefe und die Leidenschaft ihres Glaubens. Ich bin versucht, heimlich zu konvertieren ...;;Los peregrinos §Y[nousthreskeia_reformed.GetName]§! que acuden en masa al lugar sagrado en §Y[Root.Location.GetName]§! me impresionan con la profundidad y la pasión de su fe. Me tienta convertirme en secreto...;;;;;;;;;x

secret_religious_society_druze;[GetReligiousCommunityName_druze];[GetReligiousCommunityName_druze];[GetReligiousCommunityName_druze];;[GetReligiousCommunityName_druze];;;;;;;;;x
secret_religious_society_druze_desc;[GetReligiousSocietyDesc_druze];[GetReligiousSocietyDesc_druze];[GetReligiousSocietyDesc_druze];;[GetReligiousSocietyDesc_druze];;;;;;;;;x
secret_religious_society_druze_currency;Devotion;Dévotion;Hingabe;;Devoción;;;;;;;;;x
secret_religious_society_druze_leader_desc;[GetSocietyLeaderDesc];[GetSocietyLeaderDesc];[GetSocietyLeaderDesc];;[GetSocietyLeaderDesc];;;;;;;;;x
alt_start_community_name_druze;The [druze.GetName] Faithful;Fidèles [druze.GetName]s;Die [druze.GetName]en Gläubigen;;Creyentes [druze.GetName]s;;;;;;;;;x
secretly_convert_to_druze_holy_site;Secretly Convert to [druze.GetName];Adopter en secret la foi [druze.GetName];Heimlich zum [druze.GetName] Glauben konvertieren;;Convertirse en secreto a la religión [druze.GetName];;;;;;;;;x
secretly_convert_to_druze_holy_site_desc;The §Y[druze.GetName]§! pilgrims that flock to the holy site in §Y[Root.Location.GetName]§! impress me with the depth and passion of their faith. I am tempted to convert in secrecy...;Les pèlerins §Y[druze.GetName]§! qui affluent vers le site saint en §Y[Root.Location.GetName]§! m'impressionnent avec la profondeur et la passion de leur foi. Je suis tenté[Root.Get_E] de me convertir en secret...;Die §Y[druze.GetName]istischen§! Pilger in §Y[Root.Location.GetName]§! beeindrucken mich durch die Tiefe und die Leidenschaft ihres Glaubens. Ich bin versucht, heimlich zu konvertieren ...;;Los peregrinos §Y[druze.GetName]§! que acuden en masa al lugar sagrado en §Y[Root.Location.GetName]§! me impresionan con la profundidad y la pasión de su fe. Me tienta convertirme en secreto...;;;;;;;;;x

secret_religious_society_alawite;[GetReligiousCommunityName_alawite];[GetReligiousCommunityName_alawite];[GetReligiousCommunityName_alawite];;[GetReligiousCommunityName_alawite];;;;;;;;;x
secret_religious_society_alawite_desc;[GetReligiousSocietyDesc_alawite];[GetReligiousSocietyDesc_alawite];[GetReligiousSocietyDesc_alawite];;[GetReligiousSocietyDesc_alawite];;;;;;;;;x
secret_religious_society_alawite_currency;Devotion;Dévotion;Hingabe;;Devoción;;;;;;;;;x
secret_religious_society_alawite_leader_desc;[GetSocietyLeaderDesc];[GetSocietyLeaderDesc];[GetSocietyLeaderDesc];;[GetSocietyLeaderDesc];;;;;;;;;x
alt_start_community_name_alawite;The [alawite.GetName] Faithful;Fidèles [alawite.GetName]s;Die [alawite.GetName]en Gläubigen;;Creyentes [alawite.GetName]s;;;;;;;;;x
secretly_convert_to_alawite_holy_site;Secretly Convert to [alawite.GetName];Adopter en secret la foi [alawite.GetName];Heimlich zum [alawite.GetName] Glauben konvertieren;;Convertirse en secreto a la religión [alawite.GetName];;;;;;;;;x
secretly_convert_to_alawite_holy_site_desc;The §Y[alawite.GetName]§! pilgrims that flock to the holy site in §Y[Root.Location.GetName]§! impress me with the depth and passion of their faith. I am tempted to convert in secrecy...;Les pèlerins §Y[alawite.GetName]§! qui affluent vers le site saint en §Y[Root.Location.GetName]§! m'impressionnent avec la profondeur et la passion de leur foi. Je suis tenté[Root.Get_E] de me convertir en secret...;Die §Y[alawite.GetName]istischen§! Pilger in §Y[Root.Location.GetName]§! beeindrucken mich durch die Tiefe und die Leidenschaft ihres Glaubens. Ich bin versucht, heimlich zu konvertieren ...;;Los peregrinos §Y[alawite.GetName]§! que acuden en masa al lugar sagrado en §Y[Root.Location.GetName]§! me impresionan con la profundidad y la pasión de su fe. Me tienta convertirme en secreto...;;;;;;;;;x

secret_religious_society_mandaeanism;[GetReligiousCommunityName_mandaeanism];[GetReligiousCommunityName_mandaeanism];[GetReligiousCommunityName_mandaeanism];;[GetReligiousCommunityName_mandaeanism];;;;;;;;;x
secret_religious_society_mandaeanism_desc;[GetReligiousSocietyDesc_mandaeanism];[GetReligiousSocietyDesc_mandaeanism];[GetReligiousSocietyDesc_mandaeanism];;[GetReligiousSocietyDesc_mandaeanism];;;;;;;;;x
secret_religious_society_mandaeanism_currency;Devotion;Dévotion;Hingabe;;Devoción;;;;;;;;;x
secret_religious_society_mandaeanism_leader_desc;[GetSocietyLeaderDesc];[GetSocietyLeaderDesc];[GetSocietyLeaderDesc];;[GetSocietyLeaderDesc];;;;;;;;;x
alt_start_community_name_mandaeanism;The [mandaeanism.GetName] Faithful;Fidèles [mandaeanism.GetName]s;Die [mandaeanism.GetName]en Gläubigen;;Creyentes [mandaeanism.GetName]s;;;;;;;;;x
secretly_convert_to_mandaeanism_holy_site;Secretly Convert to [mandaeanism.GetName];Adopter en secret la foi [mandaeanism.GetName];Heimlich zum [mandaeanism.GetName] Glauben konvertieren;;Convertirse en secreto a la religión [mandaeanism.GetName];;;;;;;;;x
secretly_convert_to_mandaeanism_holy_site_desc;The §Y[mandaeanism.GetName]§! pilgrims that flock to the holy site in §Y[Root.Location.GetName]§! impress me with the depth and passion of their faith. I am tempted to convert in secrecy...;Les pèlerins §Y[mandaeanism.GetName]§! qui affluent vers le site saint en §Y[Root.Location.GetName]§! m'impressionnent avec la profondeur et la passion de leur foi. Je suis tenté[Root.Get_E] de me convertir en secret...;Die §Y[mandaeanism.GetName]istischen§! Pilger in §Y[Root.Location.GetName]§! beeindrucken mich durch die Tiefe und die Leidenschaft ihres Glaubens. Ich bin versucht, heimlich zu konvertieren ...;;Los peregrinos §Y[mandaeanism.GetName]§! que acuden en masa al lugar sagrado en §Y[Root.Location.GetName]§! me impresionan con la profundidad y la pasión de su fe. Me tienta convertirme en secreto...;;;;;;;;;x

secret_religious_society_sikh;[GetReligiousCommunityName_sikh];[GetReligiousCommunityName_sikh];[GetReligiousCommunityName_sikh];;[GetReligiousCommunityName_sikh];;;;;;;;;x
secret_religious_society_sikh_desc;[GetReligiousSocietyDesc_sikh];[GetReligiousSocietyDesc_sikh];[GetReligiousSocietyDesc_sikh];;[GetReligiousSocietyDesc_sikh];;;;;;;;;x
secret_religious_society_sikh_currency;Devotion;Dévotion;Hingabe;;Devoción;;;;;;;;;x
secret_religious_society_sikh_leader_desc;[GetSocietyLeaderDesc];[GetSocietyLeaderDesc];[GetSocietyLeaderDesc];;[GetSocietyLeaderDesc];;;;;;;;;x
alt_start_community_name_sikh;The [sikh.GetName] Faithful;Fidèles [sikh.GetName]s;Die [sikh.GetName]en Gläubigen;;Creyentes [sikh.GetName]s;;;;;;;;;x
secretly_convert_to_sikh_holy_site;Secretly Convert to [sikh.GetName];Adopter en secret la foi [sikh.GetName];Heimlich zum [sikh.GetName] Glauben konvertieren;;Convertirse en secreto a la religión [sikh.GetName];;;;;;;;;x
secretly_convert_to_sikh_holy_site_desc;The §Y[sikh.GetName]§! pilgrims that flock to the holy site in §Y[Root.Location.GetName]§! impress me with the depth and passion of their faith. I am tempted to convert in secrecy...;Les pèlerins §Y[sikh.GetName]§! qui affluent vers le site saint en §Y[Root.Location.GetName]§! m'impressionnent avec la profondeur et la passion de leur foi. Je suis tenté[Root.Get_E] de me convertir en secret...;Die §Y[sikh.GetName]istischen§! Pilger in §Y[Root.Location.GetName]§! beeindrucken mich durch die Tiefe und die Leidenschaft ihres Glaubens. Ich bin versucht, heimlich zu konvertieren ...;;Los peregrinos §Y[sikh.GetName]§! que acuden en masa al lugar sagrado en §Y[Root.Location.GetName]§! me impresionan con la profundidad y la pasión de su fe. Me tienta convertirme en secreto...;;;;;;;;;x

secret_religious_society_neovedantic;[GetReligiousCommunityName_neovedantic];[GetReligiousCommunityName_neovedantic];[GetReligiousCommunityName_neovedantic];;[GetReligiousCommunityName_neovedantic];;;;;;;;;x
secret_religious_society_neovedantic_desc;[GetReligiousSocietyDesc_neovedantic];[GetReligiousSocietyDesc_neovedantic];[GetReligiousSocietyDesc_neovedantic];;[GetReligiousSocietyDesc_neovedantic];;;;;;;;;x
secret_religious_society_neovedantic_currency;Devotion;Dévotion;Hingabe;;Devoción;;;;;;;;;x
secret_religious_society_neovedantic_leader_desc;[GetSocietyLeaderDesc];[GetSocietyLeaderDesc];[GetSocietyLeaderDesc];;[GetSocietyLeaderDesc];;;;;;;;;x
alt_start_community_name_neovedantic;The [neovedantic.GetName] Faithful;Fidèles [neovedantic.GetName]s;Die [neovedantic.GetName]en Gläubigen;;Creyentes [neovedantic.GetName]s;;;;;;;;;x
secretly_convert_to_neovedantic_holy_site;Secretly Convert to [neovedantic.GetName];Adopter en secret la foi [neovedantic.GetName];Heimlich zum [neovedantic.GetName] Glauben konvertieren;;Convertirse en secreto a la religión [neovedantic.GetName];;;;;;;;;x
secretly_convert_to_neovedantic_holy_site_desc;The §Y[neovedantic.GetName]§! pilgrims that flock to the holy site in §Y[Root.Location.GetName]§! impress me with the depth and passion of their faith. I am tempted to convert in secrecy...;Les pèlerins §Y[neovedantic.GetName]§! qui affluent vers le site saint en §Y[Root.Location.GetName]§! m'impressionnent avec la profondeur et la passion de leur foi. Je suis tenté[Root.Get_E] de me convertir en secret...;Die §Y[neovedantic.GetName]istischen§! Pilger in §Y[Root.Location.GetName]§! beeindrucken mich durch die Tiefe und die Leidenschaft ihres Glaubens. Ich bin versucht, heimlich zu konvertieren ...;;Los peregrinos §Y[neovedantic.GetName]§! que acuden en masa al lugar sagrado en §Y[Root.Location.GetName]§! me impresionan con la profundidad y la pasión de su fe. Me tienta convertirme en secreto...;;;;;;;;;x

secret_religious_society_shangava;[GetReligiousCommunityName_shangava];[GetReligiousCommunityName_shangava];[GetReligiousCommunityName_shangava];;[GetReligiousCommunityName_shangava];;;;;;;;;x
secret_religious_society_shangava_desc;[GetReligiousSocietyDesc_shangava];[GetReligiousSocietyDesc_shangava];[GetReligiousSocietyDesc_shangava];;[GetReligiousSocietyDesc_shangava];;;;;;;;;x
secret_religious_society_shangava_currency;Devotion;Dévotion;Hingabe;;Devoción;;;;;;;;;x
secret_religious_society_shangava_leader_desc;[GetSocietyLeaderDesc];[GetSocietyLeaderDesc];[GetSocietyLeaderDesc];;[GetSocietyLeaderDesc];;;;;;;;;x
alt_start_community_name_shangava;The [shangava.GetName] Faithful;Fidèles [shangava.GetName]s;Die [shangava.GetName]en Gläubigen;;Creyentes [shangava.GetName]s;;;;;;;;;x
secretly_convert_to_shangava_holy_site;Secretly Convert to [shangava.GetName];Adopter en secret la foi [shangava.GetName];Heimlich zum [shangava.GetName] Glauben konvertieren;;Convertirse en secreto a la religión [shangava.GetName];;;;;;;;;x
secretly_convert_to_shangava_holy_site_desc;The §Y[shangava.GetName]§! pilgrims that flock to the holy site in §Y[Root.Location.GetName]§! impress me with the depth and passion of their faith. I am tempted to convert in secrecy...;Les pèlerins §Y[shangava.GetName]§! qui affluent vers le site saint en §Y[Root.Location.GetName]§! m'impressionnent avec la profondeur et la passion de leur foi. Je suis tenté[Root.Get_E] de me convertir en secret...;Die §Y[shangava.GetName]istischen§! Pilger in §Y[Root.Location.GetName]§! beeindrucken mich durch die Tiefe und die Leidenschaft ihres Glaubens. Ich bin versucht, heimlich zu konvertieren ...;;Los peregrinos §Y[shangava.GetName]§! que acuden en masa al lugar sagrado en §Y[Root.Location.GetName]§! me impresionan con la profundidad y la pasión de su fe. Me tienta convertirme en secreto...;;;;;;;;;x

secret_religious_society_old_hindu;[GetReligiousCommunityName_old_hindu];[GetReligiousCommunityName_old_hindu];[GetReligiousCommunityName_old_hindu];;[GetReligiousCommunityName_old_hindu];;;;;;;;;x
secret_religious_society_old_hindu_desc;[GetReligiousSocietyDesc_old_hindu];[GetReligiousSocietyDesc_old_hindu];[GetReligiousSocietyDesc_old_hindu];;[GetReligiousSocietyDesc_old_hindu];;;;;;;;;x
secret_religious_society_old_hindu_currency;Devotion;Dévotion;Hingabe;;Devoción;;;;;;;;;x
secret_religious_society_old_hindu_leader_desc;[GetSocietyLeaderDesc];[GetSocietyLeaderDesc];[GetSocietyLeaderDesc];;[GetSocietyLeaderDesc];;;;;;;;;x
alt_start_community_name_old_hindu;The [old_hindu.GetName] Faithful;Fidèles [old_hindu.GetName]s;Die [old_hindu.GetName]en Gläubigen;;Creyentes [old_hindu.GetName]s;;;;;;;;;x
secretly_convert_to_old_hindu_holy_site;Secretly Convert to [old_hindu.GetName];Adopter en secret la foi [old_hindu.GetName];Heimlich zum [old_hindu.GetName] Glauben konvertieren;;Convertirse en secreto a la religión [old_hindu.GetName];;;;;;;;;x
secretly_convert_to_old_hindu_holy_site_desc;The §Y[old_hindu.GetName]§! pilgrims that flock to the holy site in §Y[Root.Location.GetName]§! impress me with the depth and passion of their faith. I am tempted to convert in secrecy...;Les pèlerins §Y[old_hindu.GetName]§! qui affluent vers le site saint en §Y[Root.Location.GetName]§! m'impressionnent avec la profondeur et la passion de leur foi. Je suis tenté[Root.Get_E] de me convertir en secret...;Die §Y[old_hindu.GetName]istischen§! Pilger in §Y[Root.Location.GetName]§! beeindrucken mich durch die Tiefe und die Leidenschaft ihres Glaubens. Ich bin versucht, heimlich zu konvertieren ...;;Los peregrinos §Y[old_hindu.GetName]§! que acuden en masa al lugar sagrado en §Y[Root.Location.GetName]§! me impresionan con la profundidad y la pasión de su fe. Me tienta convertirme en secreto...;;;;;;;;;x

secret_religious_society_jain;[GetReligiousCommunityName_jain];[GetReligiousCommunityName_jain];[GetReligiousCommunityName_jain];;[GetReligiousCommunityName_jain];;;;;;;;;x
secret_religious_society_jain_desc;[GetReligiousSocietyDesc_jain];[GetReligiousSocietyDesc_jain];[GetReligiousSocietyDesc_jain];;[GetReligiousSocietyDesc_jain];;;;;;;;;x
secret_religious_society_jain_currency;Devotion;Dévotion;Hingabe;;Devoción;;;;;;;;;x
secret_religious_society_jain_leader_desc;[GetSocietyLeaderDesc];[GetSocietyLeaderDesc];[GetSocietyLeaderDesc];;[GetSocietyLeaderDesc];;;;;;;;;x
alt_start_community_name_jain;The [jain.GetName] Faithful;Fidèles [jain.GetName]s;Die [jain.GetName]en Gläubigen;;Creyentes [jain.GetName]s;;;;;;;;;x
secretly_convert_to_jain_holy_site;Secretly Convert to [jain.GetName];Adopter en secret la foi [jain.GetName];Heimlich zum [jain.GetName] Glauben konvertieren;;Convertirse en secreto a la religión [jain.GetName];;;;;;;;;x
secretly_convert_to_jain_holy_site_desc;The §Y[jain.GetName]§! pilgrims that flock to the holy site in §Y[Root.Location.GetName]§! impress me with the depth and passion of their faith. I am tempted to convert in secrecy...;Les pèlerins §Y[jain.GetName]§! qui affluent vers le site saint en §Y[Root.Location.GetName]§! m'impressionnent avec la profondeur et la passion de leur foi. Je suis tenté[Root.Get_E] de me convertir en secret...;Die §Y[jain.GetName]istischen§! Pilger in §Y[Root.Location.GetName]§! beeindrucken mich durch die Tiefe und die Leidenschaft ihres Glaubens. Ich bin versucht, heimlich zu konvertieren ...;;Los peregrinos §Y[jain.GetName]§! que acuden en masa al lugar sagrado en §Y[Root.Location.GetName]§! me impresionan con la profundidad y la pasión de su fe. Me tienta convertirme en secreto...;;;;;;;;;x

secret_religious_society_neovedantic;[GetReligiousCommunityName_neovedantic];[GetReligiousCommunityName_neovedantic];[GetReligiousCommunityName_neovedantic];;[GetReligiousCommunityName_neovedantic];;;;;;;;;x
secret_religious_society_neovedantic_desc;[GetReligiousSocietyDesc_neovedantic];[GetReligiousSocietyDesc_neovedantic];[GetReligiousSocietyDesc_neovedantic];;[GetReligiousSocietyDesc_neovedantic];;;;;;;;;x
secret_religious_society_neovedantic_currency;Devotion;Dévotion;Hingabe;;Devoción;;;;;;;;;x
secret_religious_society_neovedantic_leader_desc;[GetSocietyLeaderDesc];[GetSocietyLeaderDesc];[GetSocietyLeaderDesc];;[GetSocietyLeaderDesc];;;;;;;;;x
alt_start_community_name_neovedantic;The [neovedantic.GetName] Faithful;Fidèles [neovedantic.GetName]s;Die [neovedantic.GetName]en Gläubigen;;Creyentes [neovedantic.GetName]s;;;;;;;;;x
secretly_convert_to_neovedantic_holy_site;Secretly Convert to [neovedantic.GetName];Adopter en secret la foi [neovedantic.GetName];Heimlich zum [neovedantic.GetName] Glauben konvertieren;;Convertirse en secreto a la religión [neovedantic.GetName];;;;;;;;;x
secretly_convert_to_neovedantic_holy_site_desc;The §Y[neovedantic.GetName]§! pilgrims that flock to the holy site in §Y[Root.Location.GetName]§! impress me with the depth and passion of their faith. I am tempted to convert in secrecy...;Les pèlerins §Y[neovedantic.GetName]§! qui affluent vers le site saint en §Y[Root.Location.GetName]§! m'impressionnent avec la profondeur et la passion de leur foi. Je suis tenté[Root.Get_E] de me convertir en secret...;Die §Y[neovedantic.GetName]istischen§! Pilger in §Y[Root.Location.GetName]§! beeindrucken mich durch die Tiefe und die Leidenschaft ihres Glaubens. Ich bin versucht, heimlich zu konvertieren ...;;Los peregrinos §Y[neovedantic.GetName]§! que acuden en masa al lugar sagrado en §Y[Root.Location.GetName]§! me impresionan con la profundidad y la pasión de su fe. Me tienta convertirme en secreto...;;;;;;;;;x

secret_religious_society_jewish;[GetReligiousCommunityName_jewish];[GetReligiousCommunityName_jewish];[GetReligiousCommunityName_jewish];;[GetReligiousCommunityName_jewish];;;;;;;;;x
secret_religious_society_jewish_desc;[GetReligiousSocietyDesc_jewish];[GetReligiousSocietyDesc_jewish];[GetReligiousSocietyDesc_jewish];;[GetReligiousSocietyDesc_jewish];;;;;;;;;x
secret_religious_society_jewish_currency;Devotion;Dévotion;Hingabe;;Devoción;;;;;;;;;x
secret_religious_society_jewish_leader_desc;[GetSocietyLeaderDesc];[GetSocietyLeaderDesc];[GetSocietyLeaderDesc];;[GetSocietyLeaderDesc];;;;;;;;;x
alt_start_community_name_jewish;The [jewish.GetName] Faithful;Fidèles [jewish.GetName]s;Die [jewish.GetName]en Gläubigen;;Creyentes [jewish.GetName]s;;;;;;;;;x
secretly_convert_to_jewish_holy_site;Secretly Convert to [jewish.GetName];Adopter en secret la foi [jewish.GetName];Heimlich zum [jewish.GetName] Glauben konvertieren;;Convertirse en secreto a la religión [jewish.GetName];;;;;;;;;x
secretly_convert_to_jewish_holy_site_desc;The §Y[jewish.GetName]§! pilgrims that flock to the holy site in §Y[Root.Location.GetName]§! impress me with the depth and passion of their faith. I am tempted to convert in secrecy...;Les pèlerins §Y[jewish.GetName]§! qui affluent vers le site saint en §Y[Root.Location.GetName]§! m'impressionnent avec la profondeur et la passion de leur foi. Je suis tenté[Root.Get_E] de me convertir en secret...;Die §Y[jewish.GetName]istischen§! Pilger in §Y[Root.Location.GetName]§! beeindrucken mich durch die Tiefe und die Leidenschaft ihres Glaubens. Ich bin versucht, heimlich zu konvertieren ...;;Los peregrinos §Y[jewish.GetName]§! que acuden en masa al lugar sagrado en §Y[Root.Location.GetName]§! me impresionan con la profundidad y la pasión de su fe. Me tienta convertirme en secreto...;;;;;;;;;x

secret_religious_society_mikraist;[GetReligiousCommunityName_mikraist];[GetReligiousCommunityName_mikraist];[GetReligiousCommunityName_mikraist];;[GetReligiousCommunityName_mikraist];;;;;;;;;x
secret_religious_society_mikraist_desc;[GetReligiousSocietyDesc_mikraist];[GetReligiousSocietyDesc_mikraist];[GetReligiousSocietyDesc_mikraist];;[GetReligiousSocietyDesc_mikraist];;;;;;;;;x
secret_religious_society_mikraist_currency;Devotion;Dévotion;Hingabe;;Devoción;;;;;;;;;x
secret_religious_society_mikraist_leader_desc;[GetSocietyLeaderDesc];[GetSocietyLeaderDesc];[GetSocietyLeaderDesc];;[GetSocietyLeaderDesc];;;;;;;;;x
alt_start_community_name_mikraist;The [mikraist.GetName] Faithful;Fidèles [mikraist.GetName]s;Die [mikraist.GetName]en Gläubigen;;Creyentes [mikraist.GetName]s;;;;;;;;;x
secretly_convert_to_mikraist_holy_site;Secretly Convert to [mikraist.GetName];Adopter en secret la foi [mikraist.GetName];Heimlich zum [mikraist.GetName] Glauben konvertieren;;Convertirse en secreto a la religión [mikraist.GetName];;;;;;;;;x
secretly_convert_to_mikraist_holy_site_desc;The §Y[mikraist.GetName]§! pilgrims that flock to the holy site in §Y[Root.Location.GetName]§! impress me with the depth and passion of their faith. I am tempted to convert in secrecy...;Les pèlerins §Y[mikraist.GetName]§! qui affluent vers le site saint en §Y[Root.Location.GetName]§! m'impressionnent avec la profondeur et la passion de leur foi. Je suis tenté[Root.Get_E] de me convertir en secret...;Die §Y[mikraist.GetName]istischen§! Pilger in §Y[Root.Location.GetName]§! beeindrucken mich durch die Tiefe und die Leidenschaft ihres Glaubens. Ich bin versucht, heimlich zu konvertieren ...;;Los peregrinos §Y[mikraist.GetName]§! que acuden en masa al lugar sagrado en §Y[Root.Location.GetName]§! me impresionan con la profundidad y la pasión de su fe. Me tienta convertirme en secreto...;;;;;;;;;x

secret_religious_society_maaravi;[GetReligiousCommunityName_maaravi];[GetReligiousCommunityName_maaravi];[GetReligiousCommunityName_maaravi];;[GetReligiousCommunityName_maaravi];;;;;;;;;x
secret_religious_society_maaravi_desc;[GetReligiousSocietyDesc_maaravi];[GetReligiousSocietyDesc_maaravi];[GetReligiousSocietyDesc_maaravi];;[GetReligiousSocietyDesc_maaravi];;;;;;;;;x
secret_religious_society_maaravi_currency;Devotion;Dévotion;Hingabe;;Devoción;;;;;;;;;x
secret_religious_society_maaravi_leader_desc;[GetSocietyLeaderDesc];[GetSocietyLeaderDesc];[GetSocietyLeaderDesc];;[GetSocietyLeaderDesc];;;;;;;;;x
alt_start_community_name_maaravi;The [maaravi.GetName] Faithful;Fidèles [maaravi.GetName]s;Die [maaravi.GetName]en Gläubigen;;Creyentes [maaravi.GetName]s;;;;;;;;;x
secretly_convert_to_maaravi_holy_site;Secretly Convert to [maaravi.GetName];Adopter en secret la foi [maaravi.GetName];Heimlich zum [maaravi.GetName] Glauben konvertieren;;Convertirse en secreto a la religión [maaravi.GetName];;;;;;;;;x
secretly_convert_to_maaravi_holy_site_desc;The §Y[maaravi.GetName]§! pilgrims that flock to the holy site in §Y[Root.Location.GetName]§! impress me with the depth and passion of their faith. I am tempted to convert in secrecy...;Les pèlerins §Y[maaravi.GetName]§! qui affluent vers le site saint en §Y[Root.Location.GetName]§! m'impressionnent avec la profondeur et la passion de leur foi. Je suis tenté[Root.Get_E] de me convertir en secret...;Die §Y[maaravi.GetName]istischen§! Pilger in §Y[Root.Location.GetName]§! beeindrucken mich durch die Tiefe und die Leidenschaft ihres Glaubens. Ich bin versucht, heimlich zu konvertieren ...;;Los peregrinos §Y[maaravi.GetName]§! que acuden en masa al lugar sagrado en §Y[Root.Location.GetName]§! me impresionan con la profundidad y la pasión de su fe. Me tienta convertirme en secreto...;;;;;;;;;x

secret_religious_society_hasidic;[GetReligiousCommunityName_hasidic];[GetReligiousCommunityName_hasidic];[GetReligiousCommunityName_hasidic];;[GetReligiousCommunityName_hasidic];;;;;;;;;x
secret_religious_society_hasidic_desc;[GetReligiousSocietyDesc_hasidic];[GetReligiousSocietyDesc_hasidic];[GetReligiousSocietyDesc_hasidic];;[GetReligiousSocietyDesc_hasidic];;;;;;;;;x
secret_religious_society_hasidic_currency;Devotion;Dévotion;Hingabe;;Devoción;;;;;;;;;x
secret_religious_society_hasidic_leader_desc;[GetSocietyLeaderDesc];[GetSocietyLeaderDesc];[GetSocietyLeaderDesc];;[GetSocietyLeaderDesc];;;;;;;;;x
alt_start_community_name_hasidic;The [hasidic.GetName] Faithful;Fidèles [hasidic.GetName]s;Die [hasidic.GetName]en Gläubigen;;Creyentes [hasidic.GetName]s;;;;;;;;;x
secretly_convert_to_hasidic_holy_site;Secretly Convert to [hasidic.GetName];Adopter en secret la foi [hasidic.GetName];Heimlich zum [hasidic.GetName] Glauben konvertieren;;Convertirse en secreto a la religión [hasidic.GetName];;;;;;;;;x
secretly_convert_to_hasidic_holy_site_desc;The §Y[hasidic.GetName]§! pilgrims that flock to the holy site in §Y[Root.Location.GetName]§! impress me with the depth and passion of their faith. I am tempted to convert in secrecy...;Les pèlerins §Y[hasidic.GetName]§! qui affluent vers le site saint en §Y[Root.Location.GetName]§! m'impressionnent avec la profondeur et la passion de leur foi. Je suis tenté[Root.Get_E] de me convertir en secret...;Die §Y[hasidic.GetName]istischen§! Pilger in §Y[Root.Location.GetName]§! beeindrucken mich durch die Tiefe und die Leidenschaft ihres Glaubens. Ich bin versucht, heimlich zu konvertieren ...;;Los peregrinos §Y[hasidic.GetName]§! que acuden en masa al lugar sagrado en §Y[Root.Location.GetName]§! me impresionan con la profundidad y la pasión de su fe. Me tienta convertirme en secreto...;;;;;;;;;x

secret_religious_society_haymanot;[GetReligiousCommunityName_haymanot];[GetReligiousCommunityName_haymanot];[GetReligiousCommunityName_haymanot];;[GetReligiousCommunityName_haymanot];;;;;;;;;x
secret_religious_society_haymanot_desc;[GetReligiousSocietyDesc_haymanot];[GetReligiousSocietyDesc_haymanot];[GetReligiousSocietyDesc_haymanot];;[GetReligiousSocietyDesc_haymanot];;;;;;;;;x
secret_religious_society_haymanot_currency;Devotion;Dévotion;Hingabe;;Devoción;;;;;;;;;x
secret_religious_society_haymanot_leader_desc;[GetSocietyLeaderDesc];[GetSocietyLeaderDesc];[GetSocietyLeaderDesc];;[GetSocietyLeaderDesc];;;;;;;;;x
alt_start_community_name_haymanot;The [haymanot.GetName] Faithful;Fidèles [haymanot.GetName]s;Die [haymanot.GetName]en Gläubigen;;Creyentes [haymanot.GetName]s;;;;;;;;;x
secretly_convert_to_haymanot_holy_site;Secretly Convert to [haymanot.GetName];Adopter en secret la foi [haymanot.GetName];Heimlich zum [haymanot.GetName] Glauben konvertieren;;Convertirse en secreto a la religión [haymanot.GetName];;;;;;;;;x
secretly_convert_to_haymanot_holy_site_desc;The §Y[haymanot.GetName]§! pilgrims that flock to the holy site in §Y[Root.Location.GetName]§! impress me with the depth and passion of their faith. I am tempted to convert in secrecy...;Les pèlerins §Y[haymanot.GetName]§! qui affluent vers le site saint en §Y[Root.Location.GetName]§! m'impressionnent avec la profondeur et la passion de leur foi. Je suis tenté[Root.Get_E] de me convertir en secret...;Die §Y[haymanot.GetName]istischen§! Pilger in §Y[Root.Location.GetName]§! beeindrucken mich durch die Tiefe und die Leidenschaft ihres Glaubens. Ich bin versucht, heimlich zu konvertieren ...;;Los peregrinos §Y[haymanot.GetName]§! que acuden en masa al lugar sagrado en §Y[Root.Location.GetName]§! me impresionan con la profundidad y la pasión de su fe. Me tienta convertirme en secreto...;;;;;;;;;x

secret_religious_society_congregationist;[GetReligiousCommunityName_congregationist];[GetReligiousCommunityName_congregationist];[GetReligiousCommunityName_congregationist];;[GetReligiousCommunityName_congregationist];;;;;;;;;x
secret_religious_society_congregationist_desc;[GetReligiousSocietyDesc_congregationist];[GetReligiousSocietyDesc_congregationist];[GetReligiousSocietyDesc_congregationist];;[GetReligiousSocietyDesc_congregationist];;;;;;;;;x
secret_religious_society_congregationist_currency;Devotion;Dévotion;Hingabe;;Devoción;;;;;;;;;x
secret_religious_society_congregationist_leader_desc;[GetSocietyLeaderDesc];[GetSocietyLeaderDesc];[GetSocietyLeaderDesc];;[GetSocietyLeaderDesc];;;;;;;;;x
alt_start_community_name_congregationist;The [congregationist.GetName] Faithful;Fidèles [congregationist.GetName]s;Die [congregationist.GetName]en Gläubigen;;Creyentes [congregationist.GetName]s;;;;;;;;;x
secretly_convert_to_congregationist_holy_site;Secretly Convert to [congregationist.GetName];Adopter en secret la foi [congregationist.GetName];Heimlich zum [congregationist.GetName] Glauben konvertieren;;Convertirse en secreto a la religión [congregationist.GetName];;;;;;;;;x
secretly_convert_to_congregationist_holy_site_desc;The §Y[congregationist.GetName]§! pilgrims that flock to the holy site in §Y[Root.Location.GetName]§! impress me with the depth and passion of their faith. I am tempted to convert in secrecy...;Les pèlerins §Y[congregationist.GetName]§! qui affluent vers le site saint en §Y[Root.Location.GetName]§! m'impressionnent avec la profondeur et la passion de leur foi. Je suis tenté[Root.Get_E] de me convertir en secret...;Die §Y[congregationist.GetName]istischen§! Pilger in §Y[Root.Location.GetName]§! beeindrucken mich durch die Tiefe und die Leidenschaft ihres Glaubens. Ich bin versucht, heimlich zu konvertieren ...;;Los peregrinos §Y[congregationist.GetName]§! que acuden en masa al lugar sagrado en §Y[Root.Location.GetName]§! me impresionan con la profundidad y la pasión de su fe. Me tienta convertirme en secreto...;;;;;;;;;x

secret_religious_society_federationist;[GetReligiousCommunityName_federationist];[GetReligiousCommunityName_federationist];[GetReligiousCommunityName_federationist];;[GetReligiousCommunityName_federationist];;;;;;;;;x
secret_religious_society_federationist_desc;[GetReligiousSocietyDesc_federationist];[GetReligiousSocietyDesc_federationist];[GetReligiousSocietyDesc_federationist];;[GetReligiousSocietyDesc_federationist];;;;;;;;;x
secret_religious_society_federationist_currency;Devotion;Dévotion;Hingabe;;Devoción;;;;;;;;;x
secret_religious_society_federationist_leader_desc;[GetSocietyLeaderDesc];[GetSocietyLeaderDesc];[GetSocietyLeaderDesc];;[GetSocietyLeaderDesc];;;;;;;;;x
alt_start_community_name_federationist;The [federationist.GetName] Faithful;Fidèles [federationist.GetName]s;Die [federationist.GetName]en Gläubigen;;Creyentes [federationist.GetName]s;;;;;;;;;x
secretly_convert_to_federationist_holy_site;Secretly Convert to [federationist.GetName];Adopter en secret la foi [federationist.GetName];Heimlich zum [federationist.GetName] Glauben konvertieren;;Convertirse en secreto a la religión [federationist.GetName];;;;;;;;;x
secretly_convert_to_federationist_holy_site_desc;The §Y[federationist.GetName]§! pilgrims that flock to the holy site in §Y[Root.Location.GetName]§! impress me with the depth and passion of their faith. I am tempted to convert in secrecy...;Les pèlerins §Y[federationist.GetName]§! qui affluent vers le site saint en §Y[Root.Location.GetName]§! m'impressionnent avec la profondeur et la passion de leur foi. Je suis tenté[Root.Get_E] de me convertir en secret...;Die §Y[federationist.GetName]istischen§! Pilger in §Y[Root.Location.GetName]§! beeindrucken mich durch die Tiefe und die Leidenschaft ihres Glaubens. Ich bin versucht, heimlich zu konvertieren ...;;Los peregrinos §Y[federationist.GetName]§! que acuden en masa al lugar sagrado en §Y[Root.Location.GetName]§! me impresionan con la profundidad y la pasión de su fe. Me tienta convertirme en secreto...;;;;;;;;;x

secret_religious_society_ovlatii;[GetReligiousCommunityName_ovlatii];[GetReligiousCommunityName_ovlatii];[GetReligiousCommunityName_ovlatii];;[GetReligiousCommunityName_ovlatii];;;;;;;;;x
secret_religious_society_ovlatii_desc;[GetReligiousSocietyDesc_ovlatii];[GetReligiousSocietyDesc_ovlatii];[GetReligiousSocietyDesc_ovlatii];;[GetReligiousSocietyDesc_ovlatii];;;;;;;;;x
secret_religious_society_ovlatii_currency;Devotion;Dévotion;Hingabe;;Devoción;;;;;;;;;x
secret_religious_society_ovlatii_leader_desc;[GetSocietyLeaderDesc];[GetSocietyLeaderDesc];[GetSocietyLeaderDesc];;[GetSocietyLeaderDesc];;;;;;;;;x
alt_start_community_name_ovlatii;The [ovlatii.GetName] Faithful;Fidèles [ovlatii.GetName]s;Die [ovlatii.GetName]en Gläubigen;;Creyentes [ovlatii.GetName]s;;;;;;;;;x
secretly_convert_to_ovlatii_holy_site;Secretly Convert to [ovlatii.GetName];Adopter en secret la foi [ovlatii.GetName];Heimlich zum [ovlatii.GetName] Glauben konvertieren;;Convertirse en secreto a la religión [ovlatii.GetName];;;;;;;;;x
secretly_convert_to_ovlatii_holy_site_desc;The §Y[ovlatii.GetName]§! pilgrims that flock to the holy site in §Y[Root.Location.GetName]§! impress me with the depth and passion of their faith. I am tempted to convert in secrecy...;Les pèlerins §Y[ovlatii.GetName]§! qui affluent vers le site saint en §Y[Root.Location.GetName]§! m'impressionnent avec la profondeur et la passion de leur foi. Je suis tenté[Root.Get_E] de me convertir en secret...;Die §Y[ovlatii.GetName]istischen§! Pilger in §Y[Root.Location.GetName]§! beeindrucken mich durch die Tiefe und die Leidenschaft ihres Glaubens. Ich bin versucht, heimlich zu konvertieren ...;;Los peregrinos §Y[ovlatii.GetName]§! que acuden en masa al lugar sagrado en §Y[Root.Location.GetName]§! me impresionan con la profundidad y la pasión de su fe. Me tienta convertirme en secreto...;;;;;;;;;x

secret_religious_society_deobandi;[GetReligiousCommunityName_deobandi];[GetReligiousCommunityName_deobandi];[GetReligiousCommunityName_deobandi];;[GetReligiousCommunityName_deobandi];;;;;;;;;x
secret_religious_society_deobandi_desc;[GetReligiousSocietyDesc_deobandi];[GetReligiousSocietyDesc_deobandi];[GetReligiousSocietyDesc_deobandi];;[GetReligiousSocietyDesc_deobandi];;;;;;;;;x
secret_religious_society_deobandi_currency;Devotion;Dévotion;Hingabe;;Devoción;;;;;;;;;x
secret_religious_society_deobandi_leader_desc;[GetSocietyLeaderDesc];[GetSocietyLeaderDesc];[GetSocietyLeaderDesc];;[GetSocietyLeaderDesc];;;;;;;;;x
alt_start_community_name_deobandi;The [deobandi.GetName] Faithful;Fidèles [deobandi.GetName]s;Die [deobandi.GetName]en Gläubigen;;Creyentes [deobandi.GetName]s;;;;;;;;;x
secretly_convert_to_deobandi_holy_site;Secretly Convert to [deobandi.GetName];Adopter en secret la foi [deobandi.GetName];Heimlich zum [deobandi.GetName] Glauben konvertieren;;Convertirse en secreto a la religión [deobandi.GetName];;;;;;;;;x
secretly_convert_to_deobandi_holy_site_desc;The §Y[deobandi.GetName]§! pilgrims that flock to the holy site in §Y[Root.Location.GetName]§! impress me with the depth and passion of their faith. I am tempted to convert in secrecy...;Les pèlerins §Y[deobandi.GetName]§! qui affluent vers le site saint en §Y[Root.Location.GetName]§! m'impressionnent avec la profondeur et la passion de leur foi. Je suis tenté[Root.Get_E] de me convertir en secret...;Die §Y[deobandi.GetName]istischen§! Pilger in §Y[Root.Location.GetName]§! beeindrucken mich durch die Tiefe und die Leidenschaft ihres Glaubens. Ich bin versucht, heimlich zu konvertieren ...;;Los peregrinos §Y[deobandi.GetName]§! que acuden en masa al lugar sagrado en §Y[Root.Location.GetName]§! me impresionan con la profundidad y la pasión de su fe. Me tienta convertirme en secreto...;;;;;;;;;x

secret_religious_society_malikite;[GetReligiousCommunityName_malikite];[GetReligiousCommunityName_malikite];[GetReligiousCommunityName_malikite];;[GetReligiousCommunityName_malikite];;;;;;;;;x
secret_religious_society_malikite_desc;[GetReligiousSocietyDesc_malikite];[GetReligiousSocietyDesc_malikite];[GetReligiousSocietyDesc_malikite];;[GetReligiousSocietyDesc_malikite];;;;;;;;;x
secret_religious_society_malikite_currency;Devotion;Dévotion;Hingabe;;Devoción;;;;;;;;;x
secret_religious_society_malikite_leader_desc;[GetSocietyLeaderDesc];[GetSocietyLeaderDesc];[GetSocietyLeaderDesc];;[GetSocietyLeaderDesc];;;;;;;;;x
alt_start_community_name_malikite;The [malikite.GetName] Faithful;Fidèles [malikite.GetName]s;Die [malikite.GetName]en Gläubigen;;Creyentes [malikite.GetName]s;;;;;;;;;x
secretly_convert_to_malikite_holy_site;Secretly Convert to [malikite.GetName];Adopter en secret la foi [malikite.GetName];Heimlich zum [malikite.GetName] Glauben konvertieren;;Convertirse en secreto a la religión [malikite.GetName];;;;;;;;;x
secretly_convert_to_malikite_holy_site_desc;The §Y[malikite.GetName]§! pilgrims that flock to the holy site in §Y[Root.Location.GetName]§! impress me with the depth and passion of their faith. I am tempted to convert in secrecy...;Les pèlerins §Y[malikite.GetName]§! qui affluent vers le site saint en §Y[Root.Location.GetName]§! m'impressionnent avec la profondeur et la passion de leur foi. Je suis tenté[Root.Get_E] de me convertir en secret...;Die §Y[malikite.GetName]istischen§! Pilger in §Y[Root.Location.GetName]§! beeindrucken mich durch die Tiefe und die Leidenschaft ihres Glaubens. Ich bin versucht, heimlich zu konvertieren ...;;Los peregrinos §Y[malikite.GetName]§! que acuden en masa al lugar sagrado en §Y[Root.Location.GetName]§! me impresionan con la profundidad y la pasión de su fe. Me tienta convertirme en secreto...;;;;;;;;;x

secret_religious_society_sufi;[GetReligiousCommunityName_sufi];[GetReligiousCommunityName_sufi];[GetReligiousCommunityName_sufi];;[GetReligiousCommunityName_sufi];;;;;;;;;x
secret_religious_society_sufi_desc;[GetReligiousSocietyDesc_sufi];[GetReligiousSocietyDesc_sufi];[GetReligiousSocietyDesc_sufi];;[GetReligiousSocietyDesc_sufi];;;;;;;;;x
secret_religious_society_sufi_currency;Devotion;Dévotion;Hingabe;;Devoción;;;;;;;;;x
secret_religious_society_sufi_leader_desc;[GetSocietyLeaderDesc];[GetSocietyLeaderDesc];[GetSocietyLeaderDesc];;[GetSocietyLeaderDesc];;;;;;;;;x
alt_start_community_name_sufi;The [sufi.GetName] Faithful;Fidèles [sufi.GetName]s;Die [sufi.GetName]en Gläubigen;;Creyentes [sufi.GetName]s;;;;;;;;;x
secretly_convert_to_sufi_holy_site;Secretly Convert to [sufi.GetName];Adopter en secret la foi [sufi.GetName];Heimlich zum [sufi.GetName] Glauben konvertieren;;Convertirse en secreto a la religión [sufi.GetName];;;;;;;;;x
secretly_convert_to_sufi_holy_site_desc;The §Y[sufi.GetName]§! pilgrims that flock to the holy site in §Y[Root.Location.GetName]§! impress me with the depth and passion of their faith. I am tempted to convert in secrecy...;Les pèlerins §Y[sufi.GetName]§! qui affluent vers le site saint en §Y[Root.Location.GetName]§! m'impressionnent avec la profondeur et la passion de leur foi. Je suis tenté[Root.Get_E] de me convertir en secret...;Die §Y[sufi.GetName]istischen§! Pilger in §Y[Root.Location.GetName]§! beeindrucken mich durch die Tiefe und die Leidenschaft ihres Glaubens. Ich bin versucht, heimlich zu konvertieren ...;;Los peregrinos §Y[sufi.GetName]§! que acuden en masa al lugar sagrado en §Y[Root.Location.GetName]§! me impresionan con la profundidad y la pasión de su fe. Me tienta convertirme en secreto...;;;;;;;;;x

secret_religious_society_qingzhen;[GetReligiousCommunityName_qingzhen];[GetReligiousCommunityName_qingzhen];[GetReligiousCommunityName_qingzhen];;[GetReligiousCommunityName_qingzhen];;;;;;;;;x
secret_religious_society_qingzhen_desc;[GetReligiousSocietyDesc_qingzhen];[GetReligiousSocietyDesc_qingzhen];[GetReligiousSocietyDesc_qingzhen];;[GetReligiousSocietyDesc_qingzhen];;;;;;;;;x
secret_religious_society_qingzhen_currency;Devotion;Dévotion;Hingabe;;Devoción;;;;;;;;;x
secret_religious_society_qingzhen_leader_desc;[GetSocietyLeaderDesc];[GetSocietyLeaderDesc];[GetSocietyLeaderDesc];;[GetSocietyLeaderDesc];;;;;;;;;x
alt_start_community_name_qingzhen;The [qingzhen.GetName] Faithful;Fidèles [qingzhen.GetName]s;Die [qingzhen.GetName]en Gläubigen;;Creyentes [qingzhen.GetName]s;;;;;;;;;x
secretly_convert_to_qingzhen_holy_site;Secretly Convert to [qingzhen.GetName];Adopter en secret la foi [qingzhen.GetName];Heimlich zum [qingzhen.GetName] Glauben konvertieren;;Convertirse en secreto a la religión [qingzhen.GetName];;;;;;;;;x
secretly_convert_to_qingzhen_holy_site_desc;The §Y[qingzhen.GetName]§! pilgrims that flock to the holy site in §Y[Root.Location.GetName]§! impress me with the depth and passion of their faith. I am tempted to convert in secrecy...;Les pèlerins §Y[qingzhen.GetName]§! qui affluent vers le site saint en §Y[Root.Location.GetName]§! m'impressionnent avec la profondeur et la passion de leur foi. Je suis tenté[Root.Get_E] de me convertir en secret...;Die §Y[qingzhen.GetName]istischen§! Pilger in §Y[Root.Location.GetName]§! beeindrucken mich durch die Tiefe und die Leidenschaft ihres Glaubens. Ich bin versucht, heimlich zu konvertieren ...;;Los peregrinos §Y[qingzhen.GetName]§! que acuden en masa al lugar sagrado en §Y[Root.Location.GetName]§! me impresionan con la profundidad y la pasión de su fe. Me tienta convertirme en secreto...;;;;;;;;;x


secret_religious_society_barelvi;[GetReligiousCommunityName_barelvi];[GetReligiousCommunityName_barelvi];[GetReligiousCommunityName_barelvi];;[GetReligiousCommunityName_barelvi];;;;;;;;;x
secret_religious_society_barelvi_desc;[GetReligiousSocietyDesc_barelvi];[GetReligiousSocietyDesc_barelvi];[GetReligiousSocietyDesc_barelvi];;[GetReligiousSocietyDesc_barelvi];;;;;;;;;x
secret_religious_society_barelvi_currency;Devotion;Dévotion;Hingabe;;Devoción;;;;;;;;;x
secret_religious_society_barelvi_leader_desc;[GetSocietyLeaderDesc];[GetSocietyLeaderDesc];[GetSocietyLeaderDesc];;[GetSocietyLeaderDesc];;;;;;;;;x
alt_start_community_name_barelvi;The [barelvi.GetName] Faithful;Fidèles [barelvi.GetName]s;Die [barelvi.GetName]en Gläubigen;;Creyentes [barelvi.GetName]s;;;;;;;;;x
secretly_convert_to_barelvi_holy_site;Secretly Convert to [barelvi.GetName];Adopter en secret la foi [barelvi.GetName];Heimlich zum [barelvi.GetName] Glauben konvertieren;;Convertirse en secreto a la religión [barelvi.GetName];;;;;;;;;x
secretly_convert_to_barelvi_holy_site_desc;The §Y[barelvi.GetName]§! pilgrims that flock to the holy site in §Y[Root.Location.GetName]§! impress me with the depth and passion of their faith. I am tempted to convert in secrecy...;Les pèlerins §Y[barelvi.GetName]§! qui affluent vers le site saint en §Y[Root.Location.GetName]§! m'impressionnent avec la profondeur et la passion de leur foi. Je suis tenté[Root.Get_E] de me convertir en secret...;Die §Y[barelvi.GetName]istischen§! Pilger in §Y[Root.Location.GetName]§! beeindrucken mich durch die Tiefe und die Leidenschaft ihres Glaubens. Ich bin versucht, heimlich zu konvertieren ...;;Los peregrinos §Y[barelvi.GetName]§! que acuden en masa al lugar sagrado en §Y[Root.Location.GetName]§! me impresionan con la profundidad y la pasión de su fe. Me tienta convertirme en secreto...;;;;;;;;;x

secret_religious_society_alevi;[GetReligiousCommunityName_alevi];[GetReligiousCommunityName_alevi];[GetReligiousCommunityName_alevi];;[GetReligiousCommunityName_alevi];;;;;;;;;x
secret_religious_society_alevi_desc;[GetReligiousSocietyDesc_alevi];[GetReligiousSocietyDesc_alevi];[GetReligiousSocietyDesc_alevi];;[GetReligiousSocietyDesc_alevi];;;;;;;;;x
secret_religious_society_alevi_currency;Devotion;Dévotion;Hingabe;;Devoción;;;;;;;;;x
secret_religious_society_alevi_leader_desc;[GetSocietyLeaderDesc];[GetSocietyLeaderDesc];[GetSocietyLeaderDesc];;[GetSocietyLeaderDesc];;;;;;;;;x
alt_start_community_name_alevi;The [alevi.GetName] Faithful;Fidèles [alevi.GetName]s;Die [alevi.GetName]en Gläubigen;;Creyentes [alevi.GetName]s;;;;;;;;;x
secretly_convert_to_alevi_holy_site;Secretly Convert to [alevi.GetName];Adopter en secret la foi [alevi.GetName];Heimlich zum [alevi.GetName] Glauben konvertieren;;Convertirse en secreto a la religión [alevi.GetName];;;;;;;;;x
secretly_convert_to_alevi_holy_site_desc;The §Y[alevi.GetName]§! pilgrims that flock to the holy site in §Y[Root.Location.GetName]§! impress me with the depth and passion of their faith. I am tempted to convert in secrecy...;Les pèlerins §Y[alevi.GetName]§! qui affluent vers le site saint en §Y[Root.Location.GetName]§! m'impressionnent avec la profondeur et la passion de leur foi. Je suis tenté[Root.Get_E] de me convertir en secret...;Die §Y[alevi.GetName]istischen§! Pilger in §Y[Root.Location.GetName]§! beeindrucken mich durch die Tiefe und die Leidenschaft ihres Glaubens. Ich bin versucht, heimlich zu konvertieren ...;;Los peregrinos §Y[alevi.GetName]§! que acuden en masa al lugar sagrado en §Y[Root.Location.GetName]§! me impresionan con la profundidad y la pasión de su fe. Me tienta convertirme en secreto...;;;;;;;;;x

secret_religious_society_ibadi;[GetReligiousCommunityName_ibadi];[GetReligiousCommunityName_ibadi];[GetReligiousCommunityName_ibadi];;[GetReligiousCommunityName_ibadi];;;;;;;;;x
secret_religious_society_ibadi_desc;[GetReligiousSocietyDesc_ibadi];[GetReligiousSocietyDesc_ibadi];[GetReligiousSocietyDesc_ibadi];;[GetReligiousSocietyDesc_ibadi];;;;;;;;;x
secret_religious_society_ibadi_currency;Devotion;Dévotion;Hingabe;;Devoción;;;;;;;;;x
secret_religious_society_ibadi_leader_desc;[GetSocietyLeaderDesc];[GetSocietyLeaderDesc];[GetSocietyLeaderDesc];;[GetSocietyLeaderDesc];;;;;;;;;x
alt_start_community_name_ibadi;The [ibadi.GetName] Faithful;Fidèles [ibadi.GetName]s;Die [ibadi.GetName]en Gläubigen;;Creyentes [ibadi.GetName]s;;;;;;;;;x
secretly_convert_to_ibadi_holy_site;Secretly Convert to [ibadi.GetName];Adopter en secret la foi [ibadi.GetName];Heimlich zum [ibadi.GetName] Glauben konvertieren;;Convertirse en secreto a la religión [ibadi.GetName];;;;;;;;;x
secretly_convert_to_ibadi_holy_site_desc;The §Y[ibadi.GetName]§! pilgrims that flock to the holy site in §Y[Root.Location.GetName]§! impress me with the depth and passion of their faith. I am tempted to convert in secrecy...;Les pèlerins §Y[ibadi.GetName]§! qui affluent vers le site saint en §Y[Root.Location.GetName]§! m'impressionnent avec la profondeur et la passion de leur foi. Je suis tenté[Root.Get_E] de me convertir en secret...;Die §Y[ibadi.GetName]istischen§! Pilger in §Y[Root.Location.GetName]§! beeindrucken mich durch die Tiefe und die Leidenschaft ihres Glaubens. Ich bin versucht, heimlich zu konvertieren ...;;Los peregrinos §Y[ibadi.GetName]§! que acuden en masa al lugar sagrado en §Y[Root.Location.GetName]§! me impresionan con la profundidad y la pasión de su fe. Me tienta convertirme en secreto...;;;;;;;;;x

secret_religious_society_shiite;[GetReligiousCommunityName_shiite];[GetReligiousCommunityName_shiite];[GetReligiousCommunityName_shiite];;[GetReligiousCommunityName_shiite];;;;;;;;;x
secret_religious_society_shiite_desc;[GetReligiousSocietyDesc_shiite];[GetReligiousSocietyDesc_shiite];[GetReligiousSocietyDesc_shiite];;[GetReligiousSocietyDesc_shiite];;;;;;;;;x
secret_religious_society_shiite_currency;Devotion;Dévotion;Hingabe;;Devoción;;;;;;;;;x
secret_religious_society_shiite_leader_desc;[GetSocietyLeaderDesc];[GetSocietyLeaderDesc];[GetSocietyLeaderDesc];;[GetSocietyLeaderDesc];;;;;;;;;x
alt_start_community_name_shiite;The [shiite.GetName] Faithful;Fidèles [shiite.GetName]s;Die [shiite.GetName]en Gläubigen;;Creyentes [shiite.GetName]s;;;;;;;;;x
secretly_convert_to_shiite_holy_site;Secretly Convert to [shiite.GetName];Adopter en secret la foi [shiite.GetName];Heimlich zum [shiite.GetName] Glauben konvertieren;;Convertirse en secreto a la religión [shiite.GetName];;;;;;;;;x
secretly_convert_to_shiite_holy_site_desc;The §Y[shiite.GetName]§! pilgrims that flock to the holy site in §Y[Root.Location.GetName]§! impress me with the depth and passion of their faith. I am tempted to convert in secrecy...;Les pèlerins §Y[shiite.GetName]§! qui affluent vers le site saint en §Y[Root.Location.GetName]§! m'impressionnent avec la profondeur et la passion de leur foi. Je suis tenté[Root.Get_E] de me convertir en secret...;Die §Y[shiite.GetName]istischen§! Pilger in §Y[Root.Location.GetName]§! beeindrucken mich durch die Tiefe und die Leidenschaft ihres Glaubens. Ich bin versucht, heimlich zu konvertieren ...;;Los peregrinos §Y[shiite.GetName]§! que acuden en masa al lugar sagrado en §Y[Root.Location.GetName]§! me impresionan con la profundidad y la pasión de su fe. Me tienta convertirme en secreto...;;;;;;;;;x

secret_religious_society_alawite;[GetReligiousCommunityName_alawite];[GetReligiousCommunityName_alawite];[GetReligiousCommunityName_alawite];;[GetReligiousCommunityName_alawite];;;;;;;;;x
secret_religious_society_alawite_desc;[GetReligiousSocietyDesc_alawite];[GetReligiousSocietyDesc_alawite];[GetReligiousSocietyDesc_alawite];;[GetReligiousSocietyDesc_alawite];;;;;;;;;x
secret_religious_society_alawite_currency;Devotion;Dévotion;Hingabe;;Devoción;;;;;;;;;x
secret_religious_society_alawite_leader_desc;[GetSocietyLeaderDesc];[GetSocietyLeaderDesc];[GetSocietyLeaderDesc];;[GetSocietyLeaderDesc];;;;;;;;;x
alt_start_community_name_alawite;The [alawite.GetName] Faithful;Fidèles [alawite.GetName]s;Die [alawite.GetName]en Gläubigen;;Creyentes [alawite.GetName]s;;;;;;;;;x
secretly_convert_to_alawite_holy_site;Secretly Convert to [alawite.GetName];Adopter en secret la foi [alawite.GetName];Heimlich zum [alawite.GetName] Glauben konvertieren;;Convertirse en secreto a la religión [alawite.GetName];;;;;;;;;x
secretly_convert_to_alawite_holy_site_desc;The §Y[alawite.GetName]§! pilgrims that flock to the holy site in §Y[Root.Location.GetName]§! impress me with the depth and passion of their faith. I am tempted to convert in secrecy...;Les pèlerins §Y[alawite.GetName]§! qui affluent vers le site saint en §Y[Root.Location.GetName]§! m'impressionnent avec la profondeur et la passion de leur foi. Je suis tenté[Root.Get_E] de me convertir en secret...;Die §Y[alawite.GetName]istischen§! Pilger in §Y[Root.Location.GetName]§! beeindrucken mich durch die Tiefe und die Leidenschaft ihres Glaubens. Ich bin versucht, heimlich zu konvertieren ...;;Los peregrinos §Y[alawite.GetName]§! que acuden en masa al lugar sagrado en §Y[Root.Location.GetName]§! me impresionan con la profundidad y la pasión de su fe. Me tienta convertirme en secreto...;;;;;;;;;x

secret_religious_society_ismaili;[GetReligiousCommunityName_ismaili];[GetReligiousCommunityName_ismaili];[GetReligiousCommunityName_ismaili];;[GetReligiousCommunityName_ismaili];;;;;;;;;x
secret_religious_society_ismaili_desc;[GetReligiousSocietyDesc_ismaili];[GetReligiousSocietyDesc_ismaili];[GetReligiousSocietyDesc_ismaili];;[GetReligiousSocietyDesc_ismaili];;;;;;;;;x
secret_religious_society_ismaili_currency;Devotion;Dévotion;Hingabe;;Devoción;;;;;;;;;x
secret_religious_society_ismaili_leader_desc;[GetSocietyLeaderDesc];[GetSocietyLeaderDesc];[GetSocietyLeaderDesc];;[GetSocietyLeaderDesc];;;;;;;;;x
alt_start_community_name_ismaili;The [ismaili.GetName] Faithful;Fidèles [ismaili.GetName]s;Die [ismaili.GetName]en Gläubigen;;Creyentes [ismaili.GetName]s;;;;;;;;;x
secretly_convert_to_ismaili_holy_site;Secretly Convert to [ismaili.GetName];Adopter en secret la foi [ismaili.GetName];Heimlich zum [ismaili.GetName] Glauben konvertieren;;Convertirse en secreto a la religión [ismaili.GetName];;;;;;;;;x
secretly_convert_to_ismaili_holy_site_desc;The §Y[ismaili.GetName]§! pilgrims that flock to the holy site in §Y[Root.Location.GetName]§! impress me with the depth and passion of their faith. I am tempted to convert in secrecy...;Les pèlerins §Y[ismaili.GetName]§! qui affluent vers le site saint en §Y[Root.Location.GetName]§! m'impressionnent avec la profondeur et la passion de leur foi. Je suis tenté[Root.Get_E] de me convertir en secret...;Die §Y[ismaili.GetName]istischen§! Pilger in §Y[Root.Location.GetName]§! beeindrucken mich durch die Tiefe und die Leidenschaft ihres Glaubens. Ich bin versucht, heimlich zu konvertieren ...;;Los peregrinos §Y[ismaili.GetName]§! que acuden en masa al lugar sagrado en §Y[Root.Location.GetName]§! me impresionan con la profundidad y la pasión de su fe. Me tienta convertirme en secreto...;;;;;;;;;x

secret_religious_society_zaydi;[GetReligiousCommunityName_zaydi];[GetReligiousCommunityName_zaydi];[GetReligiousCommunityName_zaydi];;[GetReligiousCommunityName_zaydi];;;;;;;;;x
secret_religious_society_zaydi_desc;[GetReligiousSocietyDesc_zaydi];[GetReligiousSocietyDesc_zaydi];[GetReligiousSocietyDesc_zaydi];;[GetReligiousSocietyDesc_zaydi];;;;;;;;;x
secret_religious_society_zaydi_currency;Devotion;Dévotion;Hingabe;;Devoción;;;;;;;;;x
secret_religious_society_zaydi_leader_desc;[GetSocietyLeaderDesc];[GetSocietyLeaderDesc];[GetSocietyLeaderDesc];;[GetSocietyLeaderDesc];;;;;;;;;x
alt_start_community_name_zaydi;The [zaydi.GetName] Faithful;Fidèles [zaydi.GetName]s;Die [zaydi.GetName]en Gläubigen;;Creyentes [zaydi.GetName]s;;;;;;;;;x
secretly_convert_to_zaydi_holy_site;Secretly Convert to [zaydi.GetName];Adopter en secret la foi [zaydi.GetName];Heimlich zum [zaydi.GetName] Glauben konvertieren;;Convertirse en secreto a la religión [zaydi.GetName];;;;;;;;;x
secretly_convert_to_zaydi_holy_site_desc;The §Y[zaydi.GetName]§! pilgrims that flock to the holy site in §Y[Root.Location.GetName]§! impress me with the depth and passion of their faith. I am tempted to convert in secrecy...;Les pèlerins §Y[zaydi.GetName]§! qui affluent vers le site saint en §Y[Root.Location.GetName]§! m'impressionnent avec la profondeur et la passion de leur foi. Je suis tenté[Root.Get_E] de me convertir en secret...;Die §Y[zaydi.GetName]istischen§! Pilger in §Y[Root.Location.GetName]§! beeindrucken mich durch die Tiefe und die Leidenschaft ihres Glaubens. Ich bin versucht, heimlich zu konvertieren ...;;Los peregrinos §Y[zaydi.GetName]§! que acuden en masa al lugar sagrado en §Y[Root.Location.GetName]§! me impresionan con la profundidad y la pasión de su fe. Me tienta convertirme en secreto...;;;;;;;;;x

secret_religious_society_ahmadiyya;[GetReligiousCommunityName_ahmadiyya];[GetReligiousCommunityName_ahmadiyya];[GetReligiousCommunityName_ahmadiyya];;[GetReligiousCommunityName_ahmadiyya];;;;;;;;;x
secret_religious_society_ahmadiyya_desc;[GetReligiousSocietyDesc_ahmadiyya];[GetReligiousSocietyDesc_ahmadiyya];[GetReligiousSocietyDesc_ahmadiyya];;[GetReligiousSocietyDesc_ahmadiyya];;;;;;;;;x
secret_religious_society_ahmadiyya_currency;Devotion;Dévotion;Hingabe;;Devoción;;;;;;;;;x
secret_religious_society_ahmadiyya_leader_desc;[GetSocietyLeaderDesc];[GetSocietyLeaderDesc];[GetSocietyLeaderDesc];;[GetSocietyLeaderDesc];;;;;;;;;x
alt_start_community_name_ahmadiyya;The [ahmadiyya.GetName] Faithful;Fidèles [ahmadiyya.GetName]s;Die [ahmadiyya.GetName]en Gläubigen;;Creyentes [ahmadiyya.GetName]s;;;;;;;;;x
secretly_convert_to_ahmadiyya_holy_site;Secretly Convert to [ahmadiyya.GetName];Adopter en secret la foi [ahmadiyya.GetName];Heimlich zum [ahmadiyya.GetName] Glauben konvertieren;;Convertirse en secreto a la religión [ahmadiyya.GetName];;;;;;;;;x
secretly_convert_to_ahmadiyya_holy_site_desc;The §Y[ahmadiyya.GetName]§! pilgrims that flock to the holy site in §Y[Root.Location.GetName]§! impress me with the depth and passion of their faith. I am tempted to convert in secrecy...;Les pèlerins §Y[ahmadiyya.GetName]§! qui affluent vers le site saint en §Y[Root.Location.GetName]§! m'impressionnent avec la profondeur et la passion de leur foi. Je suis tenté[Root.Get_E] de me convertir en secret...;Die §Y[ahmadiyya.GetName]istischen§! Pilger in §Y[Root.Location.GetName]§! beeindrucken mich durch die Tiefe und die Leidenschaft ihres Glaubens. Ich bin versucht, heimlich zu konvertieren ...;;Los peregrinos §Y[ahmadiyya.GetName]§! que acuden en masa al lugar sagrado en §Y[Root.Location.GetName]§! me impresionan con la profundidad y la pasión de su fe. Me tienta convertirme en secreto...;;;;;;;;;x

secret_religious_society_mesopotamian;[GetReligiousCommunityName_mesopotamian];[GetReligiousCommunityName_mesopotamian];[GetReligiousCommunityName_mesopotamian];;[GetReligiousCommunityName_mesopotamian];;;;;;;;;x
secret_religious_society_mesopotamian_desc;[GetReligiousSocietyDesc_mesopotamian];[GetReligiousSocietyDesc_mesopotamian];[GetReligiousSocietyDesc_mesopotamian];;[GetReligiousSocietyDesc_mesopotamian];;;;;;;;;x
secret_religious_society_mesopotamian_currency;Devotion;Dévotion;Hingabe;;Devoción;;;;;;;;;x
secret_religious_society_mesopotamian_leader_desc;[GetSocietyLeaderDesc];[GetSocietyLeaderDesc];[GetSocietyLeaderDesc];;[GetSocietyLeaderDesc];;;;;;;;;x
alt_start_community_name_mesopotamian;The [mesopotamian.GetName] Faithful;Fidèles [mesopotamian.GetName]s;Die [mesopotamian.GetName]en Gläubigen;;Creyentes [mesopotamian.GetName]s;;;;;;;;;x
secretly_convert_to_mesopotamian_holy_site;Secretly Convert to [mesopotamian.GetName];Adopter en secret la foi [mesopotamian.GetName];Heimlich zum [mesopotamian.GetName] Glauben konvertieren;;Convertirse en secreto a la religión [mesopotamian.GetName];;;;;;;;;x
secretly_convert_to_mesopotamian_holy_site_desc;The §Y[mesopotamian.GetName]§! pilgrims that flock to the holy site in §Y[Root.Location.GetName]§! impress me with the depth and passion of their faith. I am tempted to convert in secrecy...;Les pèlerins §Y[mesopotamian.GetName]§! qui affluent vers le site saint en §Y[Root.Location.GetName]§! m'impressionnent avec la profondeur et la passion de leur foi. Je suis tenté[Root.Get_E] de me convertir en secret...;Die §Y[mesopotamian.GetName]istischen§! Pilger in §Y[Root.Location.GetName]§! beeindrucken mich durch die Tiefe und die Leidenschaft ihres Glaubens. Ich bin versucht, heimlich zu konvertieren ...;;Los peregrinos §Y[mesopotamian.GetName]§! que acuden en masa al lugar sagrado en §Y[Root.Location.GetName]§! me impresionan con la profundidad y la pasión de su fe. Me tienta convertirme en secreto...;;;;;;;;;x

secret_religious_society_ironist;[GetReligiousCommunityName_ironist];[GetReligiousCommunityName_ironist];[GetReligiousCommunityName_ironist];;[GetReligiousCommunityName_ironist];;;;;;;;;x
secret_religious_society_ironist_desc;[GetReligiousSocietyDesc_ironist];[GetReligiousSocietyDesc_ironist];[GetReligiousSocietyDesc_ironist];;[GetReligiousSocietyDesc_ironist];;;;;;;;;x
secret_religious_society_ironist_currency;Devotion;Dévotion;Hingabe;;Devoción;;;;;;;;;x
secret_religious_society_ironist_leader_desc;[GetSocietyLeaderDesc];[GetSocietyLeaderDesc];[GetSocietyLeaderDesc];;[GetSocietyLeaderDesc];;;;;;;;;x
alt_start_community_name_ironist;The [ironist.GetName] Faithful;Fidèles [ironist.GetName]s;Die [ironist.GetName]en Gläubigen;;Creyentes [ironist.GetName]s;;;;;;;;;x
secretly_convert_to_ironist_holy_site;Secretly Convert to [ironist.GetName];Adopter en secret la foi [ironist.GetName];Heimlich zum [ironist.GetName] Glauben konvertieren;;Convertirse en secreto a la religión [ironist.GetName];;;;;;;;;x
secretly_convert_to_ironist_holy_site_desc;The §Y[ironist.GetName]§! pilgrims that flock to the holy site in §Y[Root.Location.GetName]§! impress me with the depth and passion of their faith. I am tempted to convert in secrecy...;Les pèlerins §Y[ironist.GetName]§! qui affluent vers le site saint en §Y[Root.Location.GetName]§! m'impressionnent avec la profondeur et la passion de leur foi. Je suis tenté[Root.Get_E] de me convertir en secret...;Die §Y[ironist.GetName]istischen§! Pilger in §Y[Root.Location.GetName]§! beeindrucken mich durch die Tiefe und die Leidenschaft ihres Glaubens. Ich bin versucht, heimlich zu konvertieren ...;;Los peregrinos §Y[ironist.GetName]§! que acuden en masa al lugar sagrado en §Y[Root.Location.GetName]§! me impresionan con la profundidad y la pasión de su fe. Me tienta convertirme en secreto...;;;;;;;;;x

secret_religious_society_jadidist;[GetReligiousCommunityName_jadidist];[GetReligiousCommunityName_jadidist];[GetReligiousCommunityName_jadidist];;[GetReligiousCommunityName_jadidist];;;;;;;;;x
secret_religious_society_jadidist_desc;[GetReligiousSocietyDesc_jadidist];[GetReligiousSocietyDesc_jadidist];[GetReligiousSocietyDesc_jadidist];;[GetReligiousSocietyDesc_jadidist];;;;;;;;;x
secret_religious_society_jadidist_currency;Devotion;Dévotion;Hingabe;;Devoción;;;;;;;;;x
secret_religious_society_jadidist_leader_desc;[GetSocietyLeaderDesc];[GetSocietyLeaderDesc];[GetSocietyLeaderDesc];;[GetSocietyLeaderDesc];;;;;;;;;x
alt_start_community_name_jadidist;The [jadidist.GetName] Faithful;Fidèles [jadidist.GetName]s;Die [jadidist.GetName]en Gläubigen;;Creyentes [jadidist.GetName]s;;;;;;;;;x
secretly_convert_to_jadidist_holy_site;Secretly Convert to [jadidist.GetName];Adopter en secret la foi [jadidist.GetName];Heimlich zum [jadidist.GetName] Glauben konvertieren;;Convertirse en secreto a la religión [jadidist.GetName];;;;;;;;;x
secretly_convert_to_jadidist_holy_site_desc;The §Y[jadidist.GetName]§! pilgrims that flock to the holy site in §Y[Root.Location.GetName]§! impress me with the depth and passion of their faith. I am tempted to convert in secrecy...;Les pèlerins §Y[jadidist.GetName]§! qui affluent vers le site saint en §Y[Root.Location.GetName]§! m'impressionnent avec la profondeur et la passion de leur foi. Je suis tenté[Root.Get_E] de me convertir en secret...;Die §Y[jadidist.GetName]istischen§! Pilger in §Y[Root.Location.GetName]§! beeindrucken mich durch die Tiefe und die Leidenschaft ihres Glaubens. Ich bin versucht, heimlich zu konvertieren ...;;Los peregrinos §Y[jadidist.GetName]§! que acuden en masa al lugar sagrado en §Y[Root.Location.GetName]§! me impresionan con la profundidad y la pasión de su fe. Me tienta convertirme en secreto...;;;;;;;;;x

secret_religious_society_zarist;[GetReligiousCommunityName_zarist];[GetReligiousCommunityName_zarist];[GetReligiousCommunityName_zarist];;[GetReligiousCommunityName_zarist];;;;;;;;;x
secret_religious_society_zarist_desc;[GetReligiousSocietyDesc_zarist];[GetReligiousSocietyDesc_zarist];[GetReligiousSocietyDesc_zarist];;[GetReligiousSocietyDesc_zarist];;;;;;;;;x
secret_religious_society_zarist_currency;Devotion;Dévotion;Hingabe;;Devoción;;;;;;;;;x
secret_religious_society_zarist_leader_desc;[GetSocietyLeaderDesc];[GetSocietyLeaderDesc];[GetSocietyLeaderDesc];;[GetSocietyLeaderDesc];;;;;;;;;x
alt_start_community_name_zarist;The [zarist.GetName] Faithful;Fidèles [zarist.GetName]s;Die [zarist.GetName]en Gläubigen;;Creyentes [zarist.GetName]s;;;;;;;;;x
secretly_convert_to_zarist_holy_site;Secretly Convert to [zarist.GetName];Adopter en secret la foi [zarist.GetName];Heimlich zum [zarist.GetName] Glauben konvertieren;;Convertirse en secreto a la religión [zarist.GetName];;;;;;;;;x
secretly_convert_to_zarist_holy_site_desc;The §Y[zarist.GetName]§! pilgrims that flock to the holy site in §Y[Root.Location.GetName]§! impress me with the depth and passion of their faith. I am tempted to convert in secrecy...;Les pèlerins §Y[zarist.GetName]§! qui affluent vers le site saint en §Y[Root.Location.GetName]§! m'impressionnent avec la profondeur et la passion de leur foi. Je suis tenté[Root.Get_E] de me convertir en secret...;Die §Y[zarist.GetName]istischen§! Pilger in §Y[Root.Location.GetName]§! beeindrucken mich durch die Tiefe und die Leidenschaft ihres Glaubens. Ich bin versucht, heimlich zu konvertieren ...;;Los peregrinos §Y[zarist.GetName]§! que acuden en masa al lugar sagrado en §Y[Root.Location.GetName]§! me impresionan con la profundidad y la pasión de su fe. Me tienta convertirme en secreto...;;;;;;;;;x

secret_religious_society_katerinist;[GetReligiousCommunityName_katerinist];[GetReligiousCommunityName_katerinist];[GetReligiousCommunityName_katerinist];;[GetReligiousCommunityName_katerinist];;;;;;;;;x
secret_religious_society_katerinist_desc;[GetReligiousSocietyDesc_katerinist];[GetReligiousSocietyDesc_katerinist];[GetReligiousSocietyDesc_katerinist];;[GetReligiousSocietyDesc_katerinist];;;;;;;;;x
secret_religious_society_katerinist_currency;Devotion;Dévotion;Hingabe;;Devoción;;;;;;;;;x
secret_religious_society_katerinist_leader_desc;[GetSocietyLeaderDesc];[GetSocietyLeaderDesc];[GetSocietyLeaderDesc];;[GetSocietyLeaderDesc];;;;;;;;;x
alt_start_community_name_katerinist;The [katerinist.GetName] Faithful;Fidèles [katerinist.GetName]s;Die [katerinist.GetName]en Gläubigen;;Creyentes [katerinist.GetName]s;;;;;;;;;x
secretly_convert_to_katerinist_holy_site;Secretly Convert to [katerinist.GetName];Adopter en secret la foi [katerinist.GetName];Heimlich zum [katerinist.GetName] Glauben konvertieren;;Convertirse en secreto a la religión [katerinist.GetName];;;;;;;;;x
secretly_convert_to_katerinist_holy_site_desc;The §Y[katerinist.GetName]§! pilgrims that flock to the holy site in §Y[Root.Location.GetName]§! impress me with the depth and passion of their faith. I am tempted to convert in secrecy...;Les pèlerins §Y[katerinist.GetName]§! qui affluent vers le site saint en §Y[Root.Location.GetName]§! m'impressionnent avec la profondeur et la passion de leur foi. Je suis tenté[Root.Get_E] de me convertir en secret...;Die §Y[katerinist.GetName]istischen§! Pilger in §Y[Root.Location.GetName]§! beeindrucken mich durch die Tiefe und die Leidenschaft ihres Glaubens. Ich bin versucht, heimlich zu konvertieren ...;;Los peregrinos §Y[katerinist.GetName]§! que acuden en masa al lugar sagrado en §Y[Root.Location.GetName]§! me impresionan con la profundidad y la pasión de su fe. Me tienta convertirme en secreto...;;;;;;;;;x

secret_religious_society_penitente;[GetReligiousCommunityName_penitente];[GetReligiousCommunityName_penitente];[GetReligiousCommunityName_penitente];;[GetReligiousCommunityName_penitente];;;;;;;;;x
secret_religious_society_penitente_desc;[GetReligiousSocietyDesc_penitente];[GetReligiousSocietyDesc_penitente];[GetReligiousSocietyDesc_penitente];;[GetReligiousSocietyDesc_penitente];;;;;;;;;x
secret_religious_society_penitente_currency;Devotion;Dévotion;Hingabe;;Devoción;;;;;;;;;x
secret_religious_society_penitente_leader_desc;[GetSocietyLeaderDesc];[GetSocietyLeaderDesc];[GetSocietyLeaderDesc];;[GetSocietyLeaderDesc];;;;;;;;;x
alt_start_community_name_penitente;The [penitente.GetName] Faithful;Fidèles [penitente.GetName]s;Die [penitente.GetName]en Gläubigen;;Creyentes [penitente.GetName]s;;;;;;;;;x
secretly_convert_to_penitente_holy_site;Secretly Convert to [penitente.GetName];Adopter en secret la foi [penitente.GetName];Heimlich zum [penitente.GetName] Glauben konvertieren;;Convertirse en secreto a la religión [penitente.GetName];;;;;;;;;x
secretly_convert_to_penitente_holy_site_desc;The §Y[penitente.GetName]§! pilgrims that flock to the holy site in §Y[Root.Location.GetName]§! impress me with the depth and passion of their faith. I am tempted to convert in secrecy...;Les pèlerins §Y[penitente.GetName]§! qui affluent vers le site saint en §Y[Root.Location.GetName]§! m'impressionnent avec la profondeur et la passion de leur foi. Je suis tenté[Root.Get_E] de me convertir en secret...;Die §Y[penitente.GetName]istischen§! Pilger in §Y[Root.Location.GetName]§! beeindrucken mich durch die Tiefe und die Leidenschaft ihres Glaubens. Ich bin versucht, heimlich zu konvertieren ...;;Los peregrinos §Y[penitente.GetName]§! que acuden en masa al lugar sagrado en §Y[Root.Location.GetName]§! me impresionan con la profundidad y la pasión de su fe. Me tienta convertirme en secreto...;;;;;;;;;x

secret_religious_society_petrist;[GetReligiousCommunityName_petrist];[GetReligiousCommunityName_petrist];[GetReligiousCommunityName_petrist];;[GetReligiousCommunityName_petrist];;;;;;;;;x
secret_religious_society_petrist_desc;[GetReligiousSocietyDesc_petrist];[GetReligiousSocietyDesc_petrist];[GetReligiousSocietyDesc_petrist];;[GetReligiousSocietyDesc_petrist];;;;;;;;;x
secret_religious_society_petrist_currency;Devotion;Dévotion;Hingabe;;Devoción;;;;;;;;;x
secret_religious_society_petrist_leader_desc;[GetSocietyLeaderDesc];[GetSocietyLeaderDesc];[GetSocietyLeaderDesc];;[GetSocietyLeaderDesc];;;;;;;;;x
alt_start_community_name_petrist;The [petrist.GetName] Faithful;Fidèles [petrist.GetName]s;Die [petrist.GetName]en Gläubigen;;Creyentes [petrist.GetName]s;;;;;;;;;x
secretly_convert_to_petrist_holy_site;Secretly Convert to [petrist.GetName];Adopter en secret la foi [petrist.GetName];Heimlich zum [petrist.GetName] Glauben konvertieren;;Convertirse en secreto a la religión [petrist.GetName];;;;;;;;;x
secretly_convert_to_petrist_holy_site_desc;The §Y[petrist.GetName]§! pilgrims that flock to the holy site in §Y[Root.Location.GetName]§! impress me with the depth and passion of their faith. I am tempted to convert in secrecy...;Les pèlerins §Y[petrist.GetName]§! qui affluent vers le site saint en §Y[Root.Location.GetName]§! m'impressionnent avec la profondeur et la passion de leur foi. Je suis tenté[Root.Get_E] de me convertir en secret...;Die §Y[petrist.GetName]istischen§! Pilger in §Y[Root.Location.GetName]§! beeindrucken mich durch die Tiefe und die Leidenschaft ihres Glaubens. Ich bin versucht, heimlich zu konvertieren ...;;Los peregrinos §Y[petrist.GetName]§! que acuden en masa al lugar sagrado en §Y[Root.Location.GetName]§! me impresionan con la profundidad y la pasión de su fe. Me tienta convertirme en secreto...;;;;;;;;;x

secret_religious_society_stalinist;[GetReligiousCommunityName_stalinist];[GetReligiousCommunityName_stalinist];[GetReligiousCommunityName_stalinist];;[GetReligiousCommunityName_stalinist];;;;;;;;;x
secret_religious_society_stalinist_desc;[GetReligiousSocietyDesc_stalinist];[GetReligiousSocietyDesc_stalinist];[GetReligiousSocietyDesc_stalinist];;[GetReligiousSocietyDesc_stalinist];;;;;;;;;x
secret_religious_society_stalinist_currency;Devotion;Dévotion;Hingabe;;Devoción;;;;;;;;;x
secret_religious_society_stalinist_leader_desc;[GetSocietyLeaderDesc];[GetSocietyLeaderDesc];[GetSocietyLeaderDesc];;[GetSocietyLeaderDesc];;;;;;;;;x
alt_start_community_name_stalinist;The [stalinist.GetName] Faithful;Fidèles [stalinist.GetName]s;Die [stalinist.GetName]en Gläubigen;;Creyentes [stalinist.GetName]s;;;;;;;;;x
secretly_convert_to_stalinist_holy_site;Secretly Convert to [stalinist.GetName];Adopter en secret la foi [stalinist.GetName];Heimlich zum [stalinist.GetName] Glauben konvertieren;;Convertirse en secreto a la religión [stalinist.GetName];;;;;;;;;x
secretly_convert_to_stalinist_holy_site_desc;The §Y[stalinist.GetName]§! pilgrims that flock to the holy site in §Y[Root.Location.GetName]§! impress me with the depth and passion of their faith. I am tempted to convert in secrecy...;Les pèlerins §Y[stalinist.GetName]§! qui affluent vers le site saint en §Y[Root.Location.GetName]§! m'impressionnent avec la profondeur et la passion de leur foi. Je suis tenté[Root.Get_E] de me convertir en secret...;Die §Y[stalinist.GetName]istischen§! Pilger in §Y[Root.Location.GetName]§! beeindrucken mich durch die Tiefe und die Leidenschaft ihres Glaubens. Ich bin versucht, heimlich zu konvertieren ...;;Los peregrinos §Y[stalinist.GetName]§! que acuden en masa al lugar sagrado en §Y[Root.Location.GetName]§! me impresionan con la profundidad y la pasión de su fe. Me tienta convertirme en secreto...;;;;;;;;;x

secret_religious_society_trotskyite;[GetReligiousCommunityName_trotskyite];[GetReligiousCommunityName_trotskyite];[GetReligiousCommunityName_trotskyite];;[GetReligiousCommunityName_trotskyite];;;;;;;;;x
secret_religious_society_trotskyite_desc;[GetReligiousSocietyDesc_trotskyite];[GetReligiousSocietyDesc_trotskyite];[GetReligiousSocietyDesc_trotskyite];;[GetReligiousSocietyDesc_trotskyite];;;;;;;;;x
secret_religious_society_trotskyite_currency;Devotion;Dévotion;Hingabe;;Devoción;;;;;;;;;x
secret_religious_society_trotskyite_leader_desc;[GetSocietyLeaderDesc];[GetSocietyLeaderDesc];[GetSocietyLeaderDesc];;[GetSocietyLeaderDesc];;;;;;;;;x
alt_start_community_name_trotskyite;The [trotskyite.GetName] Faithful;Fidèles [trotskyite.GetName]s;Die [trotskyite.GetName]en Gläubigen;;Creyentes [trotskyite.GetName]s;;;;;;;;;x
secretly_convert_to_trotskyite_holy_site;Secretly Convert to [trotskyite.GetName];Adopter en secret la foi [trotskyite.GetName];Heimlich zum [trotskyite.GetName] Glauben konvertieren;;Convertirse en secreto a la religión [trotskyite.GetName];;;;;;;;;x
secretly_convert_to_trotskyite_holy_site_desc;The §Y[trotskyite.GetName]§! pilgrims that flock to the holy site in §Y[Root.Location.GetName]§! impress me with the depth and passion of their faith. I am tempted to convert in secrecy...;Les pèlerins §Y[trotskyite.GetName]§! qui affluent vers le site saint en §Y[Root.Location.GetName]§! m'impressionnent avec la profondeur et la passion de leur foi. Je suis tenté[Root.Get_E] de me convertir en secret...;Die §Y[trotskyite.GetName]istischen§! Pilger in §Y[Root.Location.GetName]§! beeindrucken mich durch die Tiefe und die Leidenschaft ihres Glaubens. Ich bin versucht, heimlich zu konvertieren ...;;Los peregrinos §Y[trotskyite.GetName]§! que acuden en masa al lugar sagrado en §Y[Root.Location.GetName]§! me impresionan con la profundidad y la pasión de su fe. Me tienta convertirme en secreto...;;;;;;;;;x

secret_religious_society_titoist;[GetReligiousCommunityName_titoist];[GetReligiousCommunityName_titoist];[GetReligiousCommunityName_titoist];;[GetReligiousCommunityName_titoist];;;;;;;;;x
secret_religious_society_titoist_desc;[GetReligiousSocietyDesc_titoist];[GetReligiousSocietyDesc_titoist];[GetReligiousSocietyDesc_titoist];;[GetReligiousSocietyDesc_titoist];;;;;;;;;x
secret_religious_society_titoist_currency;Devotion;Dévotion;Hingabe;;Devoción;;;;;;;;;x
secret_religious_society_titoist_leader_desc;[GetSocietyLeaderDesc];[GetSocietyLeaderDesc];[GetSocietyLeaderDesc];;[GetSocietyLeaderDesc];;;;;;;;;x
alt_start_community_name_titoist;The [titoist.GetName] Faithful;Fidèles [titoist.GetName]s;Die [titoist.GetName]en Gläubigen;;Creyentes [titoist.GetName]s;;;;;;;;;x
secretly_convert_to_titoist_holy_site;Secretly Convert to [titoist.GetName];Adopter en secret la foi [titoist.GetName];Heimlich zum [titoist.GetName] Glauben konvertieren;;Convertirse en secreto a la religión [titoist.GetName];;;;;;;;;x
secretly_convert_to_titoist_holy_site_desc;The §Y[titoist.GetName]§! pilgrims that flock to the holy site in §Y[Root.Location.GetName]§! impress me with the depth and passion of their faith. I am tempted to convert in secrecy...;Les pèlerins §Y[titoist.GetName]§! qui affluent vers le site saint en §Y[Root.Location.GetName]§! m'impressionnent avec la profondeur et la passion de leur foi. Je suis tenté[Root.Get_E] de me convertir en secret...;Die §Y[titoist.GetName]istischen§! Pilger in §Y[Root.Location.GetName]§! beeindrucken mich durch die Tiefe und die Leidenschaft ihres Glaubens. Ich bin versucht, heimlich zu konvertieren ...;;Los peregrinos §Y[titoist.GetName]§! que acuden en masa al lugar sagrado en §Y[Root.Location.GetName]§! me impresionan con la profundidad y la pasión de su fe. Me tienta convertirme en secreto...;;;;;;;;;x

secret_religious_society_jacobinist;[GetReligiousCommunityName_jacobinist];[GetReligiousCommunityName_jacobinist];[GetReligiousCommunityName_jacobinist];;[GetReligiousCommunityName_jacobinist];;;;;;;;;x
secret_religious_society_jacobinist_desc;[GetReligiousSocietyDesc_jacobinist];[GetReligiousSocietyDesc_jacobinist];[GetReligiousSocietyDesc_jacobinist];;[GetReligiousSocietyDesc_jacobinist];;;;;;;;;x
secret_religious_society_jacobinist_currency;Devotion;Dévotion;Hingabe;;Devoción;;;;;;;;;x
secret_religious_society_jacobinist_leader_desc;[GetSocietyLeaderDesc];[GetSocietyLeaderDesc];[GetSocietyLeaderDesc];;[GetSocietyLeaderDesc];;;;;;;;;x
alt_start_community_name_jacobinist;The [jacobinist.GetName] Faithful;Fidèles [jacobinist.GetName]s;Die [jacobinist.GetName]en Gläubigen;;Creyentes [jacobinist.GetName]s;;;;;;;;;x
secretly_convert_to_jacobinist_holy_site;Secretly Convert to [jacobinist.GetName];Adopter en secret la foi [jacobinist.GetName];Heimlich zum [jacobinist.GetName] Glauben konvertieren;;Convertirse en secreto a la religión [jacobinist.GetName];;;;;;;;;x
secretly_convert_to_jacobinist_holy_site_desc;The §Y[jacobinist.GetName]§! pilgrims that flock to the holy site in §Y[Root.Location.GetName]§! impress me with the depth and passion of their faith. I am tempted to convert in secrecy...;Les pèlerins §Y[jacobinist.GetName]§! qui affluent vers le site saint en §Y[Root.Location.GetName]§! m'impressionnent avec la profondeur et la passion de leur foi. Je suis tenté[Root.Get_E] de me convertir en secret...;Die §Y[jacobinist.GetName]istischen§! Pilger in §Y[Root.Location.GetName]§! beeindrucken mich durch die Tiefe und die Leidenschaft ihres Glaubens. Ich bin versucht, heimlich zu konvertieren ...;;Los peregrinos §Y[jacobinist.GetName]§! que acuden en masa al lugar sagrado en §Y[Root.Location.GetName]§! me impresionan con la profundidad y la pasión de su fe. Me tienta convertirme en secreto...;;;;;;;;;x

secret_religious_society_girondist;[GetReligiousCommunityName_girondist];[GetReligiousCommunityName_girondist];[GetReligiousCommunityName_girondist];;[GetReligiousCommunityName_girondist];;;;;;;;;x
secret_religious_society_girondist_desc;[GetReligiousSocietyDesc_girondist];[GetReligiousSocietyDesc_girondist];[GetReligiousSocietyDesc_girondist];;[GetReligiousSocietyDesc_girondist];;;;;;;;;x
secret_religious_society_girondist_currency;Devotion;Dévotion;Hingabe;;Devoción;;;;;;;;;x
secret_religious_society_girondist_leader_desc;[GetSocietyLeaderDesc];[GetSocietyLeaderDesc];[GetSocietyLeaderDesc];;[GetSocietyLeaderDesc];;;;;;;;;x
alt_start_community_name_girondist;The [girondist.GetName] Faithful;Fidèles [girondist.GetName]s;Die [girondist.GetName]en Gläubigen;;Creyentes [girondist.GetName]s;;;;;;;;;x
secretly_convert_to_girondist_holy_site;Secretly Convert to [girondist.GetName];Adopter en secret la foi [girondist.GetName];Heimlich zum [girondist.GetName] Glauben konvertieren;;Convertirse en secreto a la religión [girondist.GetName];;;;;;;;;x
secretly_convert_to_girondist_holy_site_desc;The §Y[girondist.GetName]§! pilgrims that flock to the holy site in §Y[Root.Location.GetName]§! impress me with the depth and passion of their faith. I am tempted to convert in secrecy...;Les pèlerins §Y[girondist.GetName]§! qui affluent vers le site saint en §Y[Root.Location.GetName]§! m'impressionnent avec la profondeur et la passion de leur foi. Je suis tenté[Root.Get_E] de me convertir en secret...;Die §Y[girondist.GetName]istischen§! Pilger in §Y[Root.Location.GetName]§! beeindrucken mich durch die Tiefe und die Leidenschaft ihres Glaubens. Ich bin versucht, heimlich zu konvertieren ...;;Los peregrinos §Y[girondist.GetName]§! que acuden en masa al lugar sagrado en §Y[Root.Location.GetName]§! me impresionan con la profundidad y la pasión de su fe. Me tienta convertirme en secreto...;;;;;;;;;x

secret_religious_society_fidelista;[GetReligiousCommunityName_fidelista];[GetReligiousCommunityName_fidelista];[GetReligiousCommunityName_fidelista];;[GetReligiousCommunityName_fidelista];;;;;;;;;x
secret_religious_society_fidelista_desc;[GetReligiousSocietyDesc_fidelista];[GetReligiousSocietyDesc_fidelista];[GetReligiousSocietyDesc_fidelista];;[GetReligiousSocietyDesc_fidelista];;;;;;;;;x
secret_religious_society_fidelista_currency;Devotion;Dévotion;Hingabe;;Devoción;;;;;;;;;x
secret_religious_society_fidelista_leader_desc;[GetSocietyLeaderDesc];[GetSocietyLeaderDesc];[GetSocietyLeaderDesc];;[GetSocietyLeaderDesc];;;;;;;;;x
alt_start_community_name_fidelista;The [fidelista.GetName] Faithful;Fidèles [fidelista.GetName]s;Die [fidelista.GetName]en Gläubigen;;Creyentes [fidelista.GetName]s;;;;;;;;;x
secretly_convert_to_fidelista_holy_site;Secretly Convert to [fidelista.GetName];Adopter en secret la foi [fidelista.GetName];Heimlich zum [fidelista.GetName] Glauben konvertieren;;Convertirse en secreto a la religión [fidelista.GetName];;;;;;;;;x
secretly_convert_to_fidelista_holy_site_desc;The §Y[fidelista.GetName]§! pilgrims that flock to the holy site in §Y[Root.Location.GetName]§! impress me with the depth and passion of their faith. I am tempted to convert in secrecy...;Les pèlerins §Y[fidelista.GetName]§! qui affluent vers le site saint en §Y[Root.Location.GetName]§! m'impressionnent avec la profondeur et la passion de leur foi. Je suis tenté[Root.Get_E] de me convertir en secret...;Die §Y[fidelista.GetName]istischen§! Pilger in §Y[Root.Location.GetName]§! beeindrucken mich durch die Tiefe und die Leidenschaft ihres Glaubens. Ich bin versucht, heimlich zu konvertieren ...;;Los peregrinos §Y[fidelista.GetName]§! que acuden en masa al lugar sagrado en §Y[Root.Location.GetName]§! me impresionan con la profundidad y la pasión de su fe. Me tienta convertirme en secreto...;;;;;;;;;x

secret_religious_society_maoist;[GetReligiousCommunityName_maoist];[GetReligiousCommunityName_maoist];[GetReligiousCommunityName_maoist];;[GetReligiousCommunityName_maoist];;;;;;;;;x
secret_religious_society_maoist_desc;[GetReligiousSocietyDesc_maoist];[GetReligiousSocietyDesc_maoist];[GetReligiousSocietyDesc_maoist];;[GetReligiousSocietyDesc_maoist];;;;;;;;;x
secret_religious_society_maoist_currency;Devotion;Dévotion;Hingabe;;Devoción;;;;;;;;;x
secret_religious_society_maoist_leader_desc;[GetSocietyLeaderDesc];[GetSocietyLeaderDesc];[GetSocietyLeaderDesc];;[GetSocietyLeaderDesc];;;;;;;;;x
alt_start_community_name_maoist;The [maoist.GetName] Faithful;Fidèles [maoist.GetName]s;Die [maoist.GetName]en Gläubigen;;Creyentes [maoist.GetName]s;;;;;;;;;x
secretly_convert_to_maoist_holy_site;Secretly Convert to [maoist.GetName];Adopter en secret la foi [maoist.GetName];Heimlich zum [maoist.GetName] Glauben konvertieren;;Convertirse en secreto a la religión [maoist.GetName];;;;;;;;;x
secretly_convert_to_maoist_holy_site_desc;The §Y[maoist.GetName]§! pilgrims that flock to the holy site in §Y[Root.Location.GetName]§! impress me with the depth and passion of their faith. I am tempted to convert in secrecy...;Les pèlerins §Y[maoist.GetName]§! qui affluent vers le site saint en §Y[Root.Location.GetName]§! m'impressionnent avec la profondeur et la passion de leur foi. Je suis tenté[Root.Get_E] de me convertir en secret...;Die §Y[maoist.GetName]istischen§! Pilger in §Y[Root.Location.GetName]§! beeindrucken mich durch die Tiefe und die Leidenschaft ihres Glaubens. Ich bin versucht, heimlich zu konvertieren ...;;Los peregrinos §Y[maoist.GetName]§! que acuden en masa al lugar sagrado en §Y[Root.Location.GetName]§! me impresionan con la profundidad y la pasión de su fe. Me tienta convertirme en secreto...;;;;;;;;;x

secret_religious_society_juche;[GetReligiousCommunityName_juche];[GetReligiousCommunityName_juche];[GetReligiousCommunityName_juche];;[GetReligiousCommunityName_juche];;;;;;;;;x
secret_religious_society_juche_desc;[GetReligiousSocietyDesc_juche];[GetReligiousSocietyDesc_juche];[GetReligiousSocietyDesc_juche];;[GetReligiousSocietyDesc_juche];;;;;;;;;x
secret_religious_society_juche_currency;Devotion;Dévotion;Hingabe;;Devoción;;;;;;;;;x
secret_religious_society_juche_leader_desc;[GetSocietyLeaderDesc];[GetSocietyLeaderDesc];[GetSocietyLeaderDesc];;[GetSocietyLeaderDesc];;;;;;;;;x
alt_start_community_name_juche;The [juche.GetName] Faithful;Fidèles [juche.GetName]s;Die [juche.GetName]en Gläubigen;;Creyentes [juche.GetName]s;;;;;;;;;x
secretly_convert_to_juche_holy_site;Secretly Convert to [juche.GetName];Adopter en secret la foi [juche.GetName];Heimlich zum [juche.GetName] Glauben konvertieren;;Convertirse en secreto a la religión [juche.GetName];;;;;;;;;x
secretly_convert_to_juche_holy_site_desc;The §Y[juche.GetName]§! pilgrims that flock to the holy site in §Y[Root.Location.GetName]§! impress me with the depth and passion of their faith. I am tempted to convert in secrecy...;Les pèlerins §Y[juche.GetName]§! qui affluent vers le site saint en §Y[Root.Location.GetName]§! m'impressionnent avec la profondeur et la passion de leur foi. Je suis tenté[Root.Get_E] de me convertir en secret...;Die §Y[juche.GetName]istischen§! Pilger in §Y[Root.Location.GetName]§! beeindrucken mich durch die Tiefe und die Leidenschaft ihres Glaubens. Ich bin versucht, heimlich zu konvertieren ...;;Los peregrinos §Y[juche.GetName]§! que acuden en masa al lugar sagrado en §Y[Root.Location.GetName]§! me impresionan con la profundidad y la pasión de su fe. Me tienta convertirme en secreto...;;;;;;;;;x

secret_religious_society_shindo;[GetReligiousCommunityName_shindo];[GetReligiousCommunityName_shindo];[GetReligiousCommunityName_shindo];;[GetReligiousCommunityName_shindo];;;;;;;;;x
secret_religious_society_shindo_desc;[GetReligiousSocietyDesc_shindo];[GetReligiousSocietyDesc_shindo];[GetReligiousSocietyDesc_shindo];;[GetReligiousSocietyDesc_shindo];;;;;;;;;x
secret_religious_society_shindo_currency;Devotion;Dévotion;Hingabe;;Devoción;;;;;;;;;x
secret_religious_society_shindo_leader_desc;[GetSocietyLeaderDesc];[GetSocietyLeaderDesc];[GetSocietyLeaderDesc];;[GetSocietyLeaderDesc];;;;;;;;;x
alt_start_community_name_shindo;The [shindo.GetName] Faithful;Fidèles [shindo.GetName]s;Die [shindo.GetName]en Gläubigen;;Creyentes [shindo.GetName]s;;;;;;;;;x
secretly_convert_to_shindo_holy_site;Secretly Convert to [shindo.GetName];Adopter en secret la foi [shindo.GetName];Heimlich zum [shindo.GetName] Glauben konvertieren;;Convertirse en secreto a la religión [shindo.GetName];;;;;;;;;x
secretly_convert_to_shindo_holy_site_desc;The §Y[shindo.GetName]§! pilgrims that flock to the holy site in §Y[Root.Location.GetName]§! impress me with the depth and passion of their faith. I am tempted to convert in secrecy...;Les pèlerins §Y[shindo.GetName]§! qui affluent vers le site saint en §Y[Root.Location.GetName]§! m'impressionnent avec la profondeur et la passion de leur foi. Je suis tenté[Root.Get_E] de me convertir en secret...;Die §Y[shindo.GetName]istischen§! Pilger in §Y[Root.Location.GetName]§! beeindrucken mich durch die Tiefe und die Leidenschaft ihres Glaubens. Ich bin versucht, heimlich zu konvertieren ...;;Los peregrinos §Y[shindo.GetName]§! que acuden en masa al lugar sagrado en §Y[Root.Location.GetName]§! me impresionan con la profundidad y la pasión de su fe. Me tienta convertirme en secreto...;;;;;;;;;x

secret_religious_society_hmongism;[GetReligiousCommunityName_hmongism];[GetReligiousCommunityName_hmongism];[GetReligiousCommunityName_hmongism];;[GetReligiousCommunityName_hmongism];;;;;;;;;x
secret_religious_society_hmongism_desc;[GetReligiousSocietyDesc_hmongism];[GetReligiousSocietyDesc_hmongism];[GetReligiousSocietyDesc_hmongism];;[GetReligiousSocietyDesc_hmongism];;;;;;;;;x
secret_religious_society_hmongism_currency;Devotion;Dévotion;Hingabe;;Devoción;;;;;;;;;x
secret_religious_society_hmongism_leader_desc;[GetSocietyLeaderDesc];[GetSocietyLeaderDesc];[GetSocietyLeaderDesc];;[GetSocietyLeaderDesc];;;;;;;;;x
alt_start_community_name_hmongism;The [hmongism.GetName] Faithful;Fidèles [hmongism.GetName]s;Die [hmongism.GetName]en Gläubigen;;Creyentes [hmongism.GetName]s;;;;;;;;;x
secretly_convert_to_hmongism_holy_site;Secretly Convert to [hmongism.GetName];Adopter en secret la foi [hmongism.GetName];Heimlich zum [hmongism.GetName] Glauben konvertieren;;Convertirse en secreto a la religión [hmongism.GetName];;;;;;;;;x
secretly_convert_to_hmongism_holy_site_desc;The §Y[hmongism.GetName]§! pilgrims that flock to the holy site in §Y[Root.Location.GetName]§! impress me with the depth and passion of their faith. I am tempted to convert in secrecy...;Les pèlerins §Y[hmongism.GetName]§! qui affluent vers le site saint en §Y[Root.Location.GetName]§! m'impressionnent avec la profondeur et la passion de leur foi. Je suis tenté[Root.Get_E] de me convertir en secret...;Die §Y[hmongism.GetName]istischen§! Pilger in §Y[Root.Location.GetName]§! beeindrucken mich durch die Tiefe und die Leidenschaft ihres Glaubens. Ich bin versucht, heimlich zu konvertieren ...;;Los peregrinos §Y[hmongism.GetName]§! que acuden en masa al lugar sagrado en §Y[Root.Location.GetName]§! me impresionan con la profundidad y la pasión de su fe. Me tienta convertirme en secreto...;;;;;;;;;x

secret_religious_society_shinko;[GetReligiousCommunityName_shinko];[GetReligiousCommunityName_shinko];[GetReligiousCommunityName_shinko];;[GetReligiousCommunityName_shinko];;;;;;;;;x
secret_religious_society_shinko_desc;[GetReligiousSocietyDesc_shinko];[GetReligiousSocietyDesc_shinko];[GetReligiousSocietyDesc_shinko];;[GetReligiousSocietyDesc_shinko];;;;;;;;;x
secret_religious_society_shinko_currency;Devotion;Dévotion;Hingabe;;Devoción;;;;;;;;;x
secret_religious_society_shinko_leader_desc;[GetSocietyLeaderDesc];[GetSocietyLeaderDesc];[GetSocietyLeaderDesc];;[GetSocietyLeaderDesc];;;;;;;;;x
alt_start_community_name_shinko;The [shinko.GetName] Faithful;Fidèles [shinko.GetName]s;Die [shinko.GetName]en Gläubigen;;Creyentes [shinko.GetName]s;;;;;;;;;x
secretly_convert_to_shinko_holy_site;Secretly Convert to [shinko.GetName];Adopter en secret la foi [shinko.GetName];Heimlich zum [shinko.GetName] Glauben konvertieren;;Convertirse en secreto a la religión [shinko.GetName];;;;;;;;;x
secretly_convert_to_shinko_holy_site_desc;The §Y[shinko.GetName]§! pilgrims that flock to the holy site in §Y[Root.Location.GetName]§! impress me with the depth and passion of their faith. I am tempted to convert in secrecy...;Les pèlerins §Y[shinko.GetName]§! qui affluent vers le site saint en §Y[Root.Location.GetName]§! m'impressionnent avec la profondeur et la passion de leur foi. Je suis tenté[Root.Get_E] de me convertir en secret...;Die §Y[shinko.GetName]istischen§! Pilger in §Y[Root.Location.GetName]§! beeindrucken mich durch die Tiefe und die Leidenschaft ihres Glaubens. Ich bin versucht, heimlich zu konvertieren ...;;Los peregrinos §Y[shinko.GetName]§! que acuden en masa al lugar sagrado en §Y[Root.Location.GetName]§! me impresionan con la profundidad y la pasión de su fe. Me tienta convertirme en secreto...;;;;;;;;;x

secret_religious_society_ainushinto;[GetReligiousCommunityName_ainushinto];[GetReligiousCommunityName_ainushinto];[GetReligiousCommunityName_ainushinto];;[GetReligiousCommunityName_ainushinto];;;;;;;;;x
secret_religious_society_ainushinto_desc;[GetReligiousSocietyDesc_ainushinto];[GetReligiousSocietyDesc_ainushinto];[GetReligiousSocietyDesc_ainushinto];;[GetReligiousSocietyDesc_ainushinto];;;;;;;;;x
secret_religious_society_ainushinto_currency;Devotion;Dévotion;Hingabe;;Devoción;;;;;;;;;x
secret_religious_society_ainushinto_leader_desc;[GetSocietyLeaderDesc];[GetSocietyLeaderDesc];[GetSocietyLeaderDesc];;[GetSocietyLeaderDesc];;;;;;;;;x
alt_start_community_name_ainushinto;The [ainushinto.GetName] Faithful;Fidèles [ainushinto.GetName]s;Die [ainushinto.GetName]en Gläubigen;;Creyentes [ainushinto.GetName]s;;;;;;;;;x
secretly_convert_to_ainushinto_holy_site;Secretly Convert to [ainushinto.GetName];Adopter en secret la foi [ainushinto.GetName];Heimlich zum [ainushinto.GetName] Glauben konvertieren;;Convertirse en secreto a la religión [ainushinto.GetName];;;;;;;;;x
secretly_convert_to_ainushinto_holy_site_desc;The §Y[ainushinto.GetName]§! pilgrims that flock to the holy site in §Y[Root.Location.GetName]§! impress me with the depth and passion of their faith. I am tempted to convert in secrecy...;Les pèlerins §Y[ainushinto.GetName]§! qui affluent vers le site saint en §Y[Root.Location.GetName]§! m'impressionnent avec la profondeur et la passion de leur foi. Je suis tenté[Root.Get_E] de me convertir en secret...;Die §Y[ainushinto.GetName]istischen§! Pilger in §Y[Root.Location.GetName]§! beeindrucken mich durch die Tiefe und die Leidenschaft ihres Glaubens. Ich bin versucht, heimlich zu konvertieren ...;;Los peregrinos §Y[ainushinto.GetName]§! que acuden en masa al lugar sagrado en §Y[Root.Location.GetName]§! me impresionan con la profundidad y la pasión de su fe. Me tienta convertirme en secreto...;;;;;;;;;x

secret_religious_society_buddhoshinto;[GetReligiousCommunityName_buddhoshinto];[GetReligiousCommunityName_buddhoshinto];[GetReligiousCommunityName_buddhoshinto];;[GetReligiousCommunityName_buddhoshinto];;;;;;;;;x
secret_religious_society_buddhoshinto_desc;[GetReligiousSocietyDesc_buddhoshinto];[GetReligiousSocietyDesc_buddhoshinto];[GetReligiousSocietyDesc_buddhoshinto];;[GetReligiousSocietyDesc_buddhoshinto];;;;;;;;;x
secret_religious_society_buddhoshinto_currency;Devotion;Dévotion;Hingabe;;Devoción;;;;;;;;;x
secret_religious_society_buddhoshinto_leader_desc;[GetSocietyLeaderDesc];[GetSocietyLeaderDesc];[GetSocietyLeaderDesc];;[GetSocietyLeaderDesc];;;;;;;;;x
alt_start_community_name_buddhoshinto;The [buddhoshinto.GetName] Faithful;Fidèles [buddhoshinto.GetName]s;Die [buddhoshinto.GetName]en Gläubigen;;Creyentes [buddhoshinto.GetName]s;;;;;;;;;x
secretly_convert_to_buddhoshinto_holy_site;Secretly Convert to [buddhoshinto.GetName];Adopter en secret la foi [buddhoshinto.GetName];Heimlich zum [buddhoshinto.GetName] Glauben konvertieren;;Convertirse en secreto a la religión [buddhoshinto.GetName];;;;;;;;;x
secretly_convert_to_buddhoshinto_holy_site_desc;The §Y[buddhoshinto.GetName]§! pilgrims that flock to the holy site in §Y[Root.Location.GetName]§! impress me with the depth and passion of their faith. I am tempted to convert in secrecy...;Les pèlerins §Y[buddhoshinto.GetName]§! qui affluent vers le site saint en §Y[Root.Location.GetName]§! m'impressionnent avec la profondeur et la passion de leur foi. Je suis tenté[Root.Get_E] de me convertir en secret...;Die §Y[buddhoshinto.GetName]istischen§! Pilger in §Y[Root.Location.GetName]§! beeindrucken mich durch die Tiefe und die Leidenschaft ihres Glaubens. Ich bin versucht, heimlich zu konvertieren ...;;Los peregrinos §Y[buddhoshinto.GetName]§! que acuden en masa al lugar sagrado en §Y[Root.Location.GetName]§! me impresionan con la profundidad y la pasión de su fe. Me tienta convertirme en secreto...;;;;;;;;;x

secret_religious_society_bushinto;[GetReligiousCommunityName_bushinto];[GetReligiousCommunityName_bushinto];[GetReligiousCommunityName_bushinto];;[GetReligiousCommunityName_bushinto];;;;;;;;;x
secret_religious_society_bushinto_desc;[GetReligiousSocietyDesc_bushinto];[GetReligiousSocietyDesc_bushinto];[GetReligiousSocietyDesc_bushinto];;[GetReligiousSocietyDesc_bushinto];;;;;;;;;x
secret_religious_society_bushinto_currency;Devotion;Dévotion;Hingabe;;Devoción;;;;;;;;;x
secret_religious_society_bushinto_leader_desc;[GetSocietyLeaderDesc];[GetSocietyLeaderDesc];[GetSocietyLeaderDesc];;[GetSocietyLeaderDesc];;;;;;;;;x
alt_start_community_name_bushinto;The [bushinto.GetName] Faithful;Fidèles [bushinto.GetName]s;Die [bushinto.GetName]en Gläubigen;;Creyentes [bushinto.GetName]s;;;;;;;;;x
secretly_convert_to_bushinto_holy_site;Secretly Convert to [bushinto.GetName];Adopter en secret la foi [bushinto.GetName];Heimlich zum [bushinto.GetName] Glauben konvertieren;;Convertirse en secreto a la religión [bushinto.GetName];;;;;;;;;x
secretly_convert_to_bushinto_holy_site_desc;The §Y[bushinto.GetName]§! pilgrims that flock to the holy site in §Y[Root.Location.GetName]§! impress me with the depth and passion of their faith. I am tempted to convert in secrecy...;Les pèlerins §Y[bushinto.GetName]§! qui affluent vers le site saint en §Y[Root.Location.GetName]§! m'impressionnent avec la profondeur et la passion de leur foi. Je suis tenté[Root.Get_E] de me convertir en secret...;Die §Y[bushinto.GetName]istischen§! Pilger in §Y[Root.Location.GetName]§! beeindrucken mich durch die Tiefe und die Leidenschaft ihres Glaubens. Ich bin versucht, heimlich zu konvertieren ...;;Los peregrinos §Y[bushinto.GetName]§! que acuden en masa al lugar sagrado en §Y[Root.Location.GetName]§! me impresionan con la profundidad y la pasión de su fe. Me tienta convertirme en secreto...;;;;;;;;;x

secret_religious_society_shinto;[GetReligiousCommunityName_shinto];[GetReligiousCommunityName_shinto];[GetReligiousCommunityName_shinto];;[GetReligiousCommunityName_shinto];;;;;;;;;x
secret_religious_society_shinto_desc;[GetReligiousSocietyDesc_shinto];[GetReligiousSocietyDesc_shinto];[GetReligiousSocietyDesc_shinto];;[GetReligiousSocietyDesc_shinto];;;;;;;;;x
secret_religious_society_shinto_currency;Devotion;Dévotion;Hingabe;;Devoción;;;;;;;;;x
secret_religious_society_shinto_leader_desc;[GetSocietyLeaderDesc];[GetSocietyLeaderDesc];[GetSocietyLeaderDesc];;[GetSocietyLeaderDesc];;;;;;;;;x
alt_start_community_name_shinto;The [shinto.GetName] Faithful;Fidèles [shinto.GetName]s;Die [shinto.GetName]en Gläubigen;;Creyentes [shinto.GetName]s;;;;;;;;;x
secretly_convert_to_shinto_holy_site;Secretly Convert to [shinto.GetName];Adopter en secret la foi [shinto.GetName];Heimlich zum [shinto.GetName] Glauben konvertieren;;Convertirse en secreto a la religión [shinto.GetName];;;;;;;;;x
secretly_convert_to_shinto_holy_site_desc;The §Y[shinto.GetName]§! pilgrims that flock to the holy site in §Y[Root.Location.GetName]§! impress me with the depth and passion of their faith. I am tempted to convert in secrecy...;Les pèlerins §Y[shinto.GetName]§! qui affluent vers le site saint en §Y[Root.Location.GetName]§! m'impressionnent avec la profondeur et la passion de leur foi. Je suis tenté[Root.Get_E] de me convertir en secret...;Die §Y[shinto.GetName]istischen§! Pilger in §Y[Root.Location.GetName]§! beeindrucken mich durch die Tiefe und die Leidenschaft ihres Glaubens. Ich bin versucht, heimlich zu konvertieren ...;;Los peregrinos §Y[shinto.GetName]§! que acuden en masa al lugar sagrado en §Y[Root.Location.GetName]§! me impresionan con la profundidad y la pasión de su fe. Me tienta convertirme en secreto...;;;;;;;;;x

secret_religious_society_tengri_pagan_reformed;[GetReligiousCommunityName_tengri_pagan_reformed];[GetReligiousCommunityName_tengri_pagan_reformed];[GetReligiousCommunityName_tengri_pagan_reformed];;[GetReligiousCommunityName_tengri_pagan_reformed];;;;;;;;;x
secret_religious_society_tengri_pagan_reformed_desc;[GetReligiousSocietyDesc_tengri_pagan_reformed];[GetReligiousSocietyDesc_tengri_pagan_reformed];[GetReligiousSocietyDesc_tengri_pagan_reformed];;[GetReligiousSocietyDesc_tengri_pagan_reformed];;;;;;;;;x
secret_religious_society_tengri_pagan_reformed_currency;Devotion;Dévotion;Hingabe;;Devoción;;;;;;;;;x
secret_religious_society_tengri_pagan_reformed_leader_desc;[GetSocietyLeaderDesc];[GetSocietyLeaderDesc];[GetSocietyLeaderDesc];;[GetSocietyLeaderDesc];;;;;;;;;x
alt_start_community_name_tengri_pagan_reformed;The [tengri_pagan_reformed.GetName] Faithful;Fidèles [tengri_pagan_reformed.GetName]s;Die [tengri_pagan_reformed.GetName]en Gläubigen;;Creyentes [tengri_pagan_reformed.GetName]s;;;;;;;;;x
secretly_convert_to_tengri_pagan_reformed_holy_site;Secretly Convert to [tengri_pagan_reformed.GetName];Adopter en secret la foi [tengri_pagan_reformed.GetName];Heimlich zum [tengri_pagan_reformed.GetName] Glauben konvertieren;;Convertirse en secreto a la religión [tengri_pagan_reformed.GetName];;;;;;;;;x
secretly_convert_to_tengri_pagan_reformed_holy_site_desc;The §Y[tengri_pagan_reformed.GetName]§! pilgrims that flock to the holy site in §Y[Root.Location.GetName]§! impress me with the depth and passion of their faith. I am tempted to convert in secrecy...;Les pèlerins §Y[tengri_pagan_reformed.GetName]§! qui affluent vers le site saint en §Y[Root.Location.GetName]§! m'impressionnent avec la profondeur et la passion de leur foi. Je suis tenté[Root.Get_E] de me convertir en secret...;Die §Y[tengri_pagan_reformed.GetName]istischen§! Pilger in §Y[Root.Location.GetName]§! beeindrucken mich durch die Tiefe und die Leidenschaft ihres Glaubens. Ich bin versucht, heimlich zu konvertieren ...;;Los peregrinos §Y[tengri_pagan_reformed.GetName]§! que acuden en masa al lugar sagrado en §Y[Root.Location.GetName]§! me impresionan con la profundidad y la pasión de su fe. Me tienta convertirme en secreto...;;;;;;;;;x

secret_religious_society_tengri_pagan;[GetReligiousCommunityName_tengri_pagan];[GetReligiousCommunityName_tengri_pagan];[GetReligiousCommunityName_tengri_pagan];;[GetReligiousCommunityName_tengri_pagan];;;;;;;;;x
secret_religious_society_tengri_pagan_desc;[GetReligiousSocietyDesc_tengri_pagan];[GetReligiousSocietyDesc_tengri_pagan];[GetReligiousSocietyDesc_tengri_pagan];;[GetReligiousSocietyDesc_tengri_pagan];;;;;;;;;x
secret_religious_society_tengri_pagan_currency;Devotion;Dévotion;Hingabe;;Devoción;;;;;;;;;x
secret_religious_society_tengri_pagan_leader_desc;[GetSocietyLeaderDesc];[GetSocietyLeaderDesc];[GetSocietyLeaderDesc];;[GetSocietyLeaderDesc];;;;;;;;;x
alt_start_community_name_tengri_pagan;The [tengri_pagan.GetName] Faithful;Fidèles [tengri_pagan.GetName]s;Die [tengri_pagan.GetName]en Gläubigen;;Creyentes [tengri_pagan.GetName]s;;;;;;;;;x
secretly_convert_to_tengri_pagan_holy_site;Secretly Convert to [tengri_pagan.GetName];Adopter en secret la foi [tengri_pagan.GetName];Heimlich zum [tengri_pagan.GetName] Glauben konvertieren;;Convertirse en secreto a la religión [tengri_pagan.GetName];;;;;;;;;x
secretly_convert_to_tengri_pagan_holy_site_desc;The §Y[tengri_pagan.GetName]§! pilgrims that flock to the holy site in §Y[Root.Location.GetName]§! impress me with the depth and passion of their faith. I am tempted to convert in secrecy...;Les pèlerins §Y[tengri_pagan.GetName]§! qui affluent vers le site saint en §Y[Root.Location.GetName]§! m'impressionnent avec la profondeur et la passion de leur foi. Je suis tenté[Root.Get_E] de me convertir en secret...;Die §Y[tengri_pagan.GetName]istischen§! Pilger in §Y[Root.Location.GetName]§! beeindrucken mich durch die Tiefe und die Leidenschaft ihres Glaubens. Ich bin versucht, heimlich zu konvertieren ...;;Los peregrinos §Y[tengri_pagan.GetName]§! que acuden en masa al lugar sagrado en §Y[Root.Location.GetName]§! me impresionan con la profundidad y la pasión de su fe. Me tienta convertirme en secreto...;;;;;;;;;x

secret_religious_society_neoncult;[GetReligiousCommunityName_neoncult];[GetReligiousCommunityName_neoncult];[GetReligiousCommunityName_neoncult];;[GetReligiousCommunityName_neoncult];;;;;;;;;x
secret_religious_society_neoncult_desc;[GetReligiousSocietyDesc_neoncult];[GetReligiousSocietyDesc_neoncult];[GetReligiousSocietyDesc_neoncult];;[GetReligiousSocietyDesc_neoncult];;;;;;;;;x
secret_religious_society_neoncult_currency;Devotion;Dévotion;Hingabe;;Devoción;;;;;;;;;x
secret_religious_society_neoncult_leader_desc;[GetSocietyLeaderDesc];[GetSocietyLeaderDesc];[GetSocietyLeaderDesc];;[GetSocietyLeaderDesc];;;;;;;;;x
alt_start_community_name_neoncult;The [neoncult.GetName] Faithful;Fidèles [neoncult.GetName]s;Die [neoncult.GetName]en Gläubigen;;Creyentes [neoncult.GetName]s;;;;;;;;;x
secretly_convert_to_neoncult_holy_site;Secretly Convert to [neoncult.GetName];Adopter en secret la foi [neoncult.GetName];Heimlich zum [neoncult.GetName] Glauben konvertieren;;Convertirse en secreto a la religión [neoncult.GetName];;;;;;;;;x
secretly_convert_to_neoncult_holy_site_desc;The §Y[neoncult.GetName]§! pilgrims that flock to the holy site in §Y[Root.Location.GetName]§! impress me with the depth and passion of their faith. I am tempted to convert in secrecy...;Les pèlerins §Y[neoncult.GetName]§! qui affluent vers le site saint en §Y[Root.Location.GetName]§! m'impressionnent avec la profondeur et la passion de leur foi. Je suis tenté[Root.Get_E] de me convertir en secret...;Die §Y[neoncult.GetName]istischen§! Pilger in §Y[Root.Location.GetName]§! beeindrucken mich durch die Tiefe und die Leidenschaft ihres Glaubens. Ich bin versucht, heimlich zu konvertieren ...;;Los peregrinos §Y[neoncult.GetName]§! que acuden en masa al lugar sagrado en §Y[Root.Location.GetName]§! me impresionan con la profundidad y la pasión de su fe. Me tienta convertirme en secreto...;;;;;;;;;x

secret_religious_society_tridemism;[GetReligiousCommunityName_tridemism];[GetReligiousCommunityName_tridemism];[GetReligiousCommunityName_tridemism];;[GetReligiousCommunityName_tridemism];;;;;;;;;x
secret_religious_society_tridemism_desc;[GetReligiousSocietyDesc_tridemism];[GetReligiousSocietyDesc_tridemism];[GetReligiousSocietyDesc_tridemism];;[GetReligiousSocietyDesc_tridemism];;;;;;;;;x
secret_religious_society_tridemism_currency;Devotion;Dévotion;Hingabe;;Devoción;;;;;;;;;x
secret_religious_society_tridemism_leader_desc;[GetSocietyLeaderDesc];[GetSocietyLeaderDesc];[GetSocietyLeaderDesc];;[GetSocietyLeaderDesc];;;;;;;;;x
alt_start_community_name_tridemism;The [tridemism.GetName] Faithful;Fidèles [tridemism.GetName]s;Die [tridemism.GetName]en Gläubigen;;Creyentes [tridemism.GetName]s;;;;;;;;;x
secretly_convert_to_tridemism_holy_site;Secretly Convert to [tridemism.GetName];Adopter en secret la foi [tridemism.GetName];Heimlich zum [tridemism.GetName] Glauben konvertieren;;Convertirse en secreto a la religión [tridemism.GetName];;;;;;;;;x
secretly_convert_to_tridemism_holy_site_desc;The §Y[tridemism.GetName]§! pilgrims that flock to the holy site in §Y[Root.Location.GetName]§! impress me with the depth and passion of their faith. I am tempted to convert in secrecy...;Les pèlerins §Y[tridemism.GetName]§! qui affluent vers le site saint en §Y[Root.Location.GetName]§! m'impressionnent avec la profondeur et la passion de leur foi. Je suis tenté[Root.Get_E] de me convertir en secret...;Die §Y[tridemism.GetName]istischen§! Pilger in §Y[Root.Location.GetName]§! beeindrucken mich durch die Tiefe und die Leidenschaft ihres Glaubens. Ich bin versucht, heimlich zu konvertieren ...;;Los peregrinos §Y[tridemism.GetName]§! que acuden en masa al lugar sagrado en §Y[Root.Location.GetName]§! me impresionan con la profundidad y la pasión de su fe. Me tienta convertirme en secreto...;;;;;;;;;x

secret_religious_society_red_cult;[GetReligiousCommunityName_red_cult];[GetReligiousCommunityName_red_cult];[GetReligiousCommunityName_red_cult];;[GetReligiousCommunityName_red_cult];;;;;;;;;x
secret_religious_society_red_cult_desc;[GetReligiousSocietyDesc_red_cult];[GetReligiousSocietyDesc_red_cult];[GetReligiousSocietyDesc_red_cult];;[GetReligiousSocietyDesc_red_cult];;;;;;;;;x
secret_religious_society_red_cult_currency;Devotion;Dévotion;Hingabe;;Devoción;;;;;;;;;x
secret_religious_society_red_cult_leader_desc;[GetSocietyLeaderDesc];[GetSocietyLeaderDesc];[GetSocietyLeaderDesc];;[GetSocietyLeaderDesc];;;;;;;;;x
alt_start_community_name_red_cult;The [red_cult.GetName] Faithful;Fidèles [red_cult.GetName]s;Die [red_cult.GetName]en Gläubigen;;Creyentes [red_cult.GetName]s;;;;;;;;;x
secretly_convert_to_red_cult_holy_site;Secretly Convert to [red_cult.GetName];Adopter en secret la foi [red_cult.GetName];Heimlich zum [red_cult.GetName] Glauben konvertieren;;Convertirse en secreto a la religión [red_cult.GetName];;;;;;;;;x
secretly_convert_to_red_cult_holy_site_desc;The §Y[red_cult.GetName]§! pilgrims that flock to the holy site in §Y[Root.Location.GetName]§! impress me with the depth and passion of their faith. I am tempted to convert in secrecy...;Les pèlerins §Y[red_cult.GetName]§! qui affluent vers le site saint en §Y[Root.Location.GetName]§! m'impressionnent avec la profondeur et la passion de leur foi. Je suis tenté[Root.Get_E] de me convertir en secret...;Die §Y[red_cult.GetName]istischen§! Pilger in §Y[Root.Location.GetName]§! beeindrucken mich durch die Tiefe und die Leidenschaft ihres Glaubens. Ich bin versucht, heimlich zu konvertieren ...;;Los peregrinos §Y[red_cult.GetName]§! que acuden en masa al lugar sagrado en §Y[Root.Location.GetName]§! me impresionan con la profundidad y la pasión de su fe. Me tienta convertirme en secreto...;;;;;;;;;x

secret_religious_society_pagan;[GetReligiousCommunityName_pagan];[GetReligiousCommunityName_pagan];[GetReligiousCommunityName_pagan];;[GetReligiousCommunityName_pagan];;;;;;;;;x
secret_religious_society_pagan_desc;[GetReligiousSocietyDesc_pagan];[GetReligiousSocietyDesc_pagan];[GetReligiousSocietyDesc_pagan];;[GetReligiousSocietyDesc_pagan];;;;;;;;;x
secret_religious_society_pagan_currency;Devotion;Dévotion;Hingabe;;Devoción;;;;;;;;;x
secret_religious_society_pagan_leader_desc;[GetSocietyLeaderDesc];[GetSocietyLeaderDesc];[GetSocietyLeaderDesc];;[GetSocietyLeaderDesc];;;;;;;;;x
alt_start_community_name_pagan;The [pagan.GetName] Faithful;Fidèles [pagan.GetName]s;Die [pagan.GetName]en Gläubigen;;Creyentes [pagan.GetName]s;;;;;;;;;x
secretly_convert_to_pagan_holy_site;Secretly Convert to [pagan.GetName];Adopter en secret la foi [pagan.GetName];Heimlich zum [pagan.GetName] Glauben konvertieren;;Convertirse en secreto a la religión [pagan.GetName];;;;;;;;;x
secretly_convert_to_pagan_holy_site_desc;The §Y[pagan.GetName]§! pilgrims that flock to the holy site in §Y[Root.Location.GetName]§! impress me with the depth and passion of their faith. I am tempted to convert in secrecy...;Les pèlerins §Y[pagan.GetName]§! qui affluent vers le site saint en §Y[Root.Location.GetName]§! m'impressionnent avec la profondeur et la passion de leur foi. Je suis tenté[Root.Get_E] de me convertir en secret...;Die §Y[pagan.GetName]istischen§! Pilger in §Y[Root.Location.GetName]§! beeindrucken mich durch die Tiefe und die Leidenschaft ihres Glaubens. Ich bin versucht, heimlich zu konvertieren ...;;Los peregrinos §Y[pagan.GetName]§! que acuden en masa al lugar sagrado en §Y[Root.Location.GetName]§! me impresionan con la profundidad y la pasión de su fe. Me tienta convertirme en secreto...;;;;;;;;;x

secret_religious_society_baltic_pagan_reformed;[GetReligiousCommunityName_baltic_pagan_reformed];[GetReligiousCommunityName_baltic_pagan_reformed];[GetReligiousCommunityName_baltic_pagan_reformed];;[GetReligiousCommunityName_baltic_pagan_reformed];;;;;;;;;x
secret_religious_society_baltic_pagan_reformed_desc;[GetReligiousSocietyDesc_baltic_pagan_reformed];[GetReligiousSocietyDesc_baltic_pagan_reformed];[GetReligiousSocietyDesc_baltic_pagan_reformed];;[GetReligiousSocietyDesc_baltic_pagan_reformed];;;;;;;;;x
secret_religious_society_baltic_pagan_reformed_currency;Devotion;Dévotion;Hingabe;;Devoción;;;;;;;;;x
secret_religious_society_baltic_pagan_reformed_leader_desc;[GetSocietyLeaderDesc];[GetSocietyLeaderDesc];[GetSocietyLeaderDesc];;[GetSocietyLeaderDesc];;;;;;;;;x
alt_start_community_name_baltic_pagan_reformed;The [baltic_pagan_reformed.GetName] Faithful;Fidèles [baltic_pagan_reformed.GetName]s;Die [baltic_pagan_reformed.GetName]en Gläubigen;;Creyentes [baltic_pagan_reformed.GetName]s;;;;;;;;;x
secretly_convert_to_baltic_pagan_reformed_holy_site;Secretly Convert to [baltic_pagan_reformed.GetName];Adopter en secret la foi [baltic_pagan_reformed.GetName];Heimlich zum [baltic_pagan_reformed.GetName] Glauben konvertieren;;Convertirse en secreto a la religión [baltic_pagan_reformed.GetName];;;;;;;;;x
secretly_convert_to_baltic_pagan_reformed_holy_site_desc;The §Y[baltic_pagan_reformed.GetName]§! pilgrims that flock to the holy site in §Y[Root.Location.GetName]§! impress me with the depth and passion of their faith. I am tempted to convert in secrecy...;Les pèlerins §Y[baltic_pagan_reformed.GetName]§! qui affluent vers le site saint en §Y[Root.Location.GetName]§! m'impressionnent avec la profondeur et la passion de leur foi. Je suis tenté[Root.Get_E] de me convertir en secret...;Die §Y[baltic_pagan_reformed.GetName]istischen§! Pilger in §Y[Root.Location.GetName]§! beeindrucken mich durch die Tiefe und die Leidenschaft ihres Glaubens. Ich bin versucht, heimlich zu konvertieren ...;;Los peregrinos §Y[baltic_pagan_reformed.GetName]§! que acuden en masa al lugar sagrado en §Y[Root.Location.GetName]§! me impresionan con la profundidad y la pasión de su fe. Me tienta convertirme en secreto...;;;;;;;;;x

secret_religious_society_baltic_pagan;[GetReligiousCommunityName_baltic_pagan];[GetReligiousCommunityName_baltic_pagan];[GetReligiousCommunityName_baltic_pagan];;[GetReligiousCommunityName_baltic_pagan];;;;;;;;;x
secret_religious_society_baltic_pagan_desc;[GetReligiousSocietyDesc_baltic_pagan];[GetReligiousSocietyDesc_baltic_pagan];[GetReligiousSocietyDesc_baltic_pagan];;[GetReligiousSocietyDesc_baltic_pagan];;;;;;;;;x
secret_religious_society_baltic_pagan_currency;Devotion;Dévotion;Hingabe;;Devoción;;;;;;;;;x
secret_religious_society_baltic_pagan_leader_desc;[GetSocietyLeaderDesc];[GetSocietyLeaderDesc];[GetSocietyLeaderDesc];;[GetSocietyLeaderDesc];;;;;;;;;x
alt_start_community_name_baltic_pagan;The [baltic_pagan.GetName] Faithful;Fidèles [baltic_pagan.GetName]s;Die [baltic_pagan.GetName]en Gläubigen;;Creyentes [baltic_pagan.GetName]s;;;;;;;;;x
secretly_convert_to_baltic_pagan_holy_site;Secretly Convert to [baltic_pagan.GetName];Adopter en secret la foi [baltic_pagan.GetName];Heimlich zum [baltic_pagan.GetName] Glauben konvertieren;;Convertirse en secreto a la religión [baltic_pagan.GetName];;;;;;;;;x
secretly_convert_to_baltic_pagan_holy_site_desc;The §Y[baltic_pagan.GetName]§! pilgrims that flock to the holy site in §Y[Root.Location.GetName]§! impress me with the depth and passion of their faith. I am tempted to convert in secrecy...;Les pèlerins §Y[baltic_pagan.GetName]§! qui affluent vers le site saint en §Y[Root.Location.GetName]§! m'impressionnent avec la profondeur et la passion de leur foi. Je suis tenté[Root.Get_E] de me convertir en secret...;Die §Y[baltic_pagan.GetName]istischen§! Pilger in §Y[Root.Location.GetName]§! beeindrucken mich durch die Tiefe und die Leidenschaft ihres Glaubens. Ich bin versucht, heimlich zu konvertieren ...;;Los peregrinos §Y[baltic_pagan.GetName]§! que acuden en masa al lugar sagrado en §Y[Root.Location.GetName]§! me impresionan con la profundidad y la pasión de su fe. Me tienta convertirme en secreto...;;;;;;;;;x

secret_religious_society_antiquarianist_reformed;[GetReligiousCommunityName_antiquarianist_reformed];[GetReligiousCommunityName_antiquarianist_reformed];[GetReligiousCommunityName_antiquarianist_reformed];;[GetReligiousCommunityName_antiquarianist_reformed];;;;;;;;;x
secret_religious_society_antiquarianist_reformed_desc;[GetReligiousSocietyDesc_antiquarianist_reformed];[GetReligiousSocietyDesc_antiquarianist_reformed];[GetReligiousSocietyDesc_antiquarianist_reformed];;[GetReligiousSocietyDesc_antiquarianist_reformed];;;;;;;;;x
secret_religious_society_antiquarianist_reformed_currency;Devotion;Dévotion;Hingabe;;Devoción;;;;;;;;;x
secret_religious_society_antiquarianist_reformed_leader_desc;[GetSocietyLeaderDesc];[GetSocietyLeaderDesc];[GetSocietyLeaderDesc];;[GetSocietyLeaderDesc];;;;;;;;;x
alt_start_community_name_antiquarianist_reformed;The [antiquarianist_reformed.GetName] Faithful;Fidèles [antiquarianist_reformed.GetName]s;Die [antiquarianist_reformed.GetName]en Gläubigen;;Creyentes [antiquarianist_reformed.GetName]s;;;;;;;;;x
secretly_convert_to_antiquarianist_reformed_holy_site;Secretly Convert to [antiquarianist_reformed.GetName];Adopter en secret la foi [antiquarianist_reformed.GetName];Heimlich zum [antiquarianist_reformed.GetName] Glauben konvertieren;;Convertirse en secreto a la religión [antiquarianist_reformed.GetName];;;;;;;;;x
secretly_convert_to_antiquarianist_reformed_holy_site_desc;The §Y[antiquarianist_reformed.GetName]§! pilgrims that flock to the holy site in §Y[Root.Location.GetName]§! impress me with the depth and passion of their faith. I am tempted to convert in secrecy...;Les pèlerins §Y[antiquarianist_reformed.GetName]§! qui affluent vers le site saint en §Y[Root.Location.GetName]§! m'impressionnent avec la profondeur et la passion de leur foi. Je suis tenté[Root.Get_E] de me convertir en secret...;Die §Y[antiquarianist_reformed.GetName]istischen§! Pilger in §Y[Root.Location.GetName]§! beeindrucken mich durch die Tiefe und die Leidenschaft ihres Glaubens. Ich bin versucht, heimlich zu konvertieren ...;;Los peregrinos §Y[antiquarianist_reformed.GetName]§! que acuden en masa al lugar sagrado en §Y[Root.Location.GetName]§! me impresionan con la profundidad y la pasión de su fe. Me tienta convertirme en secreto...;;;;;;;;;x

secret_religious_society_antiquarianist;[GetReligiousCommunityName_antiquarianist];[GetReligiousCommunityName_antiquarianist];[GetReligiousCommunityName_antiquarianist];;[GetReligiousCommunityName_antiquarianist];;;;;;;;;x
secret_religious_society_antiquarianist_desc;[GetReligiousSocietyDesc_antiquarianist];[GetReligiousSocietyDesc_antiquarianist];[GetReligiousSocietyDesc_antiquarianist];;[GetReligiousSocietyDesc_antiquarianist];;;;;;;;;x
secret_religious_society_antiquarianist_currency;Devotion;Dévotion;Hingabe;;Devoción;;;;;;;;;x
secret_religious_society_antiquarianist_leader_desc;[GetSocietyLeaderDesc];[GetSocietyLeaderDesc];[GetSocietyLeaderDesc];;[GetSocietyLeaderDesc];;;;;;;;;x
alt_start_community_name_antiquarianist;The [antiquarianist.GetName] Faithful;Fidèles [antiquarianist.GetName]s;Die [antiquarianist.GetName]en Gläubigen;;Creyentes [antiquarianist.GetName]s;;;;;;;;;x
secretly_convert_to_antiquarianist_holy_site;Secretly Convert to [antiquarianist.GetName];Adopter en secret la foi [antiquarianist.GetName];Heimlich zum [antiquarianist.GetName] Glauben konvertieren;;Convertirse en secreto a la religión [antiquarianist.GetName];;;;;;;;;x
secretly_convert_to_antiquarianist_holy_site_desc;The §Y[antiquarianist.GetName]§! pilgrims that flock to the holy site in §Y[Root.Location.GetName]§! impress me with the depth and passion of their faith. I am tempted to convert in secrecy...;Les pèlerins §Y[antiquarianist.GetName]§! qui affluent vers le site saint en §Y[Root.Location.GetName]§! m'impressionnent avec la profondeur et la passion de leur foi. Je suis tenté[Root.Get_E] de me convertir en secret...;Die §Y[antiquarianist.GetName]istischen§! Pilger in §Y[Root.Location.GetName]§! beeindrucken mich durch die Tiefe und die Leidenschaft ihres Glaubens. Ich bin versucht, heimlich zu konvertieren ...;;Los peregrinos §Y[antiquarianist.GetName]§! que acuden en masa al lugar sagrado en §Y[Root.Location.GetName]§! me impresionan con la profundidad y la pasión de su fe. Me tienta convertirme en secreto...;;;;;;;;;x

secret_religious_society_bon_pagan_reformed;[GetReligiousCommunityName_bon_pagan_reformed];[GetReligiousCommunityName_bon_pagan_reformed];[GetReligiousCommunityName_bon_pagan_reformed];;[GetReligiousCommunityName_bon_pagan_reformed];;;;;;;;;x
secret_religious_society_bon_pagan_reformed_desc;[GetReligiousSocietyDesc_bon_pagan_reformed];[GetReligiousSocietyDesc_bon_pagan_reformed];[GetReligiousSocietyDesc_bon_pagan_reformed];;[GetReligiousSocietyDesc_bon_pagan_reformed];;;;;;;;;x
secret_religious_society_bon_pagan_reformed_currency;Devotion;Dévotion;Hingabe;;Devoción;;;;;;;;;x
secret_religious_society_bon_pagan_reformed_leader_desc;[GetSocietyLeaderDesc];[GetSocietyLeaderDesc];[GetSocietyLeaderDesc];;[GetSocietyLeaderDesc];;;;;;;;;x
alt_start_community_name_bon_pagan_reformed;The [bon_pagan_reformed.GetName] Faithful;Fidèles [bon_pagan_reformed.GetName]s;Die [bon_pagan_reformed.GetName]en Gläubigen;;Creyentes [bon_pagan_reformed.GetName]s;;;;;;;;;x
secretly_convert_to_bon_pagan_reformed_holy_site;Secretly Convert to [bon_pagan_reformed.GetName];Adopter en secret la foi [bon_pagan_reformed.GetName];Heimlich zum [bon_pagan_reformed.GetName] Glauben konvertieren;;Convertirse en secreto a la religión [bon_pagan_reformed.GetName];;;;;;;;;x
secretly_convert_to_bon_pagan_reformed_holy_site_desc;The §Y[bon_pagan_reformed.GetName]§! pilgrims that flock to the holy site in §Y[Root.Location.GetName]§! impress me with the depth and passion of their faith. I am tempted to convert in secrecy...;Les pèlerins §Y[bon_pagan_reformed.GetName]§! qui affluent vers le site saint en §Y[Root.Location.GetName]§! m'impressionnent avec la profondeur et la passion de leur foi. Je suis tenté[Root.Get_E] de me convertir en secret...;Die §Y[bon_pagan_reformed.GetName]istischen§! Pilger in §Y[Root.Location.GetName]§! beeindrucken mich durch die Tiefe und die Leidenschaft ihres Glaubens. Ich bin versucht, heimlich zu konvertieren ...;;Los peregrinos §Y[bon_pagan_reformed.GetName]§! que acuden en masa al lugar sagrado en §Y[Root.Location.GetName]§! me impresionan con la profundidad y la pasión de su fe. Me tienta convertirme en secreto...;;;;;;;;;x

secret_religious_society_bon_pagan;[GetReligiousCommunityName_bon_pagan];[GetReligiousCommunityName_bon_pagan];[GetReligiousCommunityName_bon_pagan];;[GetReligiousCommunityName_bon_pagan];;;;;;;;;x
secret_religious_society_bon_pagan_desc;[GetReligiousSocietyDesc_bon_pagan];[GetReligiousSocietyDesc_bon_pagan];[GetReligiousSocietyDesc_bon_pagan];;[GetReligiousSocietyDesc_bon_pagan];;;;;;;;;x
secret_religious_society_bon_pagan_currency;Devotion;Dévotion;Hingabe;;Devoción;;;;;;;;;x
secret_religious_society_bon_pagan_leader_desc;[GetSocietyLeaderDesc];[GetSocietyLeaderDesc];[GetSocietyLeaderDesc];;[GetSocietyLeaderDesc];;;;;;;;;x
alt_start_community_name_bon_pagan;The [bon_pagan.GetName] Faithful;Fidèles [bon_pagan.GetName]s;Die [bon_pagan.GetName]en Gläubigen;;Creyentes [bon_pagan.GetName]s;;;;;;;;;x
secretly_convert_to_bon_pagan_holy_site;Secretly Convert to [bon_pagan.GetName];Adopter en secret la foi [bon_pagan.GetName];Heimlich zum [bon_pagan.GetName] Glauben konvertieren;;Convertirse en secreto a la religión [bon_pagan.GetName];;;;;;;;;x
secretly_convert_to_bon_pagan_holy_site_desc;The §Y[bon_pagan.GetName]§! pilgrims that flock to the holy site in §Y[Root.Location.GetName]§! impress me with the depth and passion of their faith. I am tempted to convert in secrecy...;Les pèlerins §Y[bon_pagan.GetName]§! qui affluent vers le site saint en §Y[Root.Location.GetName]§! m'impressionnent avec la profondeur et la passion de leur foi. Je suis tenté[Root.Get_E] de me convertir en secret...;Die §Y[bon_pagan.GetName]istischen§! Pilger in §Y[Root.Location.GetName]§! beeindrucken mich durch die Tiefe und die Leidenschaft ihres Glaubens. Ich bin versucht, heimlich zu konvertieren ...;;Los peregrinos §Y[bon_pagan.GetName]§! que acuden en masa al lugar sagrado en §Y[Root.Location.GetName]§! me impresionan con la profundidad y la pasión de su fe. Me tienta convertirme en secreto...;;;;;;;;;x

secret_religious_society_aurorean;[GetReligiousCommunityName_aurorean];[GetReligiousCommunityName_aurorean];[GetReligiousCommunityName_aurorean];;[GetReligiousCommunityName_aurorean];;;;;;;;;x
secret_religious_society_aurorean_desc;[GetReligiousSocietyDesc_aurorean];[GetReligiousSocietyDesc_aurorean];[GetReligiousSocietyDesc_aurorean];;[GetReligiousSocietyDesc_aurorean];;;;;;;;;x
secret_religious_society_aurorean_currency;Devotion;Dévotion;Hingabe;;Devoción;;;;;;;;;x
secret_religious_society_aurorean_leader_desc;[GetSocietyLeaderDesc];[GetSocietyLeaderDesc];[GetSocietyLeaderDesc];;[GetSocietyLeaderDesc];;;;;;;;;x
alt_start_community_name_aurorean;The [aurorean.GetName] Faithful;Fidèles [aurorean.GetName]s;Die [aurorean.GetName]en Gläubigen;;Creyentes [aurorean.GetName]s;;;;;;;;;x
secretly_convert_to_aurorean_holy_site;Secretly Convert to [aurorean.GetName];Adopter en secret la foi [aurorean.GetName];Heimlich zum [aurorean.GetName] Glauben konvertieren;;Convertirse en secreto a la religión [aurorean.GetName];;;;;;;;;x
secretly_convert_to_aurorean_holy_site_desc;The §Y[aurorean.GetName]§! pilgrims that flock to the holy site in §Y[Root.Location.GetName]§! impress me with the depth and passion of their faith. I am tempted to convert in secrecy...;Les pèlerins §Y[aurorean.GetName]§! qui affluent vers le site saint en §Y[Root.Location.GetName]§! m'impressionnent avec la profondeur et la passion de leur foi. Je suis tenté[Root.Get_E] de me convertir en secret...;Die §Y[aurorean.GetName]istischen§! Pilger in §Y[Root.Location.GetName]§! beeindrucken mich durch die Tiefe und die Leidenschaft ihres Glaubens. Ich bin versucht, heimlich zu konvertieren ...;;Los peregrinos §Y[aurorean.GetName]§! que acuden en masa al lugar sagrado en §Y[Root.Location.GetName]§! me impresionan con la profundidad y la pasión de su fe. Me tienta convertirme en secreto...;;;;;;;;;x

secret_religious_society_celtic_pagan_reformed;[GetReligiousCommunityName_celtic_pagan_reformed];[GetReligiousCommunityName_celtic_pagan_reformed];[GetReligiousCommunityName_celtic_pagan_reformed];;[GetReligiousCommunityName_celtic_pagan_reformed];;;;;;;;;x
secret_religious_society_celtic_pagan_reformed_desc;[GetReligiousSocietyDesc_celtic_pagan_reformed];[GetReligiousSocietyDesc_celtic_pagan_reformed];[GetReligiousSocietyDesc_celtic_pagan_reformed];;[GetReligiousSocietyDesc_celtic_pagan_reformed];;;;;;;;;x
secret_religious_society_celtic_pagan_reformed_currency;Devotion;Dévotion;Hingabe;;Devoción;;;;;;;;;x
secret_religious_society_celtic_pagan_reformed_leader_desc;[GetSocietyLeaderDesc];[GetSocietyLeaderDesc];[GetSocietyLeaderDesc];;[GetSocietyLeaderDesc];;;;;;;;;x
alt_start_community_name_celtic_pagan_reformed;The [celtic_pagan_reformed.GetName] Faithful;Fidèles [celtic_pagan_reformed.GetName]s;Die [celtic_pagan_reformed.GetName]en Gläubigen;;Creyentes [celtic_pagan_reformed.GetName]s;;;;;;;;;x
secretly_convert_to_celtic_pagan_reformed_holy_site;Secretly Convert to [celtic_pagan_reformed.GetName];Adopter en secret la foi [celtic_pagan_reformed.GetName];Heimlich zum [celtic_pagan_reformed.GetName] Glauben konvertieren;;Convertirse en secreto a la religión [celtic_pagan_reformed.GetName];;;;;;;;;x
secretly_convert_to_celtic_pagan_reformed_holy_site_desc;The §Y[celtic_pagan_reformed.GetName]§! pilgrims that flock to the holy site in §Y[Root.Location.GetName]§! impress me with the depth and passion of their faith. I am tempted to convert in secrecy...;Les pèlerins §Y[celtic_pagan_reformed.GetName]§! qui affluent vers le site saint en §Y[Root.Location.GetName]§! m'impressionnent avec la profondeur et la passion de leur foi. Je suis tenté[Root.Get_E] de me convertir en secret...;Die §Y[celtic_pagan_reformed.GetName]istischen§! Pilger in §Y[Root.Location.GetName]§! beeindrucken mich durch die Tiefe und die Leidenschaft ihres Glaubens. Ich bin versucht, heimlich zu konvertieren ...;;Los peregrinos §Y[celtic_pagan_reformed.GetName]§! que acuden en masa al lugar sagrado en §Y[Root.Location.GetName]§! me impresionan con la profundidad y la pasión de su fe. Me tienta convertirme en secreto...;;;;;;;;;x

secret_religious_society_gator_pagan_reformed;[GetReligiousCommunityName_gator_pagan_reformed];[GetReligiousCommunityName_gator_pagan_reformed];[GetReligiousCommunityName_gator_pagan_reformed];;[GetReligiousCommunityName_gator_pagan_reformed];;;;;;;;;x
secret_religious_society_gator_pagan_reformed_desc;[GetReligiousSocietyDesc_gator_pagan_reformed];[GetReligiousSocietyDesc_gator_pagan_reformed];[GetReligiousSocietyDesc_gator_pagan_reformed];;[GetReligiousSocietyDesc_gator_pagan_reformed];;;;;;;;;x
secret_religious_society_gator_pagan_reformed_currency;Devotion;Dévotion;Hingabe;;Devoción;;;;;;;;;x
secret_religious_society_gator_pagan_reformed_leader_desc;[GetSocietyLeaderDesc];[GetSocietyLeaderDesc];[GetSocietyLeaderDesc];;[GetSocietyLeaderDesc];;;;;;;;;x
alt_start_community_name_gator_pagan_reformed;The [gator_pagan_reformed.GetName] Faithful;Fidèles [gator_pagan_reformed.GetName]s;Die [gator_pagan_reformed.GetName]en Gläubigen;;Creyentes [gator_pagan_reformed.GetName]s;;;;;;;;;x
secretly_convert_to_gator_pagan_reformed_holy_site;Secretly Convert to [gator_pagan_reformed.GetName];Adopter en secret la foi [gator_pagan_reformed.GetName];Heimlich zum [gator_pagan_reformed.GetName] Glauben konvertieren;;Convertirse en secreto a la religión [gator_pagan_reformed.GetName];;;;;;;;;x
secretly_convert_to_gator_pagan_reformed_holy_site_desc;The §Y[gator_pagan_reformed.GetName]§! pilgrims that flock to the holy site in §Y[Root.Location.GetName]§! impress me with the depth and passion of their faith. I am tempted to convert in secrecy...;Les pèlerins §Y[gator_pagan_reformed.GetName]§! qui affluent vers le site saint en §Y[Root.Location.GetName]§! m'impressionnent avec la profondeur et la passion de leur foi. Je suis tenté[Root.Get_E] de me convertir en secret...;Die §Y[gator_pagan_reformed.GetName]istischen§! Pilger in §Y[Root.Location.GetName]§! beeindrucken mich durch die Tiefe und die Leidenschaft ihres Glaubens. Ich bin versucht, heimlich zu konvertieren ...;;Los peregrinos §Y[gator_pagan_reformed.GetName]§! que acuden en masa al lugar sagrado en §Y[Root.Location.GetName]§! me impresionan con la profundidad y la pasión de su fe. Me tienta convertirme en secreto...;;;;;;;;;x

secretly_convert_to_inuit_pagan_reformed_holy_site;Secretly Convert to [inuit_pagan_reformed.GetName];Adopter en secret la foi [inuit_pagan_reformed.GetName];Heimlich zum [inuit_pagan_reformed.GetName] Glauben konvertieren;;Convertirse en secreto a la religión [inuit_pagan_reformed.GetName];;;;;;;;;x
secretly_convert_to_inuit_pagan_reformed_holy_site_desc;The §Y[inuit_pagan_reformed.GetName]§! pilgrims that flock to the holy site in §Y[Root.Location.GetName]§! impress me with the depth and passion of their faith. I am tempted to convert in secrecy...;Les pèlerins §Y[inuit_pagan_reformed.GetName]§! qui affluent vers le site saint en §Y[Root.Location.GetName]§! m'impressionnent avec la profondeur et la passion de leur foi. Je suis tenté[Root.Get_E] de me convertir en secret...;Die §Y[inuit_pagan_reformed.GetName]istischen§! Pilger in §Y[Root.Location.GetName]§! beeindrucken mich durch die Tiefe und die Leidenschaft ihres Glaubens. Ich bin versucht, heimlich zu konvertieren ...;;Los peregrinos §Y[inuit_pagan_reformed.GetName]§! que acuden en masa al lugar sagrado en §Y[Root.Location.GetName]§! me impresionan con la profundidad y la pasión de su fe. Me tienta convertirme en secreto...;;;;;;;;;x

secretly_convert_to_anishinaabe_reformed_holy_site;Secretly Convert to [anishinaabe_reformed.GetName];Adopter en secret la foi [anishinaabe_reformed.GetName];Heimlich zum [anishinaabe_reformed.GetName] Glauben konvertieren;;Convertirse en secreto a la religión [anishinaabe_reformed.GetName];;;;;;;;;x
secretly_convert_to_anishinaabe_reformed_holy_site_desc;The §Y[anishinaabe_reformed.GetName]§! pilgrims that flock to the holy site in §Y[Root.Location.GetName]§! impress me with the depth and passion of their faith. I am tempted to convert in secrecy...;Les pèlerins §Y[anishinaabe_reformed.GetName]§! qui affluent vers le site saint en §Y[Root.Location.GetName]§! m'impressionnent avec la profondeur et la passion de leur foi. Je suis tenté[Root.Get_E] de me convertir en secret...;Die §Y[anishinaabe_reformed.GetName]istischen§! Pilger in §Y[Root.Location.GetName]§! beeindrucken mich durch die Tiefe und die Leidenschaft ihres Glaubens. Ich bin versucht, heimlich zu konvertieren ...;;Los peregrinos §Y[anishinaabe_reformed.GetName]§! que acuden en masa al lugar sagrado en §Y[Root.Location.GetName]§! me impresionan con la profundidad y la pasión de su fe. Me tienta convertirme en secreto...;;;;;;;;;x

secretly_convert_to_lakefolk_pagan_reformed_holy_site;Secretly Convert to [lakefolk_pagan_reformed.GetName];Adopter en secret la foi [lakefolk_pagan_reformed.GetName];Heimlich zum [lakefolk_pagan_reformed.GetName] Glauben konvertieren;;Convertirse en secreto a la religión [lakefolk_pagan_reformed.GetName];;;;;;;;;x
secretly_convert_to_lakefolk_pagan_reformed_holy_site_desc;The §Y[lakefolk_pagan_reformed.GetName]§! pilgrims that flock to the holy site in §Y[Root.Location.GetName]§! impress me with the depth and passion of their faith. I am tempted to convert in secrecy...;Les pèlerins §Y[lakefolk_pagan_reformed.GetName]§! qui affluent vers le site saint en §Y[Root.Location.GetName]§! m'impressionnent avec la profondeur et la passion de leur foi. Je suis tenté[Root.Get_E] de me convertir en secret...;Die §Y[lakefolk_pagan_reformed.GetName]istischen§! Pilger in §Y[Root.Location.GetName]§! beeindrucken mich durch die Tiefe und die Leidenschaft ihres Glaubens. Ich bin versucht, heimlich zu konvertieren ...;;Los peregrinos §Y[lakefolk_pagan_reformed.GetName]§! que acuden en masa al lugar sagrado en §Y[Root.Location.GetName]§! me impresionan con la profundidad y la pasión de su fe. Me tienta convertirme en secreto...;;;;;;;;;x

secret_religious_society_celtic_pagan;[GetReligiousCommunityName_celtic_pagan];[GetReligiousCommunityName_celtic_pagan];[GetReligiousCommunityName_celtic_pagan];;[GetReligiousCommunityName_celtic_pagan];;;;;;;;;x
secret_religious_society_celtic_pagan_desc;[GetReligiousSocietyDesc_celtic_pagan];[GetReligiousSocietyDesc_celtic_pagan];[GetReligiousSocietyDesc_celtic_pagan];;[GetReligiousSocietyDesc_celtic_pagan];;;;;;;;;x
secret_religious_society_celtic_pagan_currency;Devotion;Dévotion;Hingabe;;Devoción;;;;;;;;;x
secret_religious_society_celtic_pagan_leader_desc;[GetSocietyLeaderDesc];[GetSocietyLeaderDesc];[GetSocietyLeaderDesc];;[GetSocietyLeaderDesc];;;;;;;;;x
alt_start_community_name_celtic_pagan;The [celtic_pagan.GetName] Faithful;Fidèles [celtic_pagan.GetName]s;Die [celtic_pagan.GetName]en Gläubigen;;Creyentes [celtic_pagan.GetName]s;;;;;;;;;x
secretly_convert_to_celtic_pagan_holy_site;Secretly Convert to [celtic_pagan.GetName];Adopter en secret la foi [celtic_pagan.GetName];Heimlich zum [celtic_pagan.GetName] Glauben konvertieren;;Convertirse en secreto a la religión [celtic_pagan.GetName];;;;;;;;;x
secretly_convert_to_celtic_pagan_holy_site_desc;The §Y[celtic_pagan.GetName]§! pilgrims that flock to the holy site in §Y[Root.Location.GetName]§! impress me with the depth and passion of their faith. I am tempted to convert in secrecy...;Les pèlerins §Y[celtic_pagan.GetName]§! qui affluent vers le site saint en §Y[Root.Location.GetName]§! m'impressionnent avec la profondeur et la passion de leur foi. Je suis tenté[Root.Get_E] de me convertir en secret...;Die §Y[celtic_pagan.GetName]istischen§! Pilger in §Y[Root.Location.GetName]§! beeindrucken mich durch die Tiefe und die Leidenschaft ihres Glaubens. Ich bin versucht, heimlich zu konvertieren ...;;Los peregrinos §Y[celtic_pagan.GetName]§! que acuden en masa al lugar sagrado en §Y[Root.Location.GetName]§! me impresionan con la profundidad y la pasión de su fe. Me tienta convertirme en secreto...;;;;;;;;;x

secret_religious_society_gator_pagan;[GetReligiousCommunityName_gator_pagan];[GetReligiousCommunityName_gator_pagan];[GetReligiousCommunityName_gator_pagan];;[GetReligiousCommunityName_gator_pagan];;;;;;;;;x
secret_religious_society_gator_pagan_desc;[GetReligiousSocietyDesc_gator_pagan];[GetReligiousSocietyDesc_gator_pagan];[GetReligiousSocietyDesc_gator_pagan];;[GetReligiousSocietyDesc_gator_pagan];;;;;;;;;x
secret_religious_society_gator_pagan_currency;Devotion;Dévotion;Hingabe;;Devoción;;;;;;;;;x
secret_religious_society_gator_pagan_leader_desc;[GetSocietyLeaderDesc];[GetSocietyLeaderDesc];[GetSocietyLeaderDesc];;[GetSocietyLeaderDesc];;;;;;;;;x
alt_start_community_name_gator_pagan;The [gator_pagan.GetName] Faithful;Fidèles [gator_pagan.GetName]s;Die [gator_pagan.GetName]en Gläubigen;;Creyentes [gator_pagan.GetName]s;;;;;;;;;x
secretly_convert_to_gator_pagan_holy_site;Secretly Convert to [gator_pagan.GetName];Adopter en secret la foi [gator_pagan.GetName];Heimlich zum [gator_pagan.GetName] Glauben konvertieren;;Convertirse en secreto a la religión [gator_pagan.GetName];;;;;;;;;x
secretly_convert_to_gator_pagan_holy_site_desc;The §Y[gator_pagan.GetName]§! pilgrims that flock to the holy site in §Y[Root.Location.GetName]§! impress me with the depth and passion of their faith. I am tempted to convert in secrecy...;Les pèlerins §Y[gator_pagan.GetName]§! qui affluent vers le site saint en §Y[Root.Location.GetName]§! m'impressionnent avec la profondeur et la passion de leur foi. Je suis tenté[Root.Get_E] de me convertir en secret...;Die §Y[gator_pagan.GetName]istischen§! Pilger in §Y[Root.Location.GetName]§! beeindrucken mich durch die Tiefe und die Leidenschaft ihres Glaubens. Ich bin versucht, heimlich zu konvertieren ...;;Los peregrinos §Y[gator_pagan.GetName]§! que acuden en masa al lugar sagrado en §Y[Root.Location.GetName]§! me impresionan con la profundidad y la pasión de su fe. Me tienta convertirme en secreto...;;;;;;;;;x

secretly_convert_to_inuit_pagan_holy_site;Secretly Convert to [inuit_pagan.GetName];Adopter en secret la foi [inuit_pagan.GetName];Heimlich zum [inuit_pagan.GetName] Glauben konvertieren;;Convertirse en secreto a la religión [inuit_pagan.GetName];;;;;;;;;x
secretly_convert_to_inuit_pagan_holy_site_desc;The §Y[inuit_pagan.GetName]§! pilgrims that flock to the holy site in §Y[Root.Location.GetName]§! impress me with the depth and passion of their faith. I am tempted to convert in secrecy...;Les pèlerins §Y[inuit_pagan.GetName]§! qui affluent vers le site saint en §Y[Root.Location.GetName]§! m'impressionnent avec la profondeur et la passion de leur foi. Je suis tenté[Root.Get_E] de me convertir en secret...;Die §Y[inuit_pagan.GetName]istischen§! Pilger in §Y[Root.Location.GetName]§! beeindrucken mich durch die Tiefe und die Leidenschaft ihres Glaubens. Ich bin versucht, heimlich zu konvertieren ...;;Los peregrinos §Y[inuit_pagan.GetName]§! que acuden en masa al lugar sagrado en §Y[Root.Location.GetName]§! me impresionan con la profundidad y la pasión de su fe. Me tienta convertirme en secreto...;;;;;;;;;x

secretly_convert_to_anishinaabe_holy_site;Secretly Convert to [anishinaabe.GetName];Adopter en secret la foi [anishinaabe.GetName];Heimlich zum [anishinaabe.GetName] Glauben konvertieren;;Convertirse en secreto a la religión [anishinaabe.GetName];;;;;;;;;x
secretly_convert_to_anishinaabe_holy_site_desc;The §Y[anishinaabe.GetName]§! pilgrims that flock to the holy site in §Y[Root.Location.GetName]§! impress me with the depth and passion of their faith. I am tempted to convert in secrecy...;Les pèlerins §Y[anishinaabe.GetName]§! qui affluent vers le site saint en §Y[Root.Location.GetName]§! m'impressionnent avec la profondeur et la passion de leur foi. Je suis tenté[Root.Get_E] de me convertir en secret...;Die §Y[anishinaabe.GetName]istischen§! Pilger in §Y[Root.Location.GetName]§! beeindrucken mich durch die Tiefe und die Leidenschaft ihres Glaubens. Ich bin versucht, heimlich zu konvertieren ...;;Los peregrinos §Y[anishinaabe.GetName]§! que acuden en masa al lugar sagrado en §Y[Root.Location.GetName]§! me impresionan con la profundidad y la pasión de su fe. Me tienta convertirme en secreto...;;;;;;;;;x

secretly_convert_to_lakefolk_pagan_holy_site;Secretly Convert to [lakefolk_pagan.GetName];Adopter en secret la foi [lakefolk_pagan.GetName];Heimlich zum [lakefolk_pagan.GetName] Glauben konvertieren;;Convertirse en secreto a la religión [lakefolk_pagan.GetName];;;;;;;;;x
secretly_convert_to_lakefolk_pagan_holy_site_desc;The §Y[lakefolk_pagan.GetName]§! pilgrims that flock to the holy site in §Y[Root.Location.GetName]§! impress me with the depth and passion of their faith. I am tempted to convert in secrecy...;Les pèlerins §Y[lakefolk_pagan.GetName]§! qui affluent vers le site saint en §Y[Root.Location.GetName]§! m'impressionnent avec la profondeur et la passion de leur foi. Je suis tenté[Root.Get_E] de me convertir en secret...;Die §Y[lakefolk_pagan.GetName]istischen§! Pilger in §Y[Root.Location.GetName]§! beeindrucken mich durch die Tiefe und die Leidenschaft ihres Glaubens. Ich bin versucht, heimlich zu konvertieren ...;;Los peregrinos §Y[lakefolk_pagan.GetName]§! que acuden en masa al lugar sagrado en §Y[Root.Location.GetName]§! me impresionan con la profundidad y la pasión de su fe. Me tienta convertirme en secreto...;;;;;;;;;x


secret_religious_society_novelist_reformed;[GetReligiousCommunityName_novelist_reformed];[GetReligiousCommunityName_novelist_reformed];[GetReligiousCommunityName_novelist_reformed];;[GetReligiousCommunityName_novelist_reformed];;;;;;;;;x
secret_religious_society_novelist_reformed_desc;[GetReligiousSocietyDesc_novelist_reformed];[GetReligiousSocietyDesc_novelist_reformed];[GetReligiousSocietyDesc_novelist_reformed];;[GetReligiousSocietyDesc_novelist_reformed];;;;;;;;;x
secret_religious_society_novelist_reformed_currency;Devotion;Dévotion;Hingabe;;Devoción;;;;;;;;;x
secret_religious_society_novelist_reformed_leader_desc;[GetSocietyLeaderDesc];[GetSocietyLeaderDesc];[GetSocietyLeaderDesc];;[GetSocietyLeaderDesc];;;;;;;;;x
alt_start_community_name_novelist_reformed;The [novelist_reformed.GetName] Faithful;Fidèles [novelist_reformed.GetName]s;Die [novelist_reformed.GetName]en Gläubigen;;Creyentes [novelist_reformed.GetName]s;;;;;;;;;x
secretly_convert_to_novelist_reformed_holy_site;Secretly Convert to [novelist_reformed.GetName];Adopter en secret la foi [novelist_reformed.GetName];Heimlich zum [novelist_reformed.GetName] Glauben konvertieren;;Convertirse en secreto a la religión [novelist_reformed.GetName];;;;;;;;;x
secretly_convert_to_novelist_reformed_holy_site_desc;The §Y[novelist_reformed.GetName]§! pilgrims that flock to the holy site in §Y[Root.Location.GetName]§! impress me with the depth and passion of their faith. I am tempted to convert in secrecy...;Les pèlerins §Y[novelist_reformed.GetName]§! qui affluent vers le site saint en §Y[Root.Location.GetName]§! m'impressionnent avec la profondeur et la passion de leur foi. Je suis tenté[Root.Get_E] de me convertir en secret...;Die §Y[novelist_reformed.GetName]istischen§! Pilger in §Y[Root.Location.GetName]§! beeindrucken mich durch die Tiefe und die Leidenschaft ihres Glaubens. Ich bin versucht, heimlich zu konvertieren ...;;Los peregrinos §Y[novelist_reformed.GetName]§! que acuden en masa al lugar sagrado en §Y[Root.Location.GetName]§! me impresionan con la profundidad y la pasión de su fe. Me tienta convertirme en secreto...;;;;;;;;;x

secret_religious_society_novelist;[GetReligiousCommunityName_novelist];[GetReligiousCommunityName_novelist];[GetReligiousCommunityName_novelist];;[GetReligiousCommunityName_novelist];;;;;;;;;x
secret_religious_society_novelist_desc;[GetReligiousSocietyDesc_novelist];[GetReligiousSocietyDesc_novelist];[GetReligiousSocietyDesc_novelist];;[GetReligiousSocietyDesc_novelist];;;;;;;;;x
secret_religious_society_novelist_currency;Devotion;Dévotion;Hingabe;;Devoción;;;;;;;;;x
secret_religious_society_novelist_leader_desc;[GetSocietyLeaderDesc];[GetSocietyLeaderDesc];[GetSocietyLeaderDesc];;[GetSocietyLeaderDesc];;;;;;;;;x
alt_start_community_name_novelist;The [novelist.GetName] Faithful;Fidèles [novelist.GetName]s;Die [novelist.GetName]en Gläubigen;;Creyentes [novelist.GetName]s;;;;;;;;;x
secretly_convert_to_novelist_holy_site;Secretly Convert to [novelist.GetName];Adopter en secret la foi [novelist.GetName];Heimlich zum [novelist.GetName] Glauben konvertieren;;Convertirse en secreto a la religión [novelist.GetName];;;;;;;;;x
secretly_convert_to_novelist_holy_site_desc;The §Y[novelist.GetName]§! pilgrims that flock to the holy site in §Y[Root.Location.GetName]§! impress me with the depth and passion of their faith. I am tempted to convert in secrecy...;Les pèlerins §Y[novelist.GetName]§! qui affluent vers le site saint en §Y[Root.Location.GetName]§! m'impressionnent avec la profondeur et la passion de leur foi. Je suis tenté[Root.Get_E] de me convertir en secret...;Die §Y[novelist.GetName]istischen§! Pilger in §Y[Root.Location.GetName]§! beeindrucken mich durch die Tiefe und die Leidenschaft ihres Glaubens. Ich bin versucht, heimlich zu konvertieren ...;;Los peregrinos §Y[novelist.GetName]§! que acuden en masa al lugar sagrado en §Y[Root.Location.GetName]§! me impresionan con la profundidad y la pasión de su fe. Me tienta convertirme en secreto...;;;;;;;;;x

secret_religious_society_folklorist_reformed;[GetReligiousCommunityName_folklorist_reformed];[GetReligiousCommunityName_folklorist_reformed];[GetReligiousCommunityName_folklorist_reformed];;[GetReligiousCommunityName_folklorist_reformed];;;;;;;;;x
secret_religious_society_folklorist_reformed_desc;[GetReligiousSocietyDesc_folklorist_reformed];[GetReligiousSocietyDesc_folklorist_reformed];[GetReligiousSocietyDesc_folklorist_reformed];;[GetReligiousSocietyDesc_folklorist_reformed];;;;;;;;;x
secret_religious_society_folklorist_reformed_currency;Devotion;Dévotion;Hingabe;;Devoción;;;;;;;;;x
secret_religious_society_folklorist_reformed_leader_desc;[GetSocietyLeaderDesc];[GetSocietyLeaderDesc];[GetSocietyLeaderDesc];;[GetSocietyLeaderDesc];;;;;;;;;x
alt_start_community_name_folklorist_reformed;The [folklorist_reformed.GetName] Faithful;Fidèles [folklorist_reformed.GetName]s;Die [folklorist_reformed.GetName]en Gläubigen;;Creyentes [folklorist_reformed.GetName]s;;;;;;;;;x
secretly_convert_to_folklorist_reformed_holy_site;Secretly Convert to [folklorist_reformed.GetName];Adopter en secret la foi [folklorist_reformed.GetName];Heimlich zum [folklorist_reformed.GetName] Glauben konvertieren;;Convertirse en secreto a la religión [folklorist_reformed.GetName];;;;;;;;;x
secretly_convert_to_folklorist_reformed_holy_site_desc;The §Y[folklorist_reformed.GetName]§! pilgrims that flock to the holy site in §Y[Root.Location.GetName]§! impress me with the depth and passion of their faith. I am tempted to convert in secrecy...;Les pèlerins §Y[folklorist_reformed.GetName]§! qui affluent vers le site saint en §Y[Root.Location.GetName]§! m'impressionnent avec la profondeur et la passion de leur foi. Je suis tenté[Root.Get_E] de me convertir en secret...;Die §Y[folklorist_reformed.GetName]istischen§! Pilger in §Y[Root.Location.GetName]§! beeindrucken mich durch die Tiefe und die Leidenschaft ihres Glaubens. Ich bin versucht, heimlich zu konvertieren ...;;Los peregrinos §Y[folklorist_reformed.GetName]§! que acuden en masa al lugar sagrado en §Y[Root.Location.GetName]§! me impresionan con la profundidad y la pasión de su fe. Me tienta convertirme en secreto...;;;;;;;;;x

secret_religious_society_folklorist;[GetReligiousCommunityName_folklorist];[GetReligiousCommunityName_folklorist];[GetReligiousCommunityName_folklorist];;[GetReligiousCommunityName_folklorist];;;;;;;;;x
secret_religious_society_folklorist_desc;[GetReligiousSocietyDesc_folklorist];[GetReligiousSocietyDesc_folklorist];[GetReligiousSocietyDesc_folklorist];;[GetReligiousSocietyDesc_folklorist];;;;;;;;;x
secret_religious_society_folklorist_currency;Devotion;Dévotion;Hingabe;;Devoción;;;;;;;;;x
secret_religious_society_folklorist_leader_desc;[GetSocietyLeaderDesc];[GetSocietyLeaderDesc];[GetSocietyLeaderDesc];;[GetSocietyLeaderDesc];;;;;;;;;x
alt_start_community_name_folklorist;The [folklorist.GetName] Faithful;Fidèles [folklorist.GetName]s;Die [folklorist.GetName]en Gläubigen;;Creyentes [folklorist.GetName]s;;;;;;;;;x
secretly_convert_to_folklorist_holy_site;Secretly Convert to [folklorist.GetName];Adopter en secret la foi [folklorist.GetName];Heimlich zum [folklorist.GetName] Glauben konvertieren;;Convertirse en secreto a la religión [folklorist.GetName];;;;;;;;;x
secretly_convert_to_folklorist_holy_site_desc;The §Y[folklorist.GetName]§! pilgrims that flock to the holy site in §Y[Root.Location.GetName]§! impress me with the depth and passion of their faith. I am tempted to convert in secrecy...;Les pèlerins §Y[folklorist.GetName]§! qui affluent vers le site saint en §Y[Root.Location.GetName]§! m'impressionnent avec la profondeur et la passion de leur foi. Je suis tenté[Root.Get_E] de me convertir en secret...;Die §Y[folklorist.GetName]istischen§! Pilger in §Y[Root.Location.GetName]§! beeindrucken mich durch die Tiefe und die Leidenschaft ihres Glaubens. Ich bin versucht, heimlich zu konvertieren ...;;Los peregrinos §Y[folklorist.GetName]§! que acuden en masa al lugar sagrado en §Y[Root.Location.GetName]§! me impresionan con la profundidad y la pasión de su fe. Me tienta convertirme en secreto...;;;;;;;;;x

secret_religious_society_finnish_pagan_reformed;[GetReligiousCommunityName_finnish_pagan_reformed];[GetReligiousCommunityName_finnish_pagan_reformed];[GetReligiousCommunityName_finnish_pagan_reformed];;[GetReligiousCommunityName_finnish_pagan_reformed];;;;;;;;;x
secret_religious_society_finnish_pagan_reformed_desc;[GetReligiousSocietyDesc_finnish_pagan_reformed];[GetReligiousSocietyDesc_finnish_pagan_reformed];[GetReligiousSocietyDesc_finnish_pagan_reformed];;[GetReligiousSocietyDesc_finnish_pagan_reformed];;;;;;;;;x
secret_religious_society_finnish_pagan_reformed_currency;Devotion;Dévotion;Hingabe;;Devoción;;;;;;;;;x
secret_religious_society_finnish_pagan_reformed_leader_desc;[GetSocietyLeaderDesc];[GetSocietyLeaderDesc];[GetSocietyLeaderDesc];;[GetSocietyLeaderDesc];;;;;;;;;x
alt_start_community_name_finnish_pagan_reformed;The [finnish_pagan_reformed.GetName] Faithful;Fidèles [finnish_pagan_reformed.GetName]s;Die [finnish_pagan_reformed.GetName]en Gläubigen;;Creyentes [finnish_pagan_reformed.GetName]s;;;;;;;;;x
secretly_convert_to_finnish_pagan_reformed_holy_site;Secretly Convert to [finnish_pagan_reformed.GetName];Adopter en secret la foi [finnish_pagan_reformed.GetName];Heimlich zum [finnish_pagan_reformed.GetName] Glauben konvertieren;;Convertirse en secreto a la religión [finnish_pagan_reformed.GetName];;;;;;;;;x
secretly_convert_to_finnish_pagan_reformed_holy_site_desc;The §Y[finnish_pagan_reformed.GetName]§! pilgrims that flock to the holy site in §Y[Root.Location.GetName]§! impress me with the depth and passion of their faith. I am tempted to convert in secrecy...;Les pèlerins §Y[finnish_pagan_reformed.GetName]§! qui affluent vers le site saint en §Y[Root.Location.GetName]§! m'impressionnent avec la profondeur et la passion de leur foi. Je suis tenté[Root.Get_E] de me convertir en secret...;Die §Y[finnish_pagan_reformed.GetName]istischen§! Pilger in §Y[Root.Location.GetName]§! beeindrucken mich durch die Tiefe und die Leidenschaft ihres Glaubens. Ich bin versucht, heimlich zu konvertieren ...;;Los peregrinos §Y[finnish_pagan_reformed.GetName]§! que acuden en masa al lugar sagrado en §Y[Root.Location.GetName]§! me impresionan con la profundidad y la pasión de su fe. Me tienta convertirme en secreto...;;;;;;;;;x

secret_religious_society_finnish_pagan;[GetReligiousCommunityName_finnish_pagan];[GetReligiousCommunityName_finnish_pagan];[GetReligiousCommunityName_finnish_pagan];;[GetReligiousCommunityName_finnish_pagan];;;;;;;;;x
secret_religious_society_finnish_pagan_desc;[GetReligiousSocietyDesc_finnish_pagan];[GetReligiousSocietyDesc_finnish_pagan];[GetReligiousSocietyDesc_finnish_pagan];;[GetReligiousSocietyDesc_finnish_pagan];;;;;;;;;x
secret_religious_society_finnish_pagan_currency;Devotion;Dévotion;Hingabe;;Devoción;;;;;;;;;x
secret_religious_society_finnish_pagan_leader_desc;[GetSocietyLeaderDesc];[GetSocietyLeaderDesc];[GetSocietyLeaderDesc];;[GetSocietyLeaderDesc];;;;;;;;;x
alt_start_community_name_finnish_pagan;The [finnish_pagan.GetName] Faithful;Fidèles [finnish_pagan.GetName]s;Die [finnish_pagan.GetName]en Gläubigen;;Creyentes [finnish_pagan.GetName]s;;;;;;;;;x
secretly_convert_to_finnish_pagan_holy_site;Secretly Convert to [finnish_pagan.GetName];Adopter en secret la foi [finnish_pagan.GetName];Heimlich zum [finnish_pagan.GetName] Glauben konvertieren;;Convertirse en secreto a la religión [finnish_pagan.GetName];;;;;;;;;x
secretly_convert_to_finnish_pagan_holy_site_desc;The §Y[finnish_pagan.GetName]§! pilgrims that flock to the holy site in §Y[Root.Location.GetName]§! impress me with the depth and passion of their faith. I am tempted to convert in secrecy...;Les pèlerins §Y[finnish_pagan.GetName]§! qui affluent vers le site saint en §Y[Root.Location.GetName]§! m'impressionnent avec la profondeur et la passion de leur foi. Je suis tenté[Root.Get_E] de me convertir en secret...;Die §Y[finnish_pagan.GetName]istischen§! Pilger in §Y[Root.Location.GetName]§! beeindrucken mich durch die Tiefe und die Leidenschaft ihres Glaubens. Ich bin versucht, heimlich zu konvertieren ...;;Los peregrinos §Y[finnish_pagan.GetName]§! que acuden en masa al lugar sagrado en §Y[Root.Location.GetName]§! me impresionan con la profundidad y la pasión de su fe. Me tienta convertirme en secreto...;;;;;;;;;x

secret_religious_society_hellenic_pagan_reformed;[GetReligiousCommunityName_hellenic_pagan_reformed];[GetReligiousCommunityName_hellenic_pagan_reformed];[GetReligiousCommunityName_hellenic_pagan_reformed];;[GetReligiousCommunityName_hellenic_pagan_reformed];;;;;;;;;x
secret_religious_society_hellenic_pagan_reformed_desc;[GetReligiousSocietyDesc_hellenic_pagan_reformed];[GetReligiousSocietyDesc_hellenic_pagan_reformed];[GetReligiousSocietyDesc_hellenic_pagan_reformed];;[GetReligiousSocietyDesc_hellenic_pagan_reformed];;;;;;;;;x
secret_religious_society_hellenic_pagan_reformed_currency;Devotion;Dévotion;Hingabe;;Devoción;;;;;;;;;x
secret_religious_society_hellenic_pagan_reformed_leader_desc;[GetSocietyLeaderDesc];[GetSocietyLeaderDesc];[GetSocietyLeaderDesc];;[GetSocietyLeaderDesc];;;;;;;;;x
alt_start_community_name_hellenic_pagan_reformed;The [hellenic_pagan_reformed.GetName] Faithful;Fidèles [hellenic_pagan_reformed.GetName]s;Die [hellenic_pagan_reformed.GetName]en Gläubigen;;Creyentes [hellenic_pagan_reformed.GetName]s;;;;;;;;;x
secretly_convert_to_hellenic_pagan_reformed_holy_site;Secretly Convert to [hellenic_pagan_reformed.GetName];Adopter en secret la foi [hellenic_pagan_reformed.GetName];Heimlich zum [hellenic_pagan_reformed.GetName] Glauben konvertieren;;Convertirse en secreto a la religión [hellenic_pagan_reformed.GetName];;;;;;;;;x
secretly_convert_to_hellenic_pagan_reformed_holy_site_desc;The §Y[hellenic_pagan_reformed.GetName]§! pilgrims that flock to the holy site in §Y[Root.Location.GetName]§! impress me with the depth and passion of their faith. I am tempted to convert in secrecy...;Les pèlerins §Y[hellenic_pagan_reformed.GetName]§! qui affluent vers le site saint en §Y[Root.Location.GetName]§! m'impressionnent avec la profondeur et la passion de leur foi. Je suis tenté[Root.Get_E] de me convertir en secret...;Die §Y[hellenic_pagan_reformed.GetName]istischen§! Pilger in §Y[Root.Location.GetName]§! beeindrucken mich durch die Tiefe und die Leidenschaft ihres Glaubens. Ich bin versucht, heimlich zu konvertieren ...;;Los peregrinos §Y[hellenic_pagan_reformed.GetName]§! que acuden en masa al lugar sagrado en §Y[Root.Location.GetName]§! me impresionan con la profundidad y la pasión de su fe. Me tienta convertirme en secreto...;;;;;;;;;x

secret_religious_society_hellenic_pagan;[GetReligiousCommunityName_hellenic_pagan];[GetReligiousCommunityName_hellenic_pagan];[GetReligiousCommunityName_hellenic_pagan];;[GetReligiousCommunityName_hellenic_pagan];;;;;;;;;x
secret_religious_society_hellenic_pagan_desc;[GetReligiousSocietyDesc_hellenic_pagan];[GetReligiousSocietyDesc_hellenic_pagan];[GetReligiousSocietyDesc_hellenic_pagan];;[GetReligiousSocietyDesc_hellenic_pagan];;;;;;;;;x
secret_religious_society_hellenic_pagan_currency;Devotion;Dévotion;Hingabe;;Devoción;;;;;;;;;x
secret_religious_society_hellenic_pagan_leader_desc;[GetSocietyLeaderDesc];[GetSocietyLeaderDesc];[GetSocietyLeaderDesc];;[GetSocietyLeaderDesc];;;;;;;;;x
alt_start_community_name_hellenic_pagan;The [hellenic_pagan.GetName] Faithful;Fidèles [hellenic_pagan.GetName]s;Die [hellenic_pagan.GetName]en Gläubigen;;Creyentes [hellenic_pagan.GetName]s;;;;;;;;;x
secretly_convert_to_hellenic_pagan_holy_site;Secretly Convert to [hellenic_pagan.GetName];Adopter en secret la foi [hellenic_pagan.GetName];Heimlich zum [hellenic_pagan.GetName] Glauben konvertieren;;Convertirse en secreto a la religión [hellenic_pagan.GetName];;;;;;;;;x
secretly_convert_to_hellenic_pagan_holy_site_desc;The §Y[hellenic_pagan.GetName]§! pilgrims that flock to the holy site in §Y[Root.Location.GetName]§! impress me with the depth and passion of their faith. I am tempted to convert in secrecy...;Les pèlerins §Y[hellenic_pagan.GetName]§! qui affluent vers le site saint en §Y[Root.Location.GetName]§! m'impressionnent avec la profondeur et la passion de leur foi. Je suis tenté[Root.Get_E] de me convertir en secret...;Die §Y[hellenic_pagan.GetName]istischen§! Pilger in §Y[Root.Location.GetName]§! beeindrucken mich durch die Tiefe und die Leidenschaft ihres Glaubens. Ich bin versucht, heimlich zu konvertieren ...;;Los peregrinos §Y[hellenic_pagan.GetName]§! que acuden en masa al lugar sagrado en §Y[Root.Location.GetName]§! me impresionan con la profundidad y la pasión de su fe. Me tienta convertirme en secreto...;;;;;;;;;x

secret_religious_society_arcadian_reformed;[GetReligiousCommunityName_arcadian_reformed];[GetReligiousCommunityName_arcadian_reformed];[GetReligiousCommunityName_arcadian_reformed];;[GetReligiousCommunityName_arcadian_reformed];;;;;;;;;x
secret_religious_society_arcadian_reformed_desc;[GetReligiousSocietyDesc_arcadian_reformed];[GetReligiousSocietyDesc_arcadian_reformed];[GetReligiousSocietyDesc_arcadian_reformed];;[GetReligiousSocietyDesc_arcadian_reformed];;;;;;;;;x
secret_religious_society_arcadian_reformed_currency;Devotion;Dévotion;Hingabe;;Devoción;;;;;;;;;x
secret_religious_society_arcadian_reformed_leader_desc;[GetSocietyLeaderDesc];[GetSocietyLeaderDesc];[GetSocietyLeaderDesc];;[GetSocietyLeaderDesc];;;;;;;;;x
alt_start_community_name_arcadian_reformed;The [arcadian_reformed.GetName] Faithful;Fidèles [arcadian_reformed.GetName]s;Die [arcadian_reformed.GetName]en Gläubigen;;Creyentes [arcadian_reformed.GetName]s;;;;;;;;;x
secretly_convert_to_arcadian_reformed_holy_site;Secretly Convert to [arcadian_reformed.GetName];Adopter en secret la foi [arcadian_reformed.GetName];Heimlich zum [arcadian_reformed.GetName] Glauben konvertieren;;Convertirse en secreto a la religión [arcadian_reformed.GetName];;;;;;;;;x
secretly_convert_to_arcadian_reformed_holy_site_desc;The §Y[arcadian_reformed.GetName]§! pilgrims that flock to the holy site in §Y[Root.Location.GetName]§! impress me with the depth and passion of their faith. I am tempted to convert in secrecy...;Les pèlerins §Y[arcadian_reformed.GetName]§! qui affluent vers le site saint en §Y[Root.Location.GetName]§! m'impressionnent avec la profondeur et la passion de leur foi. Je suis tenté[Root.Get_E] de me convertir en secret...;Die §Y[arcadian_reformed.GetName]istischen§! Pilger in §Y[Root.Location.GetName]§! beeindrucken mich durch die Tiefe und die Leidenschaft ihres Glaubens. Ich bin versucht, heimlich zu konvertieren ...;;Los peregrinos §Y[arcadian_reformed.GetName]§! que acuden en masa al lugar sagrado en §Y[Root.Location.GetName]§! me impresionan con la profundidad y la pasión de su fe. Me tienta convertirme en secreto...;;;;;;;;;x

secret_religious_society_arcadian;[GetReligiousCommunityName_arcadian];[GetReligiousCommunityName_arcadian];[GetReligiousCommunityName_arcadian];;[GetReligiousCommunityName_arcadian];;;;;;;;;x
secret_religious_society_arcadian_desc;[GetReligiousSocietyDesc_arcadian];[GetReligiousSocietyDesc_arcadian];[GetReligiousSocietyDesc_arcadian];;[GetReligiousSocietyDesc_arcadian];;;;;;;;;x
secret_religious_society_arcadian_currency;Devotion;Dévotion;Hingabe;;Devoción;;;;;;;;;x
secret_religious_society_arcadian_leader_desc;[GetSocietyLeaderDesc];[GetSocietyLeaderDesc];[GetSocietyLeaderDesc];;[GetSocietyLeaderDesc];;;;;;;;;x
alt_start_community_name_arcadian;The [arcadian.GetName] Faithful;Fidèles [arcadian.GetName]s;Die [arcadian.GetName]en Gläubigen;;Creyentes [arcadian.GetName]s;;;;;;;;;x
secretly_convert_to_arcadian_holy_site;Secretly Convert to [arcadian.GetName];Adopter en secret la foi [arcadian.GetName];Heimlich zum [arcadian.GetName] Glauben konvertieren;;Convertirse en secreto a la religión [arcadian.GetName];;;;;;;;;x
secretly_convert_to_arcadian_holy_site_desc;The §Y[arcadian.GetName]§! pilgrims that flock to the holy site in §Y[Root.Location.GetName]§! impress me with the depth and passion of their faith. I am tempted to convert in secrecy...;Les pèlerins §Y[arcadian.GetName]§! qui affluent vers le site saint en §Y[Root.Location.GetName]§! m'impressionnent avec la profondeur et la passion de leur foi. Je suis tenté[Root.Get_E] de me convertir en secret...;Die §Y[arcadian.GetName]istischen§! Pilger in §Y[Root.Location.GetName]§! beeindrucken mich durch die Tiefe und die Leidenschaft ihres Glaubens. Ich bin versucht, heimlich zu konvertieren ...;;Los peregrinos §Y[arcadian.GetName]§! que acuden en masa al lugar sagrado en §Y[Root.Location.GetName]§! me impresionan con la profundidad y la pasión de su fe. Me tienta convertirme en secreto...;;;;;;;;;x

secret_religious_society_inuit_pagan;[GetReligiousCommunityName_inuit_pagan];[GetReligiousCommunityName_inuit_pagan];[GetReligiousCommunityName_inuit_pagan];;[GetReligiousCommunityName_inuit_pagan];;;;;;;;;x
secret_religious_society_inuit_pagan_desc;[GetReligiousSocietyDesc_inuit_pagan];[GetReligiousSocietyDesc_inuit_pagan];[GetReligiousSocietyDesc_inuit_pagan];;[GetReligiousSocietyDesc_inuit_pagan];;;;;;;;;x
secret_religious_society_inuit_pagan_currency;Devotion;Dévotion;Hingabe;;Devoción;;;;;;;;;x
secret_religious_society_inuit_pagan_leader_desc;[GetSocietyLeaderDesc];[GetSocietyLeaderDesc];[GetSocietyLeaderDesc];;[GetSocietyLeaderDesc];;;;;;;;;x
alt_start_community_name_inuit_pagan;The [inuit_pagan.GetName] Faithful;Fidèles [inuit_pagan.GetName]s;Die [inuit_pagan.GetName]en Gläubigen;;Creyentes [inuit_pagan.GetName]s;;;;;;;;;x
secretly_convert_to_inuit_pagan_holy_site;Secretly Convert to [inuit_pagan.GetName];Adopter en secret la foi [inuit_pagan.GetName];Heimlich zum [inuit_pagan.GetName] Glauben konvertieren;;Convertirse en secreto a la religión [inuit_pagan.GetName];;;;;;;;;x
secretly_convert_to_inuit_pagan_holy_site_desc;The §Y[inuit_pagan.GetName]§! pilgrims that flock to the holy site in §Y[Root.Location.GetName]§! impress me with the depth and passion of their faith. I am tempted to convert in secrecy...;Les pèlerins §Y[inuit_pagan.GetName]§! qui affluent vers le site saint en §Y[Root.Location.GetName]§! m'impressionnent avec la profondeur et la passion de leur foi. Je suis tenté[Root.Get_E] de me convertir en secret...;Die §Y[inuit_pagan.GetName]istischen§! Pilger in §Y[Root.Location.GetName]§! beeindrucken mich durch die Tiefe und die Leidenschaft ihres Glaubens. Ich bin versucht, heimlich zu konvertieren ...;;Los peregrinos §Y[inuit_pagan.GetName]§! que acuden en masa al lugar sagrado en §Y[Root.Location.GetName]§! me impresionan con la profundidad y la pasión de su fe. Me tienta convertirme en secreto...;;;;;;;;;x

secret_religious_society_inuit_pagan_reformed;[GetReligiousCommunityName_inuit_pagan_reformed];[GetReligiousCommunityName_inuit_pagan_reformed];[GetReligiousCommunityName_inuit_pagan_reformed];;[GetReligiousCommunityName_inuit_pagan_reformed];;;;;;;;;x
secret_religious_society_inuit_pagan_reformed_desc;[GetReligiousSocietyDesc_inuit_pagan_reformed];[GetReligiousSocietyDesc_inuit_pagan_reformed];[GetReligiousSocietyDesc_inuit_pagan_reformed];;[GetReligiousSocietyDesc_inuit_pagan_reformed];;;;;;;;;x
secret_religious_society_inuit_pagan_reformed_currency;Devotion;Dévotion;Hingabe;;Devoción;;;;;;;;;x
secret_religious_society_inuit_pagan_reformed_leader_desc;[GetSocietyLeaderDesc];[GetSocietyLeaderDesc];[GetSocietyLeaderDesc];;[GetSocietyLeaderDesc];;;;;;;;;x
alt_start_community_name_inuit_pagan_reformed;The [inuit_pagan_reformed.GetName] Faithful;Fidèles [inuit_pagan_reformed.GetName]s;Die [inuit_pagan_reformed.GetName]en Gläubigen;;Creyentes [inuit_pagan_reformed.GetName]s;;;;;;;;;x
secretly_convert_to_inuit_pagan_reformed_holy_site;Secretly Convert to [inuit_pagan_reformed.GetName];Adopter en secret la foi [inuit_pagan_reformed.GetName];Heimlich zum [inuit_pagan_reformed.GetName] Glauben konvertieren;;Convertirse en secreto a la religión [inuit_pagan_reformed.GetName];;;;;;;;;x
secretly_convert_to_inuit_pagan_reformed_holy_site_desc;The §Y[inuit_pagan_reformed.GetName]§! pilgrims that flock to the holy site in §Y[Root.Location.GetName]§! impress me with the depth and passion of their faith. I am tempted to convert in secrecy...;Les pèlerins §Y[inuit_pagan_reformed.GetName]§! qui affluent vers le site saint en §Y[Root.Location.GetName]§! m'impressionnent avec la profondeur et la passion de leur foi. Je suis tenté[Root.Get_E] de me convertir en secret...;Die §Y[inuit_pagan_reformed.GetName]istischen§! Pilger in §Y[Root.Location.GetName]§! beeindrucken mich durch die Tiefe und die Leidenschaft ihres Glaubens. Ich bin versucht, heimlich zu konvertieren ...;;Los peregrinos §Y[inuit_pagan_reformed.GetName]§! que acuden en masa al lugar sagrado en §Y[Root.Location.GetName]§! me impresionan con la profundidad y la pasión de su fe. Me tienta convertirme en secreto...;;;;;;;;;x

secret_religious_society_columbian;[GetReligiousCommunityName_columbian];[GetReligiousCommunityName_columbian];[GetReligiousCommunityName_columbian];;[GetReligiousCommunityName_columbian];;;;;;;;;x
secret_religious_society_columbian_desc;[GetReligiousSocietyDesc_columbian];[GetReligiousSocietyDesc_columbian];[GetReligiousSocietyDesc_columbian];;[GetReligiousSocietyDesc_columbian];;;;;;;;;x
secret_religious_society_columbian_currency;Devotion;Dévotion;Hingabe;;Devoción;;;;;;;;;x
secret_religious_society_columbian_leader_desc;[GetSocietyLeaderDesc];[GetSocietyLeaderDesc];[GetSocietyLeaderDesc];;[GetSocietyLeaderDesc];;;;;;;;;x
alt_start_community_name_columbian;The [columbian.GetName] Faithful;Fidèles [columbian.GetName]s;Die [columbian.GetName]en Gläubigen;;Creyentes [columbian.GetName]s;;;;;;;;;x
secretly_convert_to_columbian_holy_site;Secretly Convert to [columbian.GetName];Adopter en secret la foi [columbian.GetName];Heimlich zum [columbian.GetName] Glauben konvertieren;;Convertirse en secreto a la religión [columbian.GetName];;;;;;;;;x
secretly_convert_to_columbian_holy_site_desc;The §Y[columbian.GetName]§! pilgrims that flock to the holy site in §Y[Root.Location.GetName]§! impress me with the depth and passion of their faith. I am tempted to convert in secrecy...;Les pèlerins §Y[columbian.GetName]§! qui affluent vers le site saint en §Y[Root.Location.GetName]§! m'impressionnent avec la profondeur et la passion de leur foi. Je suis tenté[Root.Get_E] de me convertir en secret...;Die §Y[columbian.GetName]istischen§! Pilger in §Y[Root.Location.GetName]§! beeindrucken mich durch die Tiefe und die Leidenschaft ihres Glaubens. Ich bin versucht, heimlich zu konvertieren ...;;Los peregrinos §Y[columbian.GetName]§! que acuden en masa al lugar sagrado en §Y[Root.Location.GetName]§! me impresionan con la profundidad y la pasión de su fe. Me tienta convertirme en secreto...;;;;;;;;;x

secret_religious_society_sedevacantist;[GetReligiousCommunityName_sedevacantist];[GetReligiousCommunityName_sedevacantist];[GetReligiousCommunityName_sedevacantist];;[GetReligiousCommunityName_sedevacantist];;;;;;;;;x
secret_religious_society_sedevacantist_desc;[GetReligiousSocietyDesc_sedevacantist];[GetReligiousSocietyDesc_sedevacantist];[GetReligiousSocietyDesc_sedevacantist];;[GetReligiousSocietyDesc_sedevacantist];;;;;;;;;x
secret_religious_society_sedevacantist_currency;Devotion;Dévotion;Hingabe;;Devoción;;;;;;;;;x
secret_religious_society_sedevacantist_leader_desc;[GetSocietyLeaderDesc];[GetSocietyLeaderDesc];[GetSocietyLeaderDesc];;[GetSocietyLeaderDesc];;;;;;;;;x
alt_start_community_name_sedevacantist;The [sedevacantist.GetName] Faithful;Fidèles [sedevacantist.GetName]s;Die [sedevacantist.GetName]en Gläubigen;;Creyentes [sedevacantist.GetName]s;;;;;;;;;x
secretly_convert_to_sedevacantist_holy_site;Secretly Convert to [sedevacantist.GetName];Adopter en secret la foi [sedevacantist.GetName];Heimlich zum [sedevacantist.GetName] Glauben konvertieren;;Convertirse en secreto a la religión [sedevacantist.GetName];;;;;;;;;x
secretly_convert_to_sedevacantist_holy_site_desc;The §Y[sedevacantist.GetName]§! pilgrims that flock to the holy site in §Y[Root.Location.GetName]§! impress me with the depth and passion of their faith. I am tempted to convert in secrecy...;Les pèlerins §Y[sedevacantist.GetName]§! qui affluent vers le site saint en §Y[Root.Location.GetName]§! m'impressionnent avec la profondeur et la passion de leur foi. Je suis tenté[Root.Get_E] de me convertir en secret...;Die §Y[sedevacantist.GetName]istischen§! Pilger in §Y[Root.Location.GetName]§! beeindrucken mich durch die Tiefe und die Leidenschaft ihres Glaubens. Ich bin versucht, heimlich zu konvertieren ...;;Los peregrinos §Y[sedevacantist.GetName]§! que acuden en masa al lugar sagrado en §Y[Root.Location.GetName]§! me impresionan con la profundidad y la pasión de su fe. Me tienta convertirme en secreto...;;;;;;;;;x

secret_religious_society_ultramontain;[GetReligiousCommunityName_ultramontain];[GetReligiousCommunityName_ultramontain];[GetReligiousCommunityName_ultramontain];;[GetReligiousCommunityName_ultramontain];;;;;;;;;x
secret_religious_society_ultramontain_desc;[GetReligiousSocietyDesc_ultramontain];[GetReligiousSocietyDesc_ultramontain];[GetReligiousSocietyDesc_ultramontain];;[GetReligiousSocietyDesc_ultramontain];;;;;;;;;x
secret_religious_society_ultramontain_currency;Devotion;Dévotion;Hingabe;;Devoción;;;;;;;;;x
secret_religious_society_ultramontain_leader_desc;[GetSocietyLeaderDesc];[GetSocietyLeaderDesc];[GetSocietyLeaderDesc];;[GetSocietyLeaderDesc];;;;;;;;;x
alt_start_community_name_ultramontain;The [ultramontain.GetName] Faithful;Fidèles [ultramontain.GetName]s;Die [ultramontain.GetName]en Gläubigen;;Creyentes [ultramontain.GetName]s;;;;;;;;;x
secretly_convert_to_ultramontain_holy_site;Secretly Convert to [ultramontain.GetName];Adopter en secret la foi [ultramontain.GetName];Heimlich zum [ultramontain.GetName] Glauben konvertieren;;Convertirse en secreto a la religión [ultramontain.GetName];;;;;;;;;x
secretly_convert_to_ultramontain_holy_site_desc;The §Y[ultramontain.GetName]§! pilgrims that flock to the holy site in §Y[Root.Location.GetName]§! impress me with the depth and passion of their faith. I am tempted to convert in secrecy...;Les pèlerins §Y[ultramontain.GetName]§! qui affluent vers le site saint en §Y[Root.Location.GetName]§! m'impressionnent avec la profondeur et la passion de leur foi. Je suis tenté[Root.Get_E] de me convertir en secret...;Die §Y[ultramontain.GetName]istischen§! Pilger in §Y[Root.Location.GetName]§! beeindrucken mich durch die Tiefe und die Leidenschaft ihres Glaubens. Ich bin versucht, heimlich zu konvertieren ...;;Los peregrinos §Y[ultramontain.GetName]§! que acuden en masa al lugar sagrado en §Y[Root.Location.GetName]§! me impresionan con la profundidad y la pasión de su fe. Me tienta convertirme en secreto...;;;;;;;;;x


secret_religious_society_marblists;[GetReligiousCommunityName_marblists];[GetReligiousCommunityName_marblists];[GetReligiousCommunityName_marblists];;[GetReligiousCommunityName_marblists];;;;;;;;;x
secret_religious_society_marblists_desc;[GetReligiousSocietyDesc_marblists];[GetReligiousSocietyDesc_marblists];[GetReligiousSocietyDesc_marblists];;[GetReligiousSocietyDesc_marblists];;;;;;;;;x
secret_religious_society_marblists_currency;Devotion;Dévotion;Hingabe;;Devoción;;;;;;;;;x
secret_religious_society_marblists_leader_desc;[GetSocietyLeaderDesc];[GetSocietyLeaderDesc];[GetSocietyLeaderDesc];;[GetSocietyLeaderDesc];;;;;;;;;x
alt_start_community_name_marblists;The [marblists.GetName] Faithful;Fidèles [marblists.GetName]s;Die [marblists.GetName]en Gläubigen;;Creyentes [marblists.GetName]s;;;;;;;;;x
secretly_convert_to_marblists_holy_site;Secretly Convert to [marblists.GetName];Adopter en secret la foi [marblists.GetName];Heimlich zum [marblists.GetName] Glauben konvertieren;;Convertirse en secreto a la religión [marblists.GetName];;;;;;;;;x
secretly_convert_to_marblists_holy_site_desc;The §Y[marblists.GetName]§! pilgrims that flock to the holy site in §Y[Root.Location.GetName]§! impress me with the depth and passion of their faith. I am tempted to convert in secrecy...;Les pèlerins §Y[marblists.GetName]§! qui affluent vers le site saint en §Y[Root.Location.GetName]§! m'impressionnent avec la profondeur et la passion de leur foi. Je suis tenté[Root.Get_E] de me convertir en secret...;Die §Y[marblists.GetName]istischen§! Pilger in §Y[Root.Location.GetName]§! beeindrucken mich durch die Tiefe und die Leidenschaft ihres Glaubens. Ich bin versucht, heimlich zu konvertieren ...;;Los peregrinos §Y[marblists.GetName]§! que acuden en masa al lugar sagrado en §Y[Root.Location.GetName]§! me impresionan con la profundidad y la pasión de su fe. Me tienta convertirme en secreto...;;;;;;;;;x

secret_religious_society_thaddean;[GetReligiousCommunityName_thaddean];[GetReligiousCommunityName_thaddean];[GetReligiousCommunityName_thaddean];;[GetReligiousCommunityName_thaddean];;;;;;;;;x
secret_religious_society_thaddean_desc;[GetReligiousSocietyDesc_thaddean];[GetReligiousSocietyDesc_thaddean];[GetReligiousSocietyDesc_thaddean];;[GetReligiousSocietyDesc_thaddean];;;;;;;;;x
secret_religious_society_thaddean_currency;Devotion;Dévotion;Hingabe;;Devoción;;;;;;;;;x
secret_religious_society_thaddean_leader_desc;[GetSocietyLeaderDesc];[GetSocietyLeaderDesc];[GetSocietyLeaderDesc];;[GetSocietyLeaderDesc];;;;;;;;;x
alt_start_community_name_thaddean;The [thaddean.GetName] Faithful;Fidèles [thaddean.GetName]s;Die [thaddean.GetName]en Gläubigen;;Creyentes [thaddean.GetName]s;;;;;;;;;x
secretly_convert_to_thaddean_holy_site;Secretly Convert to [thaddean.GetName];Adopter en secret la foi [thaddean.GetName];Heimlich zum [thaddean.GetName] Glauben konvertieren;;Convertirse en secreto a la religión [thaddean.GetName];;;;;;;;;x
secretly_convert_to_thaddean_holy_site_desc;The §Y[thaddean.GetName]§! pilgrims that flock to the holy site in §Y[Root.Location.GetName]§! impress me with the depth and passion of their faith. I am tempted to convert in secrecy...;Les pèlerins §Y[thaddean.GetName]§! qui affluent vers le site saint en §Y[Root.Location.GetName]§! m'impressionnent avec la profondeur et la passion de leur foi. Je suis tenté[Root.Get_E] de me convertir en secret...;Die §Y[thaddean.GetName]istischen§! Pilger in §Y[Root.Location.GetName]§! beeindrucken mich durch die Tiefe und die Leidenschaft ihres Glaubens. Ich bin versucht, heimlich zu konvertieren ...;;Los peregrinos §Y[thaddean.GetName]§! que acuden en masa al lugar sagrado en §Y[Root.Location.GetName]§! me impresionan con la profundidad y la pasión de su fe. Me tienta convertirme en secreto...;;;;;;;;;x

secret_religious_society_koranist;[GetReligiousCommunityName_koranist];[GetReligiousCommunityName_koranist];[GetReligiousCommunityName_koranist];;[GetReligiousCommunityName_koranist];;;;;;;;;x
secret_religious_society_koranist_desc;[GetReligiousSocietyDesc_koranist];[GetReligiousSocietyDesc_koranist];[GetReligiousSocietyDesc_koranist];;[GetReligiousSocietyDesc_koranist];;;;;;;;;x
secret_religious_society_koranist_currency;Devotion;Dévotion;Hingabe;;Devoción;;;;;;;;;x
secret_religious_society_koranist_leader_desc;[GetSocietyLeaderDesc];[GetSocietyLeaderDesc];[GetSocietyLeaderDesc];;[GetSocietyLeaderDesc];;;;;;;;;x
alt_start_community_name_koranist;The [koranist.GetName] Faithful;Fidèles [koranist.GetName]s;Die [koranist.GetName]en Gläubigen;;Creyentes [koranist.GetName]s;;;;;;;;;x
secretly_convert_to_koranist_holy_site;Secretly Convert to [koranist.GetName];Adopter en secret la foi [koranist.GetName];Heimlich zum [koranist.GetName] Glauben konvertieren;;Convertirse en secreto a la religión [koranist.GetName];;;;;;;;;x
secretly_convert_to_koranist_holy_site_desc;The §Y[koranist.GetName]§! pilgrims that flock to the holy site in §Y[Root.Location.GetName]§! impress me with the depth and passion of their faith. I am tempted to convert in secrecy...;Les pèlerins §Y[koranist.GetName]§! qui affluent vers le site saint en §Y[Root.Location.GetName]§! m'impressionnent avec la profondeur et la passion de leur foi. Je suis tenté[Root.Get_E] de me convertir en secret...;Die §Y[koranist.GetName]istischen§! Pilger in §Y[Root.Location.GetName]§! beeindrucken mich durch die Tiefe und die Leidenschaft ihres Glaubens. Ich bin versucht, heimlich zu konvertieren ...;;Los peregrinos §Y[koranist.GetName]§! que acuden en masa al lugar sagrado en §Y[Root.Location.GetName]§! me impresionan con la profundidad y la pasión de su fe. Me tienta convertirme en secreto...;;;;;;;;;x

secret_religious_society_congregationist;[GetReligiousCommunityName_congregationist];[GetReligiousCommunityName_congregationist];[GetReligiousCommunityName_congregationist];;[GetReligiousCommunityName_congregationist];;;;;;;;;x
secret_religious_society_congregationist_desc;[GetReligiousSocietyDesc_congregationist];[GetReligiousSocietyDesc_congregationist];[GetReligiousSocietyDesc_congregationist];;[GetReligiousSocietyDesc_congregationist];;;;;;;;;x
secret_religious_society_congregationist_currency;Devotion;Dévotion;Hingabe;;Devoción;;;;;;;;;x
secret_religious_society_congregationist_leader_desc;[GetSocietyLeaderDesc];[GetSocietyLeaderDesc];[GetSocietyLeaderDesc];;[GetSocietyLeaderDesc];;;;;;;;;x
alt_start_community_name_congregationist;The [congregationist.GetName] Faithful;Fidèles [congregationist.GetName]s;Die [congregationist.GetName]en Gläubigen;;Creyentes [congregationist.GetName]s;;;;;;;;;x
secretly_convert_to_congregationist_holy_site;Secretly Convert to [congregationist.GetName];Adopter en secret la foi [congregationist.GetName];Heimlich zum [congregationist.GetName] Glauben konvertieren;;Convertirse en secreto a la religión [congregationist.GetName];;;;;;;;;x
secretly_convert_to_congregationist_holy_site_desc;The §Y[congregationist.GetName]§! pilgrims that flock to the holy site in §Y[Root.Location.GetName]§! impress me with the depth and passion of their faith. I am tempted to convert in secrecy...;Les pèlerins §Y[congregationist.GetName]§! qui affluent vers le site saint en §Y[Root.Location.GetName]§! m'impressionnent avec la profondeur et la passion de leur foi. Je suis tenté[Root.Get_E] de me convertir en secret...;Die §Y[congregationist.GetName]istischen§! Pilger in §Y[Root.Location.GetName]§! beeindrucken mich durch die Tiefe und die Leidenschaft ihres Glaubens. Ich bin versucht, heimlich zu konvertieren ...;;Los peregrinos §Y[congregationist.GetName]§! que acuden en masa al lugar sagrado en §Y[Root.Location.GetName]§! me impresionan con la profundidad y la pasión de su fe. Me tienta convertirme en secreto...;;;;;;;;;x

secret_religious_society_federationist;[GetReligiousCommunityName_federationist];[GetReligiousCommunityName_federationist];[GetReligiousCommunityName_federationist];;[GetReligiousCommunityName_federationist];;;;;;;;;x
secret_religious_society_federationist_desc;[GetReligiousSocietyDesc_federationist];[GetReligiousSocietyDesc_federationist];[GetReligiousSocietyDesc_federationist];;[GetReligiousSocietyDesc_federationist];;;;;;;;;x
secret_religious_society_federationist_currency;Devotion;Dévotion;Hingabe;;Devoción;;;;;;;;;x
secret_religious_society_federationist_leader_desc;[GetSocietyLeaderDesc];[GetSocietyLeaderDesc];[GetSocietyLeaderDesc];;[GetSocietyLeaderDesc];;;;;;;;;x
alt_start_community_name_federationist;The [federationist.GetName] Faithful;Fidèles [federationist.GetName]s;Die [federationist.GetName]en Gläubigen;;Creyentes [federationist.GetName]s;;;;;;;;;x
secretly_convert_to_federationist_holy_site;Secretly Convert to [federationist.GetName];Adopter en secret la foi [federationist.GetName];Heimlich zum [federationist.GetName] Glauben konvertieren;;Convertirse en secreto a la religión [federationist.GetName];;;;;;;;;x
secretly_convert_to_federationist_holy_site_desc;The §Y[federationist.GetName]§! pilgrims that flock to the holy site in §Y[Root.Location.GetName]§! impress me with the depth and passion of their faith. I am tempted to convert in secrecy...;Les pèlerins §Y[federationist.GetName]§! qui affluent vers le site saint en §Y[Root.Location.GetName]§! m'impressionnent avec la profondeur et la passion de leur foi. Je suis tenté[Root.Get_E] de me convertir en secret...;Die §Y[federationist.GetName]istischen§! Pilger in §Y[Root.Location.GetName]§! beeindrucken mich durch die Tiefe und die Leidenschaft ihres Glaubens. Ich bin versucht, heimlich zu konvertieren ...;;Los peregrinos §Y[federationist.GetName]§! que acuden en masa al lugar sagrado en §Y[Root.Location.GetName]§! me impresionan con la profundidad y la pasión de su fe. Me tienta convertirme en secreto...;;;;;;;;;x

secret_religious_society_navayana;[GetReligiousCommunityName_navayana];[GetReligiousCommunityName_navayana];[GetReligiousCommunityName_navayana];;[GetReligiousCommunityName_navayana];;;;;;;;;x
secret_religious_society_navayana_desc;[GetReligiousSocietyDesc_navayana];[GetReligiousSocietyDesc_navayana];[GetReligiousSocietyDesc_navayana];;[GetReligiousSocietyDesc_navayana];;;;;;;;;x
secret_religious_society_navayana_currency;Devotion;Dévotion;Hingabe;;Devoción;;;;;;;;;x
secret_religious_society_navayana_leader_desc;[GetSocietyLeaderDesc];[GetSocietyLeaderDesc];[GetSocietyLeaderDesc];;[GetSocietyLeaderDesc];;;;;;;;;x
alt_start_community_name_navayana;The [navayana.GetName] Faithful;Fidèles [navayana.GetName]s;Die [navayana.GetName]en Gläubigen;;Creyentes [navayana.GetName]s;;;;;;;;;x
secretly_convert_to_navayana_holy_site;Secretly Convert to [navayana.GetName];Adopter en secret la foi [navayana.GetName];Heimlich zum [navayana.GetName] Glauben konvertieren;;Convertirse en secreto a la religión [navayana.GetName];;;;;;;;;x
secretly_convert_to_navayana_holy_site_desc;The §Y[navayana.GetName]§! pilgrims that flock to the holy site in §Y[Root.Location.GetName]§! impress me with the depth and passion of their faith. I am tempted to convert in secrecy...;Les pèlerins §Y[navayana.GetName]§! qui affluent vers le site saint en §Y[Root.Location.GetName]§! m'impressionnent avec la profondeur et la passion de leur foi. Je suis tenté[Root.Get_E] de me convertir en secret...;Die §Y[navayana.GetName]istischen§! Pilger in §Y[Root.Location.GetName]§! beeindrucken mich durch die Tiefe und die Leidenschaft ihres Glaubens. Ich bin versucht, heimlich zu konvertieren ...;;Los peregrinos §Y[navayana.GetName]§! que acuden en masa al lugar sagrado en §Y[Root.Location.GetName]§! me impresionan con la profundidad y la pasión de su fe. Me tienta convertirme en secreto...;;;;;;;;;x

secret_religious_society_nousthreskeia;[GetReligiousCommunityName_nousthreskeia];[GetReligiousCommunityName_nousthreskeia];[GetReligiousCommunityName_nousthreskeia];;[GetReligiousCommunityName_nousthreskeia];;;;;;;;;x
secret_religious_society_nousthreskeia_desc;[GetReligiousSocietyDesc_nousthreskeia];[GetReligiousSocietyDesc_nousthreskeia];[GetReligiousSocietyDesc_nousthreskeia];;[GetReligiousSocietyDesc_nousthreskeia];;;;;;;;;x
secret_religious_society_nousthreskeia_currency;Devotion;Dévotion;Hingabe;;Devoción;;;;;;;;;x
secret_religious_society_nousthreskeia_leader_desc;[GetSocietyLeaderDesc];[GetSocietyLeaderDesc];[GetSocietyLeaderDesc];;[GetSocietyLeaderDesc];;;;;;;;;x
alt_start_community_name_nousthreskeia;The [nousthreskeia.GetName] Faithful;Fidèles [nousthreskeia.GetName]s;Die [nousthreskeia.GetName]en Gläubigen;;Creyentes [nousthreskeia.GetName]s;;;;;;;;;x
secretly_convert_to_nousthreskeia_holy_site;Secretly Convert to [nousthreskeia.GetName];Adopter en secret la foi [nousthreskeia.GetName];Heimlich zum [nousthreskeia.GetName] Glauben konvertieren;;Convertirse en secreto a la religión [nousthreskeia.GetName];;;;;;;;;x
secretly_convert_to_nousthreskeia_holy_site_desc;The §Y[nousthreskeia.GetName]§! pilgrims that flock to the holy site in §Y[Root.Location.GetName]§! impress me with the depth and passion of their faith. I am tempted to convert in secrecy...;Les pèlerins §Y[nousthreskeia.GetName]§! qui affluent vers le site saint en §Y[Root.Location.GetName]§! m'impressionnent avec la profondeur et la passion de leur foi. Je suis tenté[Root.Get_E] de me convertir en secret...;Die §Y[nousthreskeia.GetName]istischen§! Pilger in §Y[Root.Location.GetName]§! beeindrucken mich durch die Tiefe und die Leidenschaft ihres Glaubens. Ich bin versucht, heimlich zu konvertieren ...;;Los peregrinos §Y[nousthreskeia.GetName]§! que acuden en masa al lugar sagrado en §Y[Root.Location.GetName]§! me impresionan con la profundidad y la pasión de su fe. Me tienta convertirme en secreto...;;;;;;;;;x

secret_religious_society_brethren;[GetReligiousCommunityName_brethren];[GetReligiousCommunityName_brethren];[GetReligiousCommunityName_brethren];;[GetReligiousCommunityName_brethren];;;;;;;;;x
secret_religious_society_brethren_desc;[GetReligiousSocietyDesc_brethren];[GetReligiousSocietyDesc_brethren];[GetReligiousSocietyDesc_brethren];;[GetReligiousSocietyDesc_brethren];;;;;;;;;x
secret_religious_society_brethren_currency;Devotion;Dévotion;Hingabe;;Devoción;;;;;;;;;x
secret_religious_society_brethren_leader_desc;[GetSocietyLeaderDesc];[GetSocietyLeaderDesc];[GetSocietyLeaderDesc];;[GetSocietyLeaderDesc];;;;;;;;;x
alt_start_community_name_brethren;The [brethren.GetName] Faithful;Fidèles [brethren.GetName]s;Die [brethren.GetName]en Gläubigen;;Creyentes [brethren.GetName]s;;;;;;;;;x
secretly_convert_to_brethren_holy_site;Secretly Convert to [brethren.GetName];Adopter en secret la foi [brethren.GetName];Heimlich zum [brethren.GetName] Glauben konvertieren;;Convertirse en secreto a la religión [brethren.GetName];;;;;;;;;x
secretly_convert_to_brethren_holy_site_desc;The §Y[brethren.GetName]§! pilgrims that flock to the holy site in §Y[Root.Location.GetName]§! impress me with the depth and passion of their faith. I am tempted to convert in secrecy...;Les pèlerins §Y[brethren.GetName]§! qui affluent vers le site saint en §Y[Root.Location.GetName]§! m'impressionnent avec la profondeur et la passion de leur foi. Je suis tenté[Root.Get_E] de me convertir en secret...;Die §Y[brethren.GetName]istischen§! Pilger in §Y[Root.Location.GetName]§! beeindrucken mich durch die Tiefe und die Leidenschaft ihres Glaubens. Ich bin versucht, heimlich zu konvertieren ...;;Los peregrinos §Y[brethren.GetName]§! que acuden en masa al lugar sagrado en §Y[Root.Location.GetName]§! me impresionan con la profundidad y la pasión de su fe. Me tienta convertirme en secreto...;;;;;;;;;x

secret_religious_society_buccaneer;[GetReligiousCommunityName_buccaneer];[GetReligiousCommunityName_buccaneer];[GetReligiousCommunityName_buccaneer];;[GetReligiousCommunityName_buccaneer];;;;;;;;;x
secret_religious_society_buccaneer_desc;[GetReligiousSocietyDesc_buccaneer];[GetReligiousSocietyDesc_buccaneer];[GetReligiousSocietyDesc_buccaneer];;[GetReligiousSocietyDesc_buccaneer];;;;;;;;;x
secret_religious_society_buccaneer_currency;Devotion;Dévotion;Hingabe;;Devoción;;;;;;;;;x
secret_religious_society_buccaneer_leader_desc;[GetSocietyLeaderDesc];[GetSocietyLeaderDesc];[GetSocietyLeaderDesc];;[GetSocietyLeaderDesc];;;;;;;;;x
alt_start_community_name_buccaneer;The [buccaneer.GetName] Faithful;Fidèles [buccaneer.GetName]s;Die [buccaneer.GetName]en Gläubigen;;Creyentes [buccaneer.GetName]s;;;;;;;;;x
secretly_convert_to_buccaneer_holy_site;Secretly Convert to [buccaneer.GetName];Adopter en secret la foi [buccaneer.GetName];Heimlich zum [buccaneer.GetName] Glauben konvertieren;;Convertirse en secreto a la religión [buccaneer.GetName];;;;;;;;;x
secretly_convert_to_buccaneer_holy_site_desc;The §Y[buccaneer.GetName]§! pilgrims that flock to the holy site in §Y[Root.Location.GetName]§! impress me with the depth and passion of their faith. I am tempted to convert in secrecy...;Les pèlerins §Y[buccaneer.GetName]§! qui affluent vers le site saint en §Y[Root.Location.GetName]§! m'impressionnent avec la profondeur et la passion de leur foi. Je suis tenté[Root.Get_E] de me convertir en secret...;Die §Y[buccaneer.GetName]istischen§! Pilger in §Y[Root.Location.GetName]§! beeindrucken mich durch die Tiefe und die Leidenschaft ihres Glaubens. Ich bin versucht, heimlich zu konvertieren ...;;Los peregrinos §Y[buccaneer.GetName]§! que acuden en masa al lugar sagrado en §Y[Root.Location.GetName]§! me impresionan con la profundidad y la pasión de su fe. Me tienta convertirme en secreto...;;;;;;;;;x

secret_religious_society_east_brethren;[GetReligiousCommunityName_east_brethren];[GetReligiousCommunityName_east_brethren];[GetReligiousCommunityName_east_brethren];;[GetReligiousCommunityName_east_brethren];;;;;;;;;x
secret_religious_society_east_brethren_desc;[GetReligiousSocietyDesc_east_brethren];[GetReligiousSocietyDesc_east_brethren];[GetReligiousSocietyDesc_east_brethren];;[GetReligiousSocietyDesc_east_brethren];;;;;;;;;x
secret_religious_society_east_brethren_currency;Devotion;Dévotion;Hingabe;;Devoción;;;;;;;;;x
secret_religious_society_east_brethren_leader_desc;[GetSocietyLeaderDesc];[GetSocietyLeaderDesc];[GetSocietyLeaderDesc];;[GetSocietyLeaderDesc];;;;;;;;;x
alt_start_community_name_east_brethren;The [east_brethren.GetName] Faithful;Fidèles [east_brethren.GetName]s;Die [east_brethren.GetName]en Gläubigen;;Creyentes [east_brethren.GetName]s;;;;;;;;;x
secretly_convert_to_east_brethren_holy_site;Secretly Convert to [east_brethren.GetName];Adopter en secret la foi [east_brethren.GetName];Heimlich zum [east_brethren.GetName] Glauben konvertieren;;Convertirse en secreto a la religión [east_brethren.GetName];;;;;;;;;x
secretly_convert_to_east_brethren_holy_site_desc;The §Y[east_brethren.GetName]§! pilgrims that flock to the holy site in §Y[Root.Location.GetName]§! impress me with the depth and passion of their faith. I am tempted to convert in secrecy...;Les pèlerins §Y[east_brethren.GetName]§! qui affluent vers le site saint en §Y[Root.Location.GetName]§! m'impressionnent avec la profondeur et la passion de leur foi. Je suis tenté[Root.Get_E] de me convertir en secret...;Die §Y[east_brethren.GetName]istischen§! Pilger in §Y[Root.Location.GetName]§! beeindrucken mich durch die Tiefe und die Leidenschaft ihres Glaubens. Ich bin versucht, heimlich zu konvertieren ...;;Los peregrinos §Y[east_brethren.GetName]§! que acuden en masa al lugar sagrado en §Y[Root.Location.GetName]§! me impresionan con la profundidad y la pasión de su fe. Me tienta convertirme en secreto...;;;;;;;;;x

secret_religious_society_rastafari;[GetReligiousCommunityName_rastafari];[GetReligiousCommunityName_rastafari];[GetReligiousCommunityName_rastafari];;[GetReligiousCommunityName_rastafari];;;;;;;;;x
secret_religious_society_rastafari_desc;[GetReligiousSocietyDesc_rastafari];[GetReligiousSocietyDesc_rastafari];[GetReligiousSocietyDesc_rastafari];;[GetReligiousSocietyDesc_rastafari];;;;;;;;;x
secret_religious_society_rastafari_currency;Devotion;Dévotion;Hingabe;;Devoción;;;;;;;;;x
secret_religious_society_rastafari_leader_desc;[GetSocietyLeaderDesc];[GetSocietyLeaderDesc];[GetSocietyLeaderDesc];;[GetSocietyLeaderDesc];;;;;;;;;x
alt_start_community_name_rastafari;The [rastafari.GetName] Faithful;Fidèles [rastafari.GetName]s;Die [rastafari.GetName]en Gläubigen;;Creyentes [rastafari.GetName]s;;;;;;;;;x
secretly_convert_to_rastafari_holy_site;Secretly Convert to [rastafari.GetName];Adopter en secret la foi [rastafari.GetName];Heimlich zum [rastafari.GetName] Glauben konvertieren;;Convertirse en secreto a la religión [rastafari.GetName];;;;;;;;;x
secretly_convert_to_rastafari_holy_site_desc;The §Y[rastafari.GetName]§! pilgrims that flock to the holy site in §Y[Root.Location.GetName]§! impress me with the depth and passion of their faith. I am tempted to convert in secrecy...;Les pèlerins §Y[rastafari.GetName]§! qui affluent vers le site saint en §Y[Root.Location.GetName]§! m'impressionnent avec la profondeur et la passion de leur foi. Je suis tenté[Root.Get_E] de me convertir en secret...;Die §Y[rastafari.GetName]istischen§! Pilger in §Y[Root.Location.GetName]§! beeindrucken mich durch die Tiefe und die Leidenschaft ihres Glaubens. Ich bin versucht, heimlich zu konvertieren ...;;Los peregrinos §Y[rastafari.GetName]§! que acuden en masa al lugar sagrado en §Y[Root.Location.GetName]§! me impresionan con la profundidad y la pasión de su fe. Me tienta convertirme en secreto...;;;;;;;;;x

secret_religious_society_voodun;[GetReligiousCommunityName_voodun];[GetReligiousCommunityName_voodun];[GetReligiousCommunityName_voodun];;[GetReligiousCommunityName_voodun];;;;;;;;;x
secret_religious_society_voodun_desc;[GetReligiousSocietyDesc_voodun];[GetReligiousSocietyDesc_voodun];[GetReligiousSocietyDesc_voodun];;[GetReligiousSocietyDesc_voodun];;;;;;;;;x
secret_religious_society_voodun_currency;Devotion;Dévotion;Hingabe;;Devoción;;;;;;;;;x
secret_religious_society_voodun_leader_desc;[GetSocietyLeaderDesc];[GetSocietyLeaderDesc];[GetSocietyLeaderDesc];;[GetSocietyLeaderDesc];;;;;;;;;x
alt_start_community_name_voodun;The [voodun.GetName] Faithful;Fidèles [voodun.GetName]s;Die [voodun.GetName]en Gläubigen;;Creyentes [voodun.GetName]s;;;;;;;;;x
secretly_convert_to_voodun_holy_site;Secretly Convert to [voodun.GetName];Adopter en secret la foi [voodun.GetName];Heimlich zum [voodun.GetName] Glauben konvertieren;;Convertirse en secreto a la religión [voodun.GetName];;;;;;;;;x
secretly_convert_to_voodun_holy_site_desc;The §Y[voodun.GetName]§! pilgrims that flock to the holy site in §Y[Root.Location.GetName]§! impress me with the depth and passion of their faith. I am tempted to convert in secrecy...;Les pèlerins §Y[voodun.GetName]§! qui affluent vers le site saint en §Y[Root.Location.GetName]§! m'impressionnent avec la profondeur et la passion de leur foi. Je suis tenté[Root.Get_E] de me convertir en secret...;Die §Y[voodun.GetName]istischen§! Pilger in §Y[Root.Location.GetName]§! beeindrucken mich durch die Tiefe und die Leidenschaft ihres Glaubens. Ich bin versucht, heimlich zu konvertieren ...;;Los peregrinos §Y[voodun.GetName]§! que acuden en masa al lugar sagrado en §Y[Root.Location.GetName]§! me impresionan con la profundidad y la pasión de su fe. Me tienta convertirme en secreto...;;;;;;;;;x

secret_religious_society_haiti_voodoo;[GetReligiousCommunityName_haiti_voodoo];[GetReligiousCommunityName_haiti_voodoo];[GetReligiousCommunityName_haiti_voodoo];;[GetReligiousCommunityName_haiti_voodoo];;;;;;;;;x
secret_religious_society_haiti_voodoo_desc;[GetReligiousSocietyDesc_haiti_voodoo];[GetReligiousSocietyDesc_haiti_voodoo];[GetReligiousSocietyDesc_haiti_voodoo];;[GetReligiousSocietyDesc_haiti_voodoo];;;;;;;;;x
secret_religious_society_haiti_voodoo_currency;Devotion;Dévotion;Hingabe;;Devoción;;;;;;;;;x
secret_religious_society_haiti_voodoo_leader_desc;[GetSocietyLeaderDesc];[GetSocietyLeaderDesc];[GetSocietyLeaderDesc];;[GetSocietyLeaderDesc];;;;;;;;;x
alt_start_community_name_haiti_voodoo;The [haiti_voodoo.GetName] Faithful;Fidèles [haiti_voodoo.GetName]s;Die [haiti_voodoo.GetName]en Gläubigen;;Creyentes [haiti_voodoo.GetName]s;;;;;;;;;x
secretly_convert_to_haiti_voodoo_holy_site;Secretly Convert to [haiti_voodoo.GetName];Adopter en secret la foi [haiti_voodoo.GetName];Heimlich zum [haiti_voodoo.GetName] Glauben konvertieren;;Convertirse en secreto a la religión [haiti_voodoo.GetName];;;;;;;;;x
secretly_convert_to_haiti_voodoo_holy_site_desc;The §Y[haiti_voodoo.GetName]§! pilgrims that flock to the holy site in §Y[Root.Location.GetName]§! impress me with the depth and passion of their faith. I am tempted to convert in secrecy...;Les pèlerins §Y[haiti_voodoo.GetName]§! qui affluent vers le site saint en §Y[Root.Location.GetName]§! m'impressionnent avec la profondeur et la passion de leur foi. Je suis tenté[Root.Get_E] de me convertir en secret...;Die §Y[haiti_voodoo.GetName]istischen§! Pilger in §Y[Root.Location.GetName]§! beeindrucken mich durch die Tiefe und die Leidenschaft ihres Glaubens. Ich bin versucht, heimlich zu konvertieren ...;;Los peregrinos §Y[haiti_voodoo.GetName]§! que acuden en masa al lugar sagrado en §Y[Root.Location.GetName]§! me impresionan con la profundidad y la pasión de su fe. Me tienta convertirme en secreto...;;;;;;;;;x

secret_religious_society_hoodoo;[GetReligiousCommunityName_hoodoo];[GetReligiousCommunityName_hoodoo];[GetReligiousCommunityName_hoodoo];;[GetReligiousCommunityName_hoodoo];;;;;;;;;x
secret_religious_society_hoodoo_desc;[GetReligiousSocietyDesc_hoodoo];[GetReligiousSocietyDesc_hoodoo];[GetReligiousSocietyDesc_hoodoo];;[GetReligiousSocietyDesc_hoodoo];;;;;;;;;x
secret_religious_society_hoodoo_currency;Devotion;Dévotion;Hingabe;;Devoción;;;;;;;;;x
secret_religious_society_hoodoo_leader_desc;[GetSocietyLeaderDesc];[GetSocietyLeaderDesc];[GetSocietyLeaderDesc];;[GetSocietyLeaderDesc];;;;;;;;;x
alt_start_community_name_hoodoo;The [hoodoo.GetName] Faithful;Fidèles [hoodoo.GetName]s;Die [hoodoo.GetName]en Gläubigen;;Creyentes [hoodoo.GetName]s;;;;;;;;;x
secretly_convert_to_hoodoo_holy_site;Secretly Convert to [hoodoo.GetName];Adopter en secret la foi [hoodoo.GetName];Heimlich zum [hoodoo.GetName] Glauben konvertieren;;Convertirse en secreto a la religión [hoodoo.GetName];;;;;;;;;x
secretly_convert_to_hoodoo_holy_site_desc;The §Y[hoodoo.GetName]§! pilgrims that flock to the holy site in §Y[Root.Location.GetName]§! impress me with the depth and passion of their faith. I am tempted to convert in secrecy...;Les pèlerins §Y[hoodoo.GetName]§! qui affluent vers le site saint en §Y[Root.Location.GetName]§! m'impressionnent avec la profondeur et la passion de leur foi. Je suis tenté[Root.Get_E] de me convertir en secret...;Die §Y[hoodoo.GetName]istischen§! Pilger in §Y[Root.Location.GetName]§! beeindrucken mich durch die Tiefe und die Leidenschaft ihres Glaubens. Ich bin versucht, heimlich zu konvertieren ...;;Los peregrinos §Y[hoodoo.GetName]§! que acuden en masa al lugar sagrado en §Y[Root.Location.GetName]§! me impresionan con la profundidad y la pasión de su fe. Me tienta convertirme en secreto...;;;;;;;;;x

secret_religious_society_islamity;[GetReligiousCommunityName_islamity];[GetReligiousCommunityName_islamity];[GetReligiousCommunityName_islamity];;[GetReligiousCommunityName_islamity];;;;;;;;;x
secret_religious_society_islamity_desc;[GetReligiousSocietyDesc_islamity];[GetReligiousSocietyDesc_islamity];[GetReligiousSocietyDesc_islamity];;[GetReligiousSocietyDesc_islamity];;;;;;;;;x
secret_religious_society_islamity_currency;Devotion;Dévotion;Hingabe;;Devoción;;;;;;;;;x
secret_religious_society_islamity_leader_desc;[GetSocietyLeaderDesc];[GetSocietyLeaderDesc];[GetSocietyLeaderDesc];;[GetSocietyLeaderDesc];;;;;;;;;x
alt_start_community_name_islamity;The [islamity.GetName] Faithful;Fidèles [islamity.GetName]s;Die [islamity.GetName]en Gläubigen;;Creyentes [islamity.GetName]s;;;;;;;;;x
secretly_convert_to_islamity_holy_site;Secretly Convert to [islamity.GetName];Adopter en secret la foi [islamity.GetName];Heimlich zum [islamity.GetName] Glauben konvertieren;;Convertirse en secreto a la religión [islamity.GetName];;;;;;;;;x
secretly_convert_to_islamity_holy_site_desc;The §Y[islamity.GetName]§! pilgrims that flock to the holy site in §Y[Root.Location.GetName]§! impress me with the depth and passion of their faith. I am tempted to convert in secrecy...;Les pèlerins §Y[islamity.GetName]§! qui affluent vers le site saint en §Y[Root.Location.GetName]§! m'impressionnent avec la profondeur et la passion de leur foi. Je suis tenté[Root.Get_E] de me convertir en secret...;Die §Y[islamity.GetName]istischen§! Pilger in §Y[Root.Location.GetName]§! beeindrucken mich durch die Tiefe und die Leidenschaft ihres Glaubens. Ich bin versucht, heimlich zu konvertieren ...;;Los peregrinos §Y[islamity.GetName]§! que acuden en masa al lugar sagrado en §Y[Root.Location.GetName]§! me impresionan con la profundidad y la pasión de su fe. Me tienta convertirme en secreto...;;;;;;;;;x

secret_religious_society_bahai;[GetReligiousCommunityName_bahai];[GetReligiousCommunityName_bahai];[GetReligiousCommunityName_bahai];;[GetReligiousCommunityName_bahai];;;;;;;;;x
secret_religious_society_bahai_desc;[GetReligiousSocietyDesc_bahai];[GetReligiousSocietyDesc_bahai];[GetReligiousSocietyDesc_bahai];;[GetReligiousSocietyDesc_bahai];;;;;;;;;x
secret_religious_society_bahai_currency;Devotion;Dévotion;Hingabe;;Devoción;;;;;;;;;x
secret_religious_society_bahai_leader_desc;[GetSocietyLeaderDesc];[GetSocietyLeaderDesc];[GetSocietyLeaderDesc];;[GetSocietyLeaderDesc];;;;;;;;;x
alt_start_community_name_bahai;The [bahai.GetName] Faithful;Fidèles [bahai.GetName]s;Die [bahai.GetName]en Gläubigen;;Creyentes [bahai.GetName]s;;;;;;;;;x
secretly_convert_to_bahai_holy_site;Secretly Convert to [bahai.GetName];Adopter en secret la foi [bahai.GetName];Heimlich zum [bahai.GetName] Glauben konvertieren;;Convertirse en secreto a la religión [bahai.GetName];;;;;;;;;x
secretly_convert_to_bahai_holy_site_desc;The §Y[bahai.GetName]§! pilgrims that flock to the holy site in §Y[Root.Location.GetName]§! impress me with the depth and passion of their faith. I am tempted to convert in secrecy...;Les pèlerins §Y[bahai.GetName]§! qui affluent vers le site saint en §Y[Root.Location.GetName]§! m'impressionnent avec la profondeur et la passion de leur foi. Je suis tenté[Root.Get_E] de me convertir en secret...;Die §Y[bahai.GetName]istischen§! Pilger in §Y[Root.Location.GetName]§! beeindrucken mich durch die Tiefe und die Leidenschaft ihres Glaubens. Ich bin versucht, heimlich zu konvertieren ...;;Los peregrinos §Y[bahai.GetName]§! que acuden en masa al lugar sagrado en §Y[Root.Location.GetName]§! me impresionan con la profundidad y la pasión de su fe. Me tienta convertirme en secreto...;;;;;;;;;x

secret_religious_society_zoroastrian;[GetReligiousCommunityName_zoroastrian];[GetReligiousCommunityName_zoroastrian];[GetReligiousCommunityName_zoroastrian];;[GetReligiousCommunityName_zoroastrian];;;;;;;;;x
secret_religious_society_zoroastrian_desc;[GetReligiousSocietyDesc_zoroastrian];[GetReligiousSocietyDesc_zoroastrian];[GetReligiousSocietyDesc_zoroastrian];;[GetReligiousSocietyDesc_zoroastrian];;;;;;;;;x
secret_religious_society_zoroastrian_currency;Devotion;Dévotion;Hingabe;;Devoción;;;;;;;;;x
secret_religious_society_zoroastrian_leader_desc;[GetSocietyLeaderDesc];[GetSocietyLeaderDesc];[GetSocietyLeaderDesc];;[GetSocietyLeaderDesc];;;;;;;;;x
alt_start_community_name_zoroastrian;The [zoroastrian.GetName] Faithful;Fidèles [zoroastrian.GetName]s;Die [zoroastrian.GetName]en Gläubigen;;Creyentes [zoroastrian.GetName]s;;;;;;;;;x
secretly_convert_to_zoroastrian_holy_site;Secretly Convert to [zoroastrian.GetName];Adopter en secret la foi [zoroastrian.GetName];Heimlich zum [zoroastrian.GetName] Glauben konvertieren;;Convertirse en secreto a la religión [zoroastrian.GetName];;;;;;;;;x
secretly_convert_to_zoroastrian_holy_site_desc;The §Y[zoroastrian.GetName]§! pilgrims that flock to the holy site in §Y[Root.Location.GetName]§! impress me with the depth and passion of their faith. I am tempted to convert in secrecy...;Les pèlerins §Y[zoroastrian.GetName]§! qui affluent vers le site saint en §Y[Root.Location.GetName]§! m'impressionnent avec la profondeur et la passion de leur foi. Je suis tenté[Root.Get_E] de me convertir en secret...;Die §Y[zoroastrian.GetName]istischen§! Pilger in §Y[Root.Location.GetName]§! beeindrucken mich durch die Tiefe und die Leidenschaft ihres Glaubens. Ich bin versucht, heimlich zu konvertieren ...;;Los peregrinos §Y[zoroastrian.GetName]§! que acuden en masa al lugar sagrado en §Y[Root.Location.GetName]§! me impresionan con la profundidad y la pasión de su fe. Me tienta convertirme en secreto...;;;;;;;;;x

secret_religious_society_amaitist;[GetReligiousCommunityName_amaitist];[GetReligiousCommunityName_amaitist];[GetReligiousCommunityName_amaitist];;[GetReligiousCommunityName_amaitist];;;;;;;;;x
secret_religious_society_amaitist_desc;[GetReligiousSocietyDesc_amaitist];[GetReligiousSocietyDesc_amaitist];[GetReligiousSocietyDesc_amaitist];;[GetReligiousSocietyDesc_amaitist];;;;;;;;;x
secret_religious_society_amaitist_currency;Devotion;Dévotion;Hingabe;;Devoción;;;;;;;;;x
secret_religious_society_amaitist_leader_desc;[GetSocietyLeaderDesc];[GetSocietyLeaderDesc];[GetSocietyLeaderDesc];;[GetSocietyLeaderDesc];;;;;;;;;x
alt_start_community_name_amaitist;The [amaitist.GetName] Faithful;Fidèles [amaitist.GetName]s;Die [amaitist.GetName]en Gläubigen;;Creyentes [amaitist.GetName]s;;;;;;;;;x
secretly_convert_to_amaitist_holy_site;Secretly Convert to [amaitist.GetName];Adopter en secret la foi [amaitist.GetName];Heimlich zum [amaitist.GetName] Glauben konvertieren;;Convertirse en secreto a la religión [amaitist.GetName];;;;;;;;;x
secretly_convert_to_amaitist_holy_site_desc;The §Y[amaitist.GetName]§! pilgrims that flock to the holy site in §Y[Root.Location.GetName]§! impress me with the depth and passion of their faith. I am tempted to convert in secrecy...;Les pèlerins §Y[amaitist.GetName]§! qui affluent vers le site saint en §Y[Root.Location.GetName]§! m'impressionnent avec la profondeur et la passion de leur foi. Je suis tenté[Root.Get_E] de me convertir en secret...;Die §Y[amaitist.GetName]istischen§! Pilger in §Y[Root.Location.GetName]§! beeindrucken mich durch die Tiefe und die Leidenschaft ihres Glaubens. Ich bin versucht, heimlich zu konvertieren ...;;Los peregrinos §Y[amaitist.GetName]§! que acuden en masa al lugar sagrado en §Y[Root.Location.GetName]§! me impresionan con la profundidad y la pasión de su fe. Me tienta convertirme en secreto...;;;;;;;;;x

secret_religious_society_neo_zorvanite;[GetReligiousCommunityName_neo_zorvanite];[GetReligiousCommunityName_neo_zorvanite];[GetReligiousCommunityName_neo_zorvanite];;[GetReligiousCommunityName_neo_zorvanite];;;;;;;;;x
secret_religious_society_neo_zorvanite_desc;[GetReligiousSocietyDesc_neo_zorvanite];[GetReligiousSocietyDesc_neo_zorvanite];[GetReligiousSocietyDesc_neo_zorvanite];;[GetReligiousSocietyDesc_neo_zorvanite];;;;;;;;;x
secret_religious_society_neo_zorvanite_currency;Devotion;Dévotion;Hingabe;;Devoción;;;;;;;;;x
secret_religious_society_neo_zorvanite_leader_desc;[GetSocietyLeaderDesc];[GetSocietyLeaderDesc];[GetSocietyLeaderDesc];;[GetSocietyLeaderDesc];;;;;;;;;x
alt_start_community_name_neo_zorvanite;The [neo_zorvanite.GetName] Faithful;Fidèles [neo_zorvanite.GetName]s;Die [neo_zorvanite.GetName]en Gläubigen;;Creyentes [neo_zorvanite.GetName]s;;;;;;;;;x
secretly_convert_to_neo_zorvanite_holy_site;Secretly Convert to [neo_zorvanite.GetName];Adopter en secret la foi [neo_zorvanite.GetName];Heimlich zum [neo_zorvanite.GetName] Glauben konvertieren;;Convertirse en secreto a la religión [neo_zorvanite.GetName];;;;;;;;;x
secretly_convert_to_neo_zorvanite_holy_site_desc;The §Y[neo_zorvanite.GetName]§! pilgrims that flock to the holy site in §Y[Root.Location.GetName]§! impress me with the depth and passion of their faith. I am tempted to convert in secrecy...;Les pèlerins §Y[neo_zorvanite.GetName]§! qui affluent vers le site saint en §Y[Root.Location.GetName]§! m'impressionnent avec la profondeur et la passion de leur foi. Je suis tenté[Root.Get_E] de me convertir en secret...;Die §Y[neo_zorvanite.GetName]istischen§! Pilger in §Y[Root.Location.GetName]§! beeindrucken mich durch die Tiefe und die Leidenschaft ihres Glaubens. Ich bin versucht, heimlich zu konvertieren ...;;Los peregrinos §Y[neo_zorvanite.GetName]§! que acuden en masa al lugar sagrado en §Y[Root.Location.GetName]§! me impresionan con la profundidad y la pasión de su fe. Me tienta convertirme en secreto...;;;;;;;;;x